id_artigo,Secao,Substantivo,Nome Próprio,Verbo,Adjetivo,Advérbio,Conectivo,Preposição,Outros,Total_Citacoes
001 artigo DESENVOLVIMENTO DE BOLO SABOR GRA VIOLA A V ALIACAO SENSORIAL,Introdução,78,4,25,23,7,1,2,86,2
001 artigo DESENVOLVIMENTO DE BOLO SABOR GRA VIOLA A V ALIACAO SENSORIAL,Materiais e Métodos,58,3,8,11,12,0,3,69,0
001 artigo DESENVOLVIMENTO DE BOLO SABOR GRA VIOLA A V ALIACAO SENSORIAL,Resultados e Discussão,68,5,32,20,8,2,3,73,5
001 artigo DESENVOLVIMENTO DE BOLO SABOR GRA VIOLA A V ALIACAO SENSORIAL,Conclusão,9,0,6,4,3,0,0,18,0
001 artigo DESENVOLVIMENTO DE BOLO SABOR GRA VIOLA A V ALIACAO SENSORIAL,Agradecimentos,0,0,0,0,0,0,0,0,0
001 artigo DESENVOLVIMENTO DE BOLO SABOR GRA VIOLA A V ALIACAO SENSORIAL,Referências,101,14,2,23,0,0,2,84,0
002 artigo TOMOGRAFIA COMPUTADORIZADA COMO ALIADA DO DIAGNOSTICO E,Introdução,34,2,5,7,5,0,1,50,2
002 artigo TOMOGRAFIA COMPUTADORIZADA COMO ALIADA DO DIAGNOSTICO E,Materiais e Métodos,22,0,5,3,1,0,0,41,0
002 artigo TOMOGRAFIA COMPUTADORIZADA COMO ALIADA DO DIAGNOSTICO E,Resultados e Discussão,65,2,17,22,10,0,3,120,5
002 artigo TOMOGRAFIA COMPUTADORIZADA COMO ALIADA DO DIAGNOSTICO E,Conclusão,22,1,7,7,3,1,0,37,1
002 artigo TOMOGRAFIA COMPUTADORIZADA COMO ALIADA DO DIAGNOSTICO E,Agradecimentos,0,0,0,0,0,0,0,0,0
002 artigo TOMOGRAFIA COMPUTADORIZADA COMO ALIADA DO DIAGNOSTICO E,Referências,37,3,1,5,1,0,0,73,0
003 artigo AVALIACAO DA ADAPTACAO DA ROTINA DE PORTADORES DE DIABETES,Introdução,60,1,29,14,3,1,5,78,5
003 artigo AVALIACAO DA ADAPTACAO DA ROTINA DE PORTADORES DE DIABETES,Materiais e Métodos,17,0,10,4,4,0,1,30,0
003 artigo AVALIACAO DA ADAPTACAO DA ROTINA DE PORTADORES DE DIABETES,Resultados e Discussão,49,0,34,12,12,2,6,67,0
003 artigo AVALIACAO DA ADAPTACAO DA ROTINA DE PORTADORES DE DIABETES,Conclusão,26,0,12,9,6,2,2,23,0
003 artigo AVALIACAO DA ADAPTACAO DA ROTINA DE PORTADORES DE DIABETES,Agradecimentos,0,0,0,0,0,0,0,0,0
003 artigo AVALIACAO DA ADAPTACAO DA ROTINA DE PORTADORES DE DIABETES,Referências,56,1,3,13,0,0,0,46,3
004 artigo REVESTIMENTO COMESTIVEL A BASE DE GELATINA E OLEO ESSENCIAL DE,Introdução,53,2,16,13,2,4,3,64,5
004 artigo REVESTIMENTO COMESTIVEL A BASE DE GELATINA E OLEO ESSENCIAL DE,Materiais e Métodos,62,2,5,13,4,0,8,101,2
004 artigo REVESTIMENTO COMESTIVEL A BASE DE GELATINA E OLEO ESSENCIAL DE,Resultados e Discussão,28,0,13,16,2,1,3,69,3
004 artigo REVESTIMENTO COMESTIVEL A BASE DE GELATINA E OLEO ESSENCIAL DE,Conclusão,6,0,3,3,2,0,1,10,0
004 artigo REVESTIMENTO COMESTIVEL A BASE DE GELATINA E OLEO ESSENCIAL DE,Agradecimentos,9,0,0,4,0,0,0,12,0
004 artigo REVESTIMENTO COMESTIVEL A BASE DE GELATINA E OLEO ESSENCIAL DE,Referências,378,32,31,97,14,3,12,646,11
005 artigo HELMINTOZOONOSES E PROTOZOONOSES EM CAES ERRANTES EM SALINAS,Introdução,40,3,18,12,7,1,1,61,3
005 artigo HELMINTOZOONOSES E PROTOZOONOSES EM CAES ERRANTES EM SALINAS,Materiais e Métodos,54,1,12,12,5,0,6,191,2
005 artigo HELMINTOZOONOSES E PROTOZOONOSES EM CAES ERRANTES EM SALINAS,Resultados e Discussão,42,4,23,16,11,0,2,128,3
005 artigo HELMINTOZOONOSES E PROTOZOONOSES EM CAES ERRANTES EM SALINAS,Conclusão,4,0,1,2,0,0,0,6,0
005 artigo HELMINTOZOONOSES E PROTOZOONOSES EM CAES ERRANTES EM SALINAS,Agradecimentos,0,0,0,0,0,0,0,0,0
005 artigo HELMINTOZOONOSES E PROTOZOONOSES EM CAES ERRANTES EM SALINAS,Referências,43,18,2,10,0,0,1,148,1
006 artigo EFEITO DAS HORAS DE ARMAZENAMENTO SOBRE A VIABILIDADE,Introdução,36,2,12,6,7,1,1,47,2
006 artigo EFEITO DAS HORAS DE ARMAZENAMENTO SOBRE A VIABILIDADE,Materiais e Métodos,34,2,4,7,7,0,0,85,1
006 artigo EFEITO DAS HORAS DE ARMAZENAMENTO SOBRE A VIABILIDADE,Resultados e Discussão,67,7,18,21,6,2,4,87,0
006 artigo EFEITO DAS HORAS DE ARMAZENAMENTO SOBRE A VIABILIDADE,Conclusão,13,0,5,1,2,1,0,16,0
006 artigo EFEITO DAS HORAS DE ARMAZENAMENTO SOBRE A VIABILIDADE,Agradecimentos,0,0,0,0,0,0,0,0,0
006 artigo EFEITO DAS HORAS DE ARMAZENAMENTO SOBRE A VIABILIDADE,Referências,43,9,4,9,0,0,2,83,0
007 artigo SABERES SOBRE OS POVOS ORIGINARIOS DO V ALE DO JEQUITINHONHA E,Introdução,51,0,16,6,2,0,7,90,0
007 artigo SABERES SOBRE OS POVOS ORIGINARIOS DO V ALE DO JEQUITINHONHA E,Materiais e Métodos,26,0,9,6,2,0,3,44,5
007 artigo SABERES SOBRE OS POVOS ORIGINARIOS DO V ALE DO JEQUITINHONHA E,Resultados e Discussão,165,2,84,28,27,1,30,192,2
007 artigo SABERES SOBRE OS POVOS ORIGINARIOS DO V ALE DO JEQUITINHONHA E,Conclusão,23,0,12,0,0,0,3,24,0
007 artigo SABERES SOBRE OS POVOS ORIGINARIOS DO V ALE DO JEQUITINHONHA E,Agradecimentos,22,0,1,3,3,0,0,21,0
007 artigo SABERES SOBRE OS POVOS ORIGINARIOS DO V ALE DO JEQUITINHONHA E,Referências,31,0,0,5,0,0,2,48,0
008 artigo AVALIACAO FISIOLOGICA DE MUDAS DE UM CLONE HIBRIDO DE Eucalyptus,Introdução,87,3,24,18,15,3,0,121,5
008 artigo AVALIACAO FISIOLOGICA DE MUDAS DE UM CLONE HIBRIDO DE Eucalyptus,Materiais e Métodos,66,0,7,11,3,0,1,66,1
008 artigo AVALIACAO FISIOLOGICA DE MUDAS DE UM CLONE HIBRIDO DE Eucalyptus,Resultados e Discussão,57,0,13,11,5,0,0,73,1
008 artigo AVALIACAO FISIOLOGICA DE MUDAS DE UM CLONE HIBRIDO DE Eucalyptus,Conclusão,12,0,6,2,2,0,0,18,0
008 artigo AVALIACAO FISIOLOGICA DE MUDAS DE UM CLONE HIBRIDO DE Eucalyptus,Agradecimentos,3,0,0,0,0,0,0,4,0
008 artigo AVALIACAO FISIOLOGICA DE MUDAS DE UM CLONE HIBRIDO DE Eucalyptus,Referências,49,17,2,4,1,0,0,115,0
009 artigo ATIVIDADES EXPERIMENTAIS DE FISICA DE FACIL MONTAGEM BOM MANUSEIO,Introdução,82,0,24,18,8,0,6,64,0
009 artigo ATIVIDADES EXPERIMENTAIS DE FISICA DE FACIL MONTAGEM BOM MANUSEIO,Materiais e Métodos,61,0,2,5,1,0,1,68,0
009 artigo ATIVIDADES EXPERIMENTAIS DE FISICA DE FACIL MONTAGEM BOM MANUSEIO,Resultados e Discussão,79,0,30,5,4,1,2,62,0
009 artigo ATIVIDADES EXPERIMENTAIS DE FISICA DE FACIL MONTAGEM BOM MANUSEIO,Conclusão,41,0,8,4,2,2,0,35,0
009 artigo ATIVIDADES EXPERIMENTAIS DE FISICA DE FACIL MONTAGEM BOM MANUSEIO,Agradecimentos,10,0,4,4,1,0,0,17,0
009 artigo ATIVIDADES EXPERIMENTAIS DE FISICA DE FACIL MONTAGEM BOM MANUSEIO,Referências,28,0,0,7,0,0,4,37,1
010 artigo PERFIS EMPRESARIAIS E ESTRUTURAS V ALORATIV AS UMA COMPARACAO,Introdução,44,2,16,17,6,4,1,57,1
010 artigo PERFIS EMPRESARIAIS E ESTRUTURAS V ALORATIV AS UMA COMPARACAO,Materiais e Métodos,115,4,43,27,10,0,4,132,2
010 artigo PERFIS EMPRESARIAIS E ESTRUTURAS V ALORATIV AS UMA COMPARACAO,Resultados e Discussão,142,4,52,33,14,1,6,166,2
010 artigo PERFIS EMPRESARIAIS E ESTRUTURAS V ALORATIV AS UMA COMPARACAO,Conclusão,23,0,7,9,4,0,3,35,0
010 artigo PERFIS EMPRESARIAIS E ESTRUTURAS V ALORATIV AS UMA COMPARACAO,Agradecimentos,11,0,0,4,0,0,0,4,0
010 artigo PERFIS EMPRESARIAIS E ESTRUTURAS V ALORATIV AS UMA COMPARACAO,Referências,25,12,3,5,0,0,0,79,0
011 artigo IMPLEMENTACAO COMPUTACIONAL DE METODOS ITERATIVOS PARA A,Introdução,61,0,19,23,7,1,5,95,2
011 artigo IMPLEMENTACAO COMPUTACIONAL DE METODOS ITERATIVOS PARA A,Materiais e Métodos,42,0,24,34,3,0,8,126,2
011 artigo IMPLEMENTACAO COMPUTACIONAL DE METODOS ITERATIVOS PARA A,Resultados e Discussão,30,1,19,6,5,6,1,106,0
011 artigo IMPLEMENTACAO COMPUTACIONAL DE METODOS ITERATIVOS PARA A,Conclusão,10,0,9,8,3,0,0,19,0
011 artigo IMPLEMENTACAO COMPUTACIONAL DE METODOS ITERATIVOS PARA A,Agradecimentos,3,0,0,1,0,0,0,3,0
011 artigo IMPLEMENTACAO COMPUTACIONAL DE METODOS ITERATIVOS PARA A,Referências,9,2,0,4,0,0,0,27,1
012 artigo ESTUDO INVESTIGATIVO DA PSICOLOGIA DA APRENDIZAGEM APLICADA AO,Introdução,80,2,41,22,6,0,7,113,1
012 artigo ESTUDO INVESTIGATIVO DA PSICOLOGIA DA APRENDIZAGEM APLICADA AO,Materiais e Métodos,51,0,11,2,1,0,2,53,0
012 artigo ESTUDO INVESTIGATIVO DA PSICOLOGIA DA APRENDIZAGEM APLICADA AO,Resultados e Discussão,163,0,41,21,8,1,14,195,0
012 artigo ESTUDO INVESTIGATIVO DA PSICOLOGIA DA APRENDIZAGEM APLICADA AO,Conclusão,39,0,9,9,5,1,5,46,0
012 artigo ESTUDO INVESTIGATIVO DA PSICOLOGIA DA APRENDIZAGEM APLICADA AO,Agradecimentos,5,0,1,1,0,0,0,4,0
012 artigo ESTUDO INVESTIGATIVO DA PSICOLOGIA DA APRENDIZAGEM APLICADA AO,Referências,42,1,0,7,0,0,0,55,0
013 artigo ZONEAMENTO EDAFOCLIMATICO PARA IMPLANTACAO DE ESPECIES,Introdução,18,0,14,13,2,1,1,27,0
013 artigo ZONEAMENTO EDAFOCLIMATICO PARA IMPLANTACAO DE ESPECIES,Materiais e Métodos,57,3,15,18,3,0,2,146,5
013 artigo ZONEAMENTO EDAFOCLIMATICO PARA IMPLANTACAO DE ESPECIES,Resultados e Discussão,28,1,21,11,8,1,1,49,2
013 artigo ZONEAMENTO EDAFOCLIMATICO PARA IMPLANTACAO DE ESPECIES,Conclusão,11,0,8,5,2,1,2,15,0
013 artigo ZONEAMENTO EDAFOCLIMATICO PARA IMPLANTACAO DE ESPECIES,Agradecimentos,2,0,0,0,0,0,0,4,0
013 artigo ZONEAMENTO EDAFOCLIMATICO PARA IMPLANTACAO DE ESPECIES,Referências,68,6,4,21,0,0,0,111,0
014 artigo EFEITOS DA GINASTICA LABORAL NA FLEXIBILIDADE DO TRABALHADOR,Introdução,66,1,15,11,8,1,4,67,5
014 artigo EFEITOS DA GINASTICA LABORAL NA FLEXIBILIDADE DO TRABALHADOR,Materiais e Métodos,58,0,12,6,5,0,3,80,2
014 artigo EFEITOS DA GINASTICA LABORAL NA FLEXIBILIDADE DO TRABALHADOR,Resultados e Discussão,62,2,18,12,8,0,1,68,3
014 artigo EFEITOS DA GINASTICA LABORAL NA FLEXIBILIDADE DO TRABALHADOR,Conclusão,18,0,5,3,0,3,1,33,0
014 artigo EFEITOS DA GINASTICA LABORAL NA FLEXIBILIDADE DO TRABALHADOR,Agradecimentos,0,0,0,0,0,0,0,0,0
014 artigo EFEITOS DA GINASTICA LABORAL NA FLEXIBILIDADE DO TRABALHADOR,Referências,182,6,46,29,9,3,4,249,6
015 artigo A INFLUENCIA DA NATACAO NO DESENVOLVIMENTO MOTOR EM CRIANCAS,Introdução,35,0,21,20,3,1,3,77,3
015 artigo A INFLUENCIA DA NATACAO NO DESENVOLVIMENTO MOTOR EM CRIANCAS,Materiais e Métodos,6,0,2,0,0,0,0,4,0
015 artigo A INFLUENCIA DA NATACAO NO DESENVOLVIMENTO MOTOR EM CRIANCAS,Resultados e Discussão,74,1,39,33,7,5,4,94,5
015 artigo A INFLUENCIA DA NATACAO NO DESENVOLVIMENTO MOTOR EM CRIANCAS,Conclusão,143,1,57,43,12,6,7,187,5
015 artigo A INFLUENCIA DA NATACAO NO DESENVOLVIMENTO MOTOR EM CRIANCAS,Agradecimentos,0,0,0,0,0,0,0,0,0
015 artigo A INFLUENCIA DA NATACAO NO DESENVOLVIMENTO MOTOR EM CRIANCAS,Referências,52,10,3,4,1,0,0,93,0
016 artigo ELABORACAO DE UM PROTOCOLO DE MAPEAMENTO SISTEMATICO PARA,Introdução,25,0,6,7,2,0,0,20,0
016 artigo ELABORACAO DE UM PROTOCOLO DE MAPEAMENTO SISTEMATICO PARA,Materiais e Métodos,0,0,0,0,0,0,0,0,0
016 artigo ELABORACAO DE UM PROTOCOLO DE MAPEAMENTO SISTEMATICO PARA,Resultados e Discussão,133,2,30,26,8,2,8,164,2
016 artigo ELABORACAO DE UM PROTOCOLO DE MAPEAMENTO SISTEMATICO PARA,Conclusão,22,0,10,2,1,0,0,29,0
016 artigo ELABORACAO DE UM PROTOCOLO DE MAPEAMENTO SISTEMATICO PARA,Agradecimentos,4,0,0,1,0,0,0,5,0
016 artigo ELABORACAO DE UM PROTOCOLO DE MAPEAMENTO SISTEMATICO PARA,Referências,76,5,2,18,0,0,1,87,1
017 artigo TENHO UMA FOTO PRA TE CONTAR SABERES POPULARES SOBRE FEITURAS NO,Introdução,43,0,25,10,3,2,3,48,1
017 artigo TENHO UMA FOTO PRA TE CONTAR SABERES POPULARES SOBRE FEITURAS NO,Materiais e Métodos,73,1,18,7,4,1,4,58,1
017 artigo TENHO UMA FOTO PRA TE CONTAR SABERES POPULARES SOBRE FEITURAS NO,Resultados e Discussão,140,1,99,35,14,1,10,168,1
017 artigo TENHO UMA FOTO PRA TE CONTAR SABERES POPULARES SOBRE FEITURAS NO,Conclusão,8,0,7,2,0,0,1,23,0
017 artigo TENHO UMA FOTO PRA TE CONTAR SABERES POPULARES SOBRE FEITURAS NO,Agradecimentos,10,0,0,0,0,0,1,11,0
017 artigo TENHO UMA FOTO PRA TE CONTAR SABERES POPULARES SOBRE FEITURAS NO,Referências,50,1,7,5,1,0,1,60,1
018 artigo ELABORACAO CARACTERIZACAO QUIMICA E MICROBIOLOGICA DE BLENDS A,Introdução,69,1,20,22,6,2,3,84,4
018 artigo ELABORACAO CARACTERIZACAO QUIMICA E MICROBIOLOGICA DE BLENDS A,Materiais e Métodos,34,1,2,5,3,1,1,90,2
018 artigo ELABORACAO CARACTERIZACAO QUIMICA E MICROBIOLOGICA DE BLENDS A,Resultados e Discussão,42,0,21,12,5,1,4,61,1
018 artigo ELABORACAO CARACTERIZACAO QUIMICA E MICROBIOLOGICA DE BLENDS A,Conclusão,8,0,4,3,0,1,0,9,0
018 artigo ELABORACAO CARACTERIZACAO QUIMICA E MICROBIOLOGICA DE BLENDS A,Agradecimentos,0,0,0,0,0,0,0,0,0
018 artigo ELABORACAO CARACTERIZACAO QUIMICA E MICROBIOLOGICA DE BLENDS A,Referências,79,3,3,26,0,0,0,142,0
019 artigo DESAFIOS E POSSIBILIDADES NA PROMOCAO E PERMANENCIA DE PERIODICOS,Introdução,41,0,18,11,0,1,1,52,0
019 artigo DESAFIOS E POSSIBILIDADES NA PROMOCAO E PERMANENCIA DE PERIODICOS,Materiais e Métodos,22,0,12,5,2,0,4,30,0
019 artigo DESAFIOS E POSSIBILIDADES NA PROMOCAO E PERMANENCIA DE PERIODICOS,Resultados e Discussão,154,3,71,37,18,6,4,310,5
019 artigo DESAFIOS E POSSIBILIDADES NA PROMOCAO E PERMANENCIA DE PERIODICOS,Conclusão,26,0,14,7,2,0,1,61,0
019 artigo DESAFIOS E POSSIBILIDADES NA PROMOCAO E PERMANENCIA DE PERIODICOS,Agradecimentos,4,0,0,1,0,0,0,9,0
019 artigo DESAFIOS E POSSIBILIDADES NA PROMOCAO E PERMANENCIA DE PERIODICOS,Referências,27,1,0,6,0,0,1,51,1
020 artigo EM DIRECAO A CARACTERIZACAO DE TECNOLOGIAS IMERSIV AS COMO APOIO,Introdução,26,1,6,7,1,1,0,33,1
020 artigo EM DIRECAO A CARACTERIZACAO DE TECNOLOGIAS IMERSIV AS COMO APOIO,Materiais e Métodos,0,0,0,0,0,0,0,0,0
020 artigo EM DIRECAO A CARACTERIZACAO DE TECNOLOGIAS IMERSIV AS COMO APOIO,Resultados e Discussão,122,23,40,15,6,3,0,190,1
020 artigo EM DIRECAO A CARACTERIZACAO DE TECNOLOGIAS IMERSIV AS COMO APOIO,Conclusão,18,0,6,5,1,1,0,12,0
020 artigo EM DIRECAO A CARACTERIZACAO DE TECNOLOGIAS IMERSIV AS COMO APOIO,Agradecimentos,4,0,0,1,0,0,0,5,0
020 artigo EM DIRECAO A CARACTERIZACAO DE TECNOLOGIAS IMERSIV AS COMO APOIO,Referências,42,57,2,19,0,0,0,174,1
021 artigo O POTENCIAL DO TURISMO LITERARIO NO V ALE DO URUCUIA VIAGEM AO,Introdução,98,0,38,24,7,0,5,120,0
021 artigo O POTENCIAL DO TURISMO LITERARIO NO V ALE DO URUCUIA VIAGEM AO,Materiais e Métodos,31,0,6,7,2,0,0,46,0
021 artigo O POTENCIAL DO TURISMO LITERARIO NO V ALE DO URUCUIA VIAGEM AO,Resultados e Discussão,20,0,6,4,0,0,0,21,0
021 artigo O POTENCIAL DO TURISMO LITERARIO NO V ALE DO URUCUIA VIAGEM AO,Conclusão,22,0,9,11,3,1,0,20,0
021 artigo O POTENCIAL DO TURISMO LITERARIO NO V ALE DO URUCUIA VIAGEM AO,Agradecimentos,7,0,0,2,0,0,0,11,0
021 artigo O POTENCIAL DO TURISMO LITERARIO NO V ALE DO URUCUIA VIAGEM AO,Referências,246,2,69,63,14,2,6,328,0
022 artigo SAUDE MENTAL EM TEMPOS DE PANDEMIA REVISAO DA LITERATURA,Introdução,49,5,7,19,2,1,7,81,6
022 artigo SAUDE MENTAL EM TEMPOS DE PANDEMIA REVISAO DA LITERATURA,Materiais e Métodos,22,1,1,1,0,1,1,39,0
022 artigo SAUDE MENTAL EM TEMPOS DE PANDEMIA REVISAO DA LITERATURA,Resultados e Discussão,74,1,13,20,3,2,1,74,0
022 artigo SAUDE MENTAL EM TEMPOS DE PANDEMIA REVISAO DA LITERATURA,Conclusão,28,0,12,10,2,0,6,39,0
022 artigo SAUDE MENTAL EM TEMPOS DE PANDEMIA REVISAO DA LITERATURA,Agradecimentos,0,0,0,0,0,0,0,0,0
022 artigo SAUDE MENTAL EM TEMPOS DE PANDEMIA REVISAO DA LITERATURA,Referências,77,40,1,23,0,0,6,197,0
023 artigo ANALISE DE LIVROS DIDATICOS DE MATEMATICA SOB A LUZ DOS,Introdução,102,0,51,21,9,3,6,143,3
023 artigo ANALISE DE LIVROS DIDATICOS DE MATEMATICA SOB A LUZ DOS,Materiais e Métodos,23,1,6,1,2,1,1,33,1
023 artigo ANALISE DE LIVROS DIDATICOS DE MATEMATICA SOB A LUZ DOS,Resultados e Discussão,43,0,17,4,6,0,0,81,0
023 artigo ANALISE DE LIVROS DIDATICOS DE MATEMATICA SOB A LUZ DOS,Conclusão,24,0,9,5,1,0,0,29,0
023 artigo ANALISE DE LIVROS DIDATICOS DE MATEMATICA SOB A LUZ DOS,Agradecimentos,0,0,0,0,0,0,0,0,0
023 artigo ANALISE DE LIVROS DIDATICOS DE MATEMATICA SOB A LUZ DOS,Referências,24,1,4,4,0,0,0,49,0
024 artigo IDENTIFICACAO DE ESPECIES DA FAMILIA CUCURBITACEAE,Introdução,41,4,11,19,10,0,2,113,7
024 artigo IDENTIFICACAO DE ESPECIES DA FAMILIA CUCURBITACEAE,Materiais e Métodos,38,0,1,7,2,0,2,58,0
024 artigo IDENTIFICACAO DE ESPECIES DA FAMILIA CUCURBITACEAE,Resultados e Discussão,21,2,10,8,7,1,0,92,3
024 artigo IDENTIFICACAO DE ESPECIES DA FAMILIA CUCURBITACEAE,Conclusão,6,0,5,0,1,0,0,28,0
024 artigo IDENTIFICACAO DE ESPECIES DA FAMILIA CUCURBITACEAE,Agradecimentos,0,0,0,0,0,0,0,0,0
024 artigo IDENTIFICACAO DE ESPECIES DA FAMILIA CUCURBITACEAE,Referências,56,7,0,13,0,0,0,78,0
025 artigo DA BAHIA-MINAS AO BAHIMINAS INVENTARIO DO PATRIMONIO CULTURAL DA,Introdução,76,0,23,31,12,0,4,127,2
025 artigo DA BAHIA-MINAS AO BAHIMINAS INVENTARIO DO PATRIMONIO CULTURAL DA,Materiais e Métodos,35,1,6,6,3,0,4,64,4
025 artigo DA BAHIA-MINAS AO BAHIMINAS INVENTARIO DO PATRIMONIO CULTURAL DA,Resultados e Discussão,66,0,11,15,7,0,8,138,0
025 artigo DA BAHIA-MINAS AO BAHIMINAS INVENTARIO DO PATRIMONIO CULTURAL DA,Conclusão,5,0,2,2,0,0,0,12,0
025 artigo DA BAHIA-MINAS AO BAHIMINAS INVENTARIO DO PATRIMONIO CULTURAL DA,Agradecimentos,9,0,0,2,0,0,0,12,0
025 artigo DA BAHIA-MINAS AO BAHIMINAS INVENTARIO DO PATRIMONIO CULTURAL DA,Referências,72,3,6,36,29,0,0,140,0
026 artigo CARACTERIZACAO FISIOLOGICA DA V ARIABILIDADE GENETICA DE SEMENTES,Introdução,58,2,14,19,3,0,1,39,3
026 artigo CARACTERIZACAO FISIOLOGICA DA V ARIABILIDADE GENETICA DE SEMENTES,Materiais e Métodos,51,1,5,15,1,1,2,56,1
026 artigo CARACTERIZACAO FISIOLOGICA DA V ARIABILIDADE GENETICA DE SEMENTES,Resultados e Discussão,120,4,32,43,12,4,10,190,7
026 artigo CARACTERIZACAO FISIOLOGICA DA V ARIABILIDADE GENETICA DE SEMENTES,Conclusão,3,0,0,1,0,0,0,6,0
026 artigo CARACTERIZACAO FISIOLOGICA DA V ARIABILIDADE GENETICA DE SEMENTES,Agradecimentos,9,0,0,3,0,0,0,13,0
026 artigo CARACTERIZACAO FISIOLOGICA DA V ARIABILIDADE GENETICA DE SEMENTES,Referências,49,8,1,12,2,0,0,116,1
027 artigo UTILIZANDO A LOGICAFUZZY PARA AUXILIAR NA PRESCRICAO DE PLANOS,Introdução,31,1,17,10,1,0,1,48,2
027 artigo UTILIZANDO A LOGICAFUZZY PARA AUXILIAR NA PRESCRICAO DE PLANOS,Materiais e Métodos,36,1,4,6,0,0,2,51,2
027 artigo UTILIZANDO A LOGICAFUZZY PARA AUXILIAR NA PRESCRICAO DE PLANOS,Resultados e Discussão,27,1,6,6,0,0,0,50,0
027 artigo UTILIZANDO A LOGICAFUZZY PARA AUXILIAR NA PRESCRICAO DE PLANOS,Conclusão,108,3,34,27,1,0,4,165,4
027 artigo UTILIZANDO A LOGICAFUZZY PARA AUXILIAR NA PRESCRICAO DE PLANOS,Agradecimentos,9,0,3,0,0,0,0,15,0
027 artigo UTILIZANDO A LOGICAFUZZY PARA AUXILIAR NA PRESCRICAO DE PLANOS,Referências,317,17,75,91,33,3,8,459,13
028 artigo DESEMPENHO AGRONOMICO DE GENOTIPOS DE MORANGUEIRO NAS,Introdução,55,2,17,20,3,2,2,66,3
028 artigo DESEMPENHO AGRONOMICO DE GENOTIPOS DE MORANGUEIRO NAS,Materiais e Métodos,99,1,17,27,5,1,3,136,2
028 artigo DESEMPENHO AGRONOMICO DE GENOTIPOS DE MORANGUEIRO NAS,Resultados e Discussão,66,4,20,19,8,1,1,67,4
028 artigo DESEMPENHO AGRONOMICO DE GENOTIPOS DE MORANGUEIRO NAS,Conclusão,7,0,4,3,0,1,0,8,0
028 artigo DESEMPENHO AGRONOMICO DE GENOTIPOS DE MORANGUEIRO NAS,Agradecimentos,3,0,0,3,0,0,0,2,0
028 artigo DESEMPENHO AGRONOMICO DE GENOTIPOS DE MORANGUEIRO NAS,Referências,59,3,2,17,1,0,1,93,1
029 artigo PREVISAO DA IRRADIACAO SOLAR USANDO DADOS DE ESTACOES,Introdução,69,2,14,28,4,1,8,78,5
029 artigo PREVISAO DA IRRADIACAO SOLAR USANDO DADOS DE ESTACOES,Materiais e Métodos,34,0,4,5,2,0,0,41,3
029 artigo PREVISAO DA IRRADIACAO SOLAR USANDO DADOS DE ESTACOES,Resultados e Discussão,152,0,42,34,8,0,2,202,6
029 artigo PREVISAO DA IRRADIACAO SOLAR USANDO DADOS DE ESTACOES,Conclusão,24,0,5,5,1,0,0,24,0
029 artigo PREVISAO DA IRRADIACAO SOLAR USANDO DADOS DE ESTACOES,Agradecimentos,2,0,0,0,0,0,0,4,0
029 artigo PREVISAO DA IRRADIACAO SOLAR USANDO DADOS DE ESTACOES,Referências,45,13,1,21,0,0,0,103,1
030 artigo TRATAMENTO CIRURGICO DE ACROBUSTITE EM TOURO NELORE E RETORNO A,Introdução,44,2,15,13,2,3,0,66,2
030 artigo TRATAMENTO CIRURGICO DE ACROBUSTITE EM TOURO NELORE E RETORNO A,Materiais e Métodos,80,2,14,22,9,0,6,161,1
030 artigo TRATAMENTO CIRURGICO DE ACROBUSTITE EM TOURO NELORE E RETORNO A,Resultados e Discussão,91,4,30,20,10,1,6,125,4
030 artigo TRATAMENTO CIRURGICO DE ACROBUSTITE EM TOURO NELORE E RETORNO A,Conclusão,7,0,3,4,0,0,0,7,0
030 artigo TRATAMENTO CIRURGICO DE ACROBUSTITE EM TOURO NELORE E RETORNO A,Agradecimentos,6,0,0,2,0,0,0,7,0
030 artigo TRATAMENTO CIRURGICO DE ACROBUSTITE EM TOURO NELORE E RETORNO A,Referências,42,5,2,7,0,0,1,84,0
031 artigo APLICACAO DO PROCESSO DE ELETROFLOCULACAO PARA O TRATAMENTO DE,Introdução,19,0,14,11,1,1,0,66,1
031 artigo APLICACAO DO PROCESSO DE ELETROFLOCULACAO PARA O TRATAMENTO DE,Materiais e Métodos,21,0,6,5,1,0,0,63,0
031 artigo APLICACAO DO PROCESSO DE ELETROFLOCULACAO PARA O TRATAMENTO DE,Resultados e Discussão,32,1,11,13,4,1,4,83,0
031 artigo APLICACAO DO PROCESSO DE ELETROFLOCULACAO PARA O TRATAMENTO DE,Conclusão,11,0,5,4,2,0,2,23,0
031 artigo APLICACAO DO PROCESSO DE ELETROFLOCULACAO PARA O TRATAMENTO DE,Agradecimentos,0,0,0,0,0,0,0,0,0
031 artigo APLICACAO DO PROCESSO DE ELETROFLOCULACAO PARA O TRATAMENTO DE,Referências,18,1,1,6,2,0,0,44,1
032 artigo PERCEPCOES DE COORDENADORES PEDAGOGICOS SOBRE AS A V ALIACOES DAS,Introdução,10,0,3,3,1,1,1,9,0
032 artigo PERCEPCOES DE COORDENADORES PEDAGOGICOS SOBRE AS A V ALIACOES DAS,Materiais e Métodos,28,0,2,7,5,0,0,27,1
032 artigo PERCEPCOES DE COORDENADORES PEDAGOGICOS SOBRE AS A V ALIACOES DAS,Resultados e Discussão,140,0,32,41,18,1,9,176,7
032 artigo PERCEPCOES DE COORDENADORES PEDAGOGICOS SOBRE AS A V ALIACOES DAS,Conclusão,90,0,40,26,9,4,4,129,3
032 artigo PERCEPCOES DE COORDENADORES PEDAGOGICOS SOBRE AS A V ALIACOES DAS,Agradecimentos,3,0,0,0,0,0,0,6,0
032 artigo PERCEPCOES DE COORDENADORES PEDAGOGICOS SOBRE AS A V ALIACOES DAS,Referências,40,1,2,12,0,0,2,91,0
033 artigo IDENTIFICACAO DE ESPECIES DA FAMILIA ANNONNACEAE PARA CONFECCAO,Introdução,28,3,5,5,3,1,2,55,4
033 artigo IDENTIFICACAO DE ESPECIES DA FAMILIA ANNONNACEAE PARA CONFECCAO,Materiais e Métodos,19,0,4,8,2,0,3,42,0
033 artigo IDENTIFICACAO DE ESPECIES DA FAMILIA ANNONNACEAE PARA CONFECCAO,Resultados e Discussão,113,2,23,51,6,0,1,257,11
033 artigo IDENTIFICACAO DE ESPECIES DA FAMILIA ANNONNACEAE PARA CONFECCAO,Conclusão,13,2,5,9,4,2,0,45,0
033 artigo IDENTIFICACAO DE ESPECIES DA FAMILIA ANNONNACEAE PARA CONFECCAO,Agradecimentos,0,0,0,0,0,0,0,0,0
033 artigo IDENTIFICACAO DE ESPECIES DA FAMILIA ANNONNACEAE PARA CONFECCAO,Referências,52,7,0,15,0,0,0,102,1
034 artigo COLETA E IDENTIFICACAO DE ESPECIES DA FAMILIA ANACARDIACEAE PARA,Introdução,25,3,11,5,3,0,0,56,2
034 artigo COLETA E IDENTIFICACAO DE ESPECIES DA FAMILIA ANACARDIACEAE PARA,Materiais e Métodos,22,0,3,6,1,0,2,59,0
034 artigo COLETA E IDENTIFICACAO DE ESPECIES DA FAMILIA ANACARDIACEAE PARA,Resultados e Discussão,50,5,19,33,4,0,1,158,9
034 artigo COLETA E IDENTIFICACAO DE ESPECIES DA FAMILIA ANACARDIACEAE PARA,Conclusão,14,0,7,7,1,0,1,24,0
034 artigo COLETA E IDENTIFICACAO DE ESPECIES DA FAMILIA ANACARDIACEAE PARA,Agradecimentos,0,0,0,0,0,0,0,0,0
034 artigo COLETA E IDENTIFICACAO DE ESPECIES DA FAMILIA ANACARDIACEAE PARA,Referências,46,7,4,17,0,0,0,142,1
035 artigo AS CIENCIAS HUMANAS E A NECESSIDADE CONSTANTE DE REAFIRMAR SUA,Introdução,68,2,29,29,12,2,5,108,0
035 artigo AS CIENCIAS HUMANAS E A NECESSIDADE CONSTANTE DE REAFIRMAR SUA,Materiais e Métodos,34,0,10,7,8,1,3,40,0
035 artigo AS CIENCIAS HUMANAS E A NECESSIDADE CONSTANTE DE REAFIRMAR SUA,Resultados e Discussão,68,0,44,31,13,4,9,116,0
035 artigo AS CIENCIAS HUMANAS E A NECESSIDADE CONSTANTE DE REAFIRMAR SUA,Conclusão,73,0,36,31,17,1,5,82,0
035 artigo AS CIENCIAS HUMANAS E A NECESSIDADE CONSTANTE DE REAFIRMAR SUA,Agradecimentos,8,0,2,1,0,0,0,5,0
035 artigo AS CIENCIAS HUMANAS E A NECESSIDADE CONSTANTE DE REAFIRMAR SUA,Referências,9,5,2,2,2,0,0,36,0
036 artigo O TRABALHO DOCENTE NO CONTEXTO DE PANDEMIA O QUE NOS CONTAM OS,Introdução,1,0,1,1,0,0,0,0,0
036 artigo O TRABALHO DOCENTE NO CONTEXTO DE PANDEMIA O QUE NOS CONTAM OS,Materiais e Métodos,55,1,19,7,8,0,2,65,1
036 artigo O TRABALHO DOCENTE NO CONTEXTO DE PANDEMIA O QUE NOS CONTAM OS,Resultados e Discussão,168,4,70,36,20,2,13,182,2
036 artigo O TRABALHO DOCENTE NO CONTEXTO DE PANDEMIA O QUE NOS CONTAM OS,Conclusão,33,0,13,5,5,0,2,39,0
036 artigo O TRABALHO DOCENTE NO CONTEXTO DE PANDEMIA O QUE NOS CONTAM OS,Agradecimentos,0,0,0,0,0,0,0,4,0
036 artigo O TRABALHO DOCENTE NO CONTEXTO DE PANDEMIA O QUE NOS CONTAM OS,Referências,8,1,0,4,0,0,0,24,0
037 artigo ENSINO MEDIO AS PESQUISAS ACADEMICAS EM TORNO DA EDUCACAO,Introdução,17,1,4,2,2,1,0,17,1
037 artigo ENSINO MEDIO AS PESQUISAS ACADEMICAS EM TORNO DA EDUCACAO,Materiais e Métodos,4,0,6,1,1,0,0,5,0
037 artigo ENSINO MEDIO AS PESQUISAS ACADEMICAS EM TORNO DA EDUCACAO,Resultados e Discussão,108,7,60,52,12,2,6,220,3
037 artigo ENSINO MEDIO AS PESQUISAS ACADEMICAS EM TORNO DA EDUCACAO,Conclusão,21,0,17,6,2,0,1,34,0
037 artigo ENSINO MEDIO AS PESQUISAS ACADEMICAS EM TORNO DA EDUCACAO,Agradecimentos,0,0,0,0,0,0,0,0,0
037 artigo ENSINO MEDIO AS PESQUISAS ACADEMICAS EM TORNO DA EDUCACAO,Referências,53,7,2,16,0,0,2,82,0
038 artigo FORMACAO ONLINE EM ARTE-EDUCACAO AS INTERACOES VIRTUAIS EM,Introdução,13,1,6,0,1,0,0,12,0
038 artigo FORMACAO ONLINE EM ARTE-EDUCACAO AS INTERACOES VIRTUAIS EM,Materiais e Métodos,111,3,44,18,9,2,8,135,7
038 artigo FORMACAO ONLINE EM ARTE-EDUCACAO AS INTERACOES VIRTUAIS EM,Resultados e Discussão,57,1,29,6,6,1,7,62,0
038 artigo FORMACAO ONLINE EM ARTE-EDUCACAO AS INTERACOES VIRTUAIS EM,Conclusão,24,1,20,3,1,1,2,33,0
038 artigo FORMACAO ONLINE EM ARTE-EDUCACAO AS INTERACOES VIRTUAIS EM,Agradecimentos,0,0,0,0,0,0,0,0,0
038 artigo FORMACAO ONLINE EM ARTE-EDUCACAO AS INTERACOES VIRTUAIS EM,Referências,27,0,1,7,0,0,0,52,0
039 artigo USO DO BLOG BIOLOGIA EM REDE COMO ESTRATEGIA DE ENSINO REMOTO,Introdução,50,0,24,11,0,1,3,60,2
039 artigo USO DO BLOG BIOLOGIA EM REDE COMO ESTRATEGIA DE ENSINO REMOTO,Materiais e Métodos,30,0,5,4,0,0,1,37,0
039 artigo USO DO BLOG BIOLOGIA EM REDE COMO ESTRATEGIA DE ENSINO REMOTO,Resultados e Discussão,175,0,48,33,16,4,13,222,7
039 artigo USO DO BLOG BIOLOGIA EM REDE COMO ESTRATEGIA DE ENSINO REMOTO,Conclusão,26,0,17,9,2,0,0,29,0
039 artigo USO DO BLOG BIOLOGIA EM REDE COMO ESTRATEGIA DE ENSINO REMOTO,Agradecimentos,0,0,0,0,0,0,0,0,0
039 artigo USO DO BLOG BIOLOGIA EM REDE COMO ESTRATEGIA DE ENSINO REMOTO,Referências,37,5,2,5,0,0,3,59,0
040 artigo ENDOPARASITOS EM BEZERROS LEITEIROS NO NORTE DE MINAS GERAIS,Introdução,31,3,10,11,3,2,1,34,2
040 artigo ENDOPARASITOS EM BEZERROS LEITEIROS NO NORTE DE MINAS GERAIS,Materiais e Métodos,67,1,9,9,8,0,0,112,2
040 artigo ENDOPARASITOS EM BEZERROS LEITEIROS NO NORTE DE MINAS GERAIS,Resultados e Discussão,46,3,21,13,4,2,2,89,2
040 artigo ENDOPARASITOS EM BEZERROS LEITEIROS NO NORTE DE MINAS GERAIS,Conclusão,21,0,9,6,1,1,1,39,0
040 artigo ENDOPARASITOS EM BEZERROS LEITEIROS NO NORTE DE MINAS GERAIS,Agradecimentos,0,0,0,0,0,0,0,0,0
040 artigo ENDOPARASITOS EM BEZERROS LEITEIROS NO NORTE DE MINAS GERAIS,Referências,40,8,3,15,1,0,1,85,0
041 artigo ATRIBUTOS FISICOS DE V ARIEDADES DE SEMENTES DE FEIJAO-CAUPI,Introdução,37,2,11,13,2,0,1,34,2
041 artigo ATRIBUTOS FISICOS DE V ARIEDADES DE SEMENTES DE FEIJAO-CAUPI,Materiais e Métodos,48,3,3,11,2,1,4,54,3
041 artigo ATRIBUTOS FISICOS DE V ARIEDADES DE SEMENTES DE FEIJAO-CAUPI,Resultados e Discussão,119,4,22,23,6,4,6,87,4
041 artigo ATRIBUTOS FISICOS DE V ARIEDADES DE SEMENTES DE FEIJAO-CAUPI,Conclusão,9,0,2,1,1,0,0,9,0
041 artigo ATRIBUTOS FISICOS DE V ARIEDADES DE SEMENTES DE FEIJAO-CAUPI,Agradecimentos,12,0,0,3,0,0,0,25,0
041 artigo ATRIBUTOS FISICOS DE V ARIEDADES DE SEMENTES DE FEIJAO-CAUPI,Referências,74,11,2,12,2,0,0,100,1
042 artigo INOCULACAO DE SILAGEM DE CAPIM-ELEFANTE COM FUNGOS ISOLADOS DO,Introdução,25,5,11,3,2,1,2,58,4
042 artigo INOCULACAO DE SILAGEM DE CAPIM-ELEFANTE COM FUNGOS ISOLADOS DO,Materiais e Métodos,125,6,13,17,13,0,3,170,1
042 artigo INOCULACAO DE SILAGEM DE CAPIM-ELEFANTE COM FUNGOS ISOLADOS DO,Resultados e Discussão,76,7,29,30,15,4,2,124,2
042 artigo INOCULACAO DE SILAGEM DE CAPIM-ELEFANTE COM FUNGOS ISOLADOS DO,Conclusão,10,1,3,4,1,0,0,18,0
042 artigo INOCULACAO DE SILAGEM DE CAPIM-ELEFANTE COM FUNGOS ISOLADOS DO,Agradecimentos,0,0,0,0,0,0,0,0,0
042 artigo INOCULACAO DE SILAGEM DE CAPIM-ELEFANTE COM FUNGOS ISOLADOS DO,Referências,48,49,3,13,3,0,0,182,0
043 artigo COMPOSICAO MICROBIOLOGICA DA SILAGEM DO CAPIM-CAMEROON,Introdução,27,5,16,6,1,1,2,52,1
043 artigo COMPOSICAO MICROBIOLOGICA DA SILAGEM DO CAPIM-CAMEROON,Materiais e Métodos,58,5,10,10,3,2,3,133,1
043 artigo COMPOSICAO MICROBIOLOGICA DA SILAGEM DO CAPIM-CAMEROON,Resultados e Discussão,118,3,26,29,20,3,1,136,1
043 artigo COMPOSICAO MICROBIOLOGICA DA SILAGEM DO CAPIM-CAMEROON,Conclusão,5,0,0,3,0,0,0,14,0
043 artigo COMPOSICAO MICROBIOLOGICA DA SILAGEM DO CAPIM-CAMEROON,Agradecimentos,0,0,0,0,0,0,0,0,0
043 artigo COMPOSICAO MICROBIOLOGICA DA SILAGEM DO CAPIM-CAMEROON,Referências,45,37,5,6,2,0,0,150,0
044 artigo ESTABILIDADE AEROBICA DA SILAGEM DE CAPIM-ELEFANTE INOCULADA COM,Introdução,26,2,8,2,0,0,1,33,0
044 artigo ESTABILIDADE AEROBICA DA SILAGEM DE CAPIM-ELEFANTE INOCULADA COM,Materiais e Métodos,44,2,5,11,4,0,4,82,1
044 artigo ESTABILIDADE AEROBICA DA SILAGEM DE CAPIM-ELEFANTE INOCULADA COM,Resultados e Discussão,64,8,18,11,6,4,6,103,3
044 artigo ESTABILIDADE AEROBICA DA SILAGEM DE CAPIM-ELEFANTE INOCULADA COM,Conclusão,6,0,1,0,0,0,0,4,0
044 artigo ESTABILIDADE AEROBICA DA SILAGEM DE CAPIM-ELEFANTE INOCULADA COM,Agradecimentos,11,0,0,7,0,0,0,14,0
044 artigo ESTABILIDADE AEROBICA DA SILAGEM DE CAPIM-ELEFANTE INOCULADA COM,Referências,47,27,2,6,3,0,1,187,0
045 artigo SIMULACAO DA REACAO DE SAPONIFICACAO EM REATOR DE MISTURA,Introdução,18,0,9,4,7,0,0,32,0
045 artigo SIMULACAO DA REACAO DE SAPONIFICACAO EM REATOR DE MISTURA,Materiais e Métodos,19,0,7,4,2,0,0,42,0
045 artigo SIMULACAO DA REACAO DE SAPONIFICACAO EM REATOR DE MISTURA,Resultados e Discussão,67,1,20,16,4,0,7,139,3
045 artigo SIMULACAO DA REACAO DE SAPONIFICACAO EM REATOR DE MISTURA,Conclusão,8,0,4,2,1,0,2,32,0
045 artigo SIMULACAO DA REACAO DE SAPONIFICACAO EM REATOR DE MISTURA,Agradecimentos,0,0,0,0,0,0,0,0,0
045 artigo SIMULACAO DA REACAO DE SAPONIFICACAO EM REATOR DE MISTURA,Referências,32,0,0,8,0,0,0,54,3
046 artigo REFLEXOES SOBRE O TURISMO PEDAGOGICO E O PROJETO POLITICO,Introdução,28,0,17,6,3,2,5,40,0
046 artigo REFLEXOES SOBRE O TURISMO PEDAGOGICO E O PROJETO POLITICO,Materiais e Métodos,18,0,2,1,0,0,2,25,6
046 artigo REFLEXOES SOBRE O TURISMO PEDAGOGICO E O PROJETO POLITICO,Resultados e Discussão,198,2,77,52,7,3,13,218,1
046 artigo REFLEXOES SOBRE O TURISMO PEDAGOGICO E O PROJETO POLITICO,Conclusão,31,0,13,10,1,1,1,29,0
046 artigo REFLEXOES SOBRE O TURISMO PEDAGOGICO E O PROJETO POLITICO,Agradecimentos,0,0,0,0,0,0,0,0,0
046 artigo REFLEXOES SOBRE O TURISMO PEDAGOGICO E O PROJETO POLITICO,Referências,45,2,2,7,0,0,2,68,1
047 artigo PRODUTIVIDADE E QUALIDADE DE FRUTOS DE DIFERENTES CULTIV ARES DE,Introdução,35,2,3,14,4,0,1,38,3
047 artigo PRODUTIVIDADE E QUALIDADE DE FRUTOS DE DIFERENTES CULTIV ARES DE,Materiais e Métodos,73,3,7,20,4,0,3,105,2
047 artigo PRODUTIVIDADE E QUALIDADE DE FRUTOS DE DIFERENTES CULTIV ARES DE,Resultados e Discussão,53,4,19,36,6,1,3,78,3
047 artigo PRODUTIVIDADE E QUALIDADE DE FRUTOS DE DIFERENTES CULTIV ARES DE,Conclusão,9,1,5,4,0,0,0,18,0
047 artigo PRODUTIVIDADE E QUALIDADE DE FRUTOS DE DIFERENTES CULTIV ARES DE,Agradecimentos,8,0,0,5,0,0,0,9,0
047 artigo PRODUTIVIDADE E QUALIDADE DE FRUTOS DE DIFERENTES CULTIV ARES DE,Referências,90,3,6,29,4,0,1,145,3
048 artigo O PERFIL DO TUTOR PRESENCIAL DOS CURSOS TECNICOS DA MODALIDADE,Introdução,1,0,2,1,0,0,0,0,0
048 artigo O PERFIL DO TUTOR PRESENCIAL DOS CURSOS TECNICOS DA MODALIDADE,Materiais e Métodos,15,0,4,2,0,0,1,26,8
048 artigo O PERFIL DO TUTOR PRESENCIAL DOS CURSOS TECNICOS DA MODALIDADE,Resultados e Discussão,228,1,121,39,14,9,17,345,14
048 artigo O PERFIL DO TUTOR PRESENCIAL DOS CURSOS TECNICOS DA MODALIDADE,Conclusão,33,0,16,0,3,1,0,49,0
048 artigo O PERFIL DO TUTOR PRESENCIAL DOS CURSOS TECNICOS DA MODALIDADE,Agradecimentos,0,0,0,0,0,0,0,0,0
048 artigo O PERFIL DO TUTOR PRESENCIAL DOS CURSOS TECNICOS DA MODALIDADE,Referências,40,2,9,14,0,0,1,65,0
049 artigo PERCEPCAO DA COMUNIDADE EXTERNA E DOS ALUNOS DO IFNMG CAMPUS,Introdução,60,5,14,19,8,3,6,66,2
049 artigo PERCEPCAO DA COMUNIDADE EXTERNA E DOS ALUNOS DO IFNMG CAMPUS,Materiais e Métodos,23,0,3,6,1,1,1,42,0
049 artigo PERCEPCAO DA COMUNIDADE EXTERNA E DOS ALUNOS DO IFNMG CAMPUS,Resultados e Discussão,52,2,52,9,7,4,2,77,0
049 artigo PERCEPCAO DA COMUNIDADE EXTERNA E DOS ALUNOS DO IFNMG CAMPUS,Conclusão,10,0,6,1,2,1,4,11,0
049 artigo PERCEPCAO DA COMUNIDADE EXTERNA E DOS ALUNOS DO IFNMG CAMPUS,Agradecimentos,0,0,0,0,0,0,0,0,0
049 artigo PERCEPCAO DA COMUNIDADE EXTERNA E DOS ALUNOS DO IFNMG CAMPUS,Referências,50,4,4,7,0,0,0,69,1
050 artigo ANALISE MORFOLOGICA COMPARATIVA DO INTESTINO DE TUBARAO-,Introdução,41,1,8,20,1,0,1,72,3
050 artigo ANALISE MORFOLOGICA COMPARATIVA DO INTESTINO DE TUBARAO-,Materiais e Métodos,15,0,2,3,0,0,0,36,0
050 artigo ANALISE MORFOLOGICA COMPARATIVA DO INTESTINO DE TUBARAO-,Resultados e Discussão,45,0,13,13,4,0,0,79,1
050 artigo ANALISE MORFOLOGICA COMPARATIVA DO INTESTINO DE TUBARAO-,Conclusão,8,0,5,5,2,1,2,22,0
050 artigo ANALISE MORFOLOGICA COMPARATIVA DO INTESTINO DE TUBARAO-,Agradecimentos,0,0,0,0,0,0,0,0,0
050 artigo ANALISE MORFOLOGICA COMPARATIVA DO INTESTINO DE TUBARAO-,Referências,23,27,4,6,1,0,0,149,3
051 artigo LER E CONVIVER ENCONTROS LITERARIOS,Introdução,61,1,32,20,10,2,4,90,1
051 artigo LER E CONVIVER ENCONTROS LITERARIOS,Materiais e Métodos,37,1,7,2,1,0,1,38,0
051 artigo LER E CONVIVER ENCONTROS LITERARIOS,Resultados e Discussão,37,0,17,4,3,3,0,43,0
051 artigo LER E CONVIVER ENCONTROS LITERARIOS,Conclusão,27,0,10,7,1,0,0,32,0
051 artigo LER E CONVIVER ENCONTROS LITERARIOS,Agradecimentos,12,0,0,1,0,0,0,22,0
051 artigo LER E CONVIVER ENCONTROS LITERARIOS,Referências,20,4,0,4,0,0,1,28,0
052 artigo LEVANTAMENTO DE ESPECIES DA FAMILIA ARECACEAE NO NOROESTE DE,Introdução,0,0,0,0,0,0,0,0,0
052 artigo LEVANTAMENTO DE ESPECIES DA FAMILIA ARECACEAE NO NOROESTE DE,Materiais e Métodos,15,0,2,8,0,0,1,17,0
052 artigo LEVANTAMENTO DE ESPECIES DA FAMILIA ARECACEAE NO NOROESTE DE,Resultados e Discussão,73,11,19,36,5,2,2,183,2
052 artigo LEVANTAMENTO DE ESPECIES DA FAMILIA ARECACEAE NO NOROESTE DE,Conclusão,9,0,4,2,3,1,0,13,0
052 artigo LEVANTAMENTO DE ESPECIES DA FAMILIA ARECACEAE NO NOROESTE DE,Agradecimentos,0,0,0,0,0,0,0,0,0
052 artigo LEVANTAMENTO DE ESPECIES DA FAMILIA ARECACEAE NO NOROESTE DE,Referências,54,7,0,9,0,0,0,143,1
053 artigo VERIFICACAO DA ILUMINACAO ARTIFICIAL NAS SALAS DA BIBLIOTECA DOM,Introdução,33,0,19,11,4,0,0,45,2
053 artigo VERIFICACAO DA ILUMINACAO ARTIFICIAL NAS SALAS DA BIBLIOTECA DOM,Materiais e Métodos,8,0,3,3,0,0,1,21,1
053 artigo VERIFICACAO DA ILUMINACAO ARTIFICIAL NAS SALAS DA BIBLIOTECA DOM,Resultados e Discussão,82,0,17,28,2,2,1,69,0
053 artigo VERIFICACAO DA ILUMINACAO ARTIFICIAL NAS SALAS DA BIBLIOTECA DOM,Conclusão,17,0,5,9,1,1,1,15,0
053 artigo VERIFICACAO DA ILUMINACAO ARTIFICIAL NAS SALAS DA BIBLIOTECA DOM,Agradecimentos,7,0,3,1,0,0,0,18,0
053 artigo VERIFICACAO DA ILUMINACAO ARTIFICIAL NAS SALAS DA BIBLIOTECA DOM,Referências,23,0,4,9,0,0,1,37,1
054 artigo PROJETO ELETROMAGNETICO DE UM ACELERADOS DE DEUTRONS PARA A,Introdução,26,0,7,7,3,1,1,27,0
054 artigo PROJETO ELETROMAGNETICO DE UM ACELERADOS DE DEUTRONS PARA A,Materiais e Métodos,34,0,5,6,2,0,0,63,1
054 artigo PROJETO ELETROMAGNETICO DE UM ACELERADOS DE DEUTRONS PARA A,Resultados e Discussão,105,1,36,33,16,1,3,210,4
054 artigo PROJETO ELETROMAGNETICO DE UM ACELERADOS DE DEUTRONS PARA A,Conclusão,19,0,5,7,0,0,0,27,0
054 artigo PROJETO ELETROMAGNETICO DE UM ACELERADOS DE DEUTRONS PARA A,Agradecimentos,8,0,0,3,1,0,0,4,0
054 artigo PROJETO ELETROMAGNETICO DE UM ACELERADOS DE DEUTRONS PARA A,Referências,54,10,8,11,0,0,0,131,3
055 artigo SIMULACAO DE UMA COLUNA DE DESTILACAO PARA SEPARACAO DE MISTURA,Introdução,24,1,7,5,1,1,1,32,0
055 artigo SIMULACAO DE UMA COLUNA DE DESTILACAO PARA SEPARACAO DE MISTURA,Materiais e Métodos,14,0,4,1,0,0,1,23,1
055 artigo SIMULACAO DE UMA COLUNA DE DESTILACAO PARA SEPARACAO DE MISTURA,Resultados e Discussão,79,0,23,9,6,0,5,121,1
055 artigo SIMULACAO DE UMA COLUNA DE DESTILACAO PARA SEPARACAO DE MISTURA,Conclusão,16,0,8,4,2,0,3,27,0
055 artigo SIMULACAO DE UMA COLUNA DE DESTILACAO PARA SEPARACAO DE MISTURA,Agradecimentos,0,0,0,0,0,0,0,0,0
055 artigo SIMULACAO DE UMA COLUNA DE DESTILACAO PARA SEPARACAO DE MISTURA,Referências,17,0,1,3,0,0,0,24,0
056 artigo DETERMINACAO DO TEOR DE SODIO EM SALMOURAS DE CONSERV AS DE,Introdução,17,0,2,4,0,0,0,35,0
056 artigo DETERMINACAO DO TEOR DE SODIO EM SALMOURAS DE CONSERV AS DE,Materiais e Métodos,41,0,14,0,6,1,2,120,0
056 artigo DETERMINACAO DO TEOR DE SODIO EM SALMOURAS DE CONSERV AS DE,Resultados e Discussão,32,2,16,6,1,0,4,116,2
056 artigo DETERMINACAO DO TEOR DE SODIO EM SALMOURAS DE CONSERV AS DE,Conclusão,9,0,7,4,1,1,0,16,0
056 artigo DETERMINACAO DO TEOR DE SODIO EM SALMOURAS DE CONSERV AS DE,Agradecimentos,7,0,0,1,0,0,0,19,0
056 artigo DETERMINACAO DO TEOR DE SODIO EM SALMOURAS DE CONSERV AS DE,Referências,22,0,5,9,0,0,0,46,0
057 artigo A V ALIACAO ENERGETICA E DO COEFICIENTE DE DIGESTIBILIDADE,Introdução,34,1,7,8,2,0,3,25,0
057 artigo A V ALIACAO ENERGETICA E DO COEFICIENTE DE DIGESTIBILIDADE,Materiais e Métodos,80,0,7,9,4,0,4,81,0
057 artigo A V ALIACAO ENERGETICA E DO COEFICIENTE DE DIGESTIBILIDADE,Resultados e Discussão,189,3,39,46,14,2,9,272,3
057 artigo A V ALIACAO ENERGETICA E DO COEFICIENTE DE DIGESTIBILIDADE,Conclusão,10,0,3,2,0,0,0,13,0
057 artigo A V ALIACAO ENERGETICA E DO COEFICIENTE DE DIGESTIBILIDADE,Agradecimentos,0,0,0,0,0,0,0,0,0
057 artigo A V ALIACAO ENERGETICA E DO COEFICIENTE DE DIGESTIBILIDADE,Referências,61,5,2,14,0,0,0,111,0
058 artigo INVESTIGACAO DO EFEITO PELTIER PARA REFRIGERACAO DE PEQUENOS,Introdução,43,0,14,6,5,0,3,68,3
058 artigo INVESTIGACAO DO EFEITO PELTIER PARA REFRIGERACAO DE PEQUENOS,Materiais e Métodos,35,0,3,3,1,0,1,50,0
058 artigo INVESTIGACAO DO EFEITO PELTIER PARA REFRIGERACAO DE PEQUENOS,Resultados e Discussão,23,0,11,8,7,3,1,21,0
058 artigo INVESTIGACAO DO EFEITO PELTIER PARA REFRIGERACAO DE PEQUENOS,Conclusão,14,0,5,3,0,1,0,19,0
058 artigo INVESTIGACAO DO EFEITO PELTIER PARA REFRIGERACAO DE PEQUENOS,Agradecimentos,3,0,2,0,0,0,0,4,0
058 artigo INVESTIGACAO DO EFEITO PELTIER PARA REFRIGERACAO DE PEQUENOS,Referências,38,1,1,8,0,0,0,58,0
059 artigo COMPOSICAO FENOLICA E ATIVIDADE ANTIOXIDANTE DE RESIDUOS DE FRUTAS,Introdução,54,5,11,13,3,2,2,44,3
059 artigo COMPOSICAO FENOLICA E ATIVIDADE ANTIOXIDANTE DE RESIDUOS DE FRUTAS,Materiais e Métodos,40,0,1,5,3,0,2,92,2
059 artigo COMPOSICAO FENOLICA E ATIVIDADE ANTIOXIDANTE DE RESIDUOS DE FRUTAS,Resultados e Discussão,52,3,11,16,3,2,0,93,3
059 artigo COMPOSICAO FENOLICA E ATIVIDADE ANTIOXIDANTE DE RESIDUOS DE FRUTAS,Conclusão,6,0,4,2,0,0,0,16,0
059 artigo COMPOSICAO FENOLICA E ATIVIDADE ANTIOXIDANTE DE RESIDUOS DE FRUTAS,Agradecimentos,11,0,0,2,1,0,0,11,0
059 artigo COMPOSICAO FENOLICA E ATIVIDADE ANTIOXIDANTE DE RESIDUOS DE FRUTAS,Referências,21,27,4,12,0,0,0,129,0
060 artigo A V ALIACAO DA POROSIDADE DO CARVAO PRODUZIDO A PARTIR DE LODO,Introdução,37,2,12,11,1,0,3,63,3
060 artigo A V ALIACAO DA POROSIDADE DO CARVAO PRODUZIDO A PARTIR DE LODO,Materiais e Métodos,56,0,12,5,5,1,0,97,4
060 artigo A V ALIACAO DA POROSIDADE DO CARVAO PRODUZIDO A PARTIR DE LODO,Resultados e Discussão,22,0,17,6,5,4,0,60,1
060 artigo A V ALIACAO DA POROSIDADE DO CARVAO PRODUZIDO A PARTIR DE LODO,Conclusão,11,0,4,4,0,0,1,25,0
060 artigo A V ALIACAO DA POROSIDADE DO CARVAO PRODUZIDO A PARTIR DE LODO,Agradecimentos,0,0,0,0,0,0,0,0,0
060 artigo A V ALIACAO DA POROSIDADE DO CARVAO PRODUZIDO A PARTIR DE LODO,Referências,28,1,2,20,0,0,3,88,1
061 artigo DOCENCIA NA EDUCACAO PROFISSIONALPARAMETROS SOBRE A FORMACAO E,Introdução,46,2,20,17,2,1,3,60,0
061 artigo DOCENCIA NA EDUCACAO PROFISSIONALPARAMETROS SOBRE A FORMACAO E,Materiais e Métodos,7,0,5,1,0,0,1,22,0
061 artigo DOCENCIA NA EDUCACAO PROFISSIONALPARAMETROS SOBRE A FORMACAO E,Resultados e Discussão,170,4,91,45,20,6,7,227,4
061 artigo DOCENCIA NA EDUCACAO PROFISSIONALPARAMETROS SOBRE A FORMACAO E,Conclusão,15,1,6,1,1,0,0,23,0
061 artigo DOCENCIA NA EDUCACAO PROFISSIONALPARAMETROS SOBRE A FORMACAO E,Agradecimentos,0,0,0,0,0,0,0,0,0
061 artigo DOCENCIA NA EDUCACAO PROFISSIONALPARAMETROS SOBRE A FORMACAO E,Referências,50,10,4,22,1,0,1,83,0
062 artigo A V ALIACAO AMBIENTAL DE VEREDAS ATRA VES DO USO DE FORMIGAS COMO,Introdução,54,3,18,22,2,1,3,63,4
062 artigo A V ALIACAO AMBIENTAL DE VEREDAS ATRA VES DO USO DE FORMIGAS COMO,Materiais e Métodos,46,2,7,7,4,1,4,67,0
062 artigo A V ALIACAO AMBIENTAL DE VEREDAS ATRA VES DO USO DE FORMIGAS COMO,Resultados e Discussão,39,1,10,11,3,4,3,76,1
062 artigo A V ALIACAO AMBIENTAL DE VEREDAS ATRA VES DO USO DE FORMIGAS COMO,Conclusão,25,0,8,8,1,2,1,57,0
062 artigo A V ALIACAO AMBIENTAL DE VEREDAS ATRA VES DO USO DE FORMIGAS COMO,Agradecimentos,0,0,0,0,0,0,0,0,0
062 artigo A V ALIACAO AMBIENTAL DE VEREDAS ATRA VES DO USO DE FORMIGAS COMO,Referências,33,23,1,12,0,0,0,142,0
063 artigo AVALIACAO DE ACCOUNTABILITY EM UNIVERSIDADES E INSTITUTOS,Introdução,70,0,32,26,1,0,1,108,6
063 artigo AVALIACAO DE ACCOUNTABILITY EM UNIVERSIDADES E INSTITUTOS,Materiais e Métodos,10,0,4,5,0,0,0,11,0
063 artigo AVALIACAO DE ACCOUNTABILITY EM UNIVERSIDADES E INSTITUTOS,Resultados e Discussão,51,0,26,21,0,0,2,112,0
063 artigo AVALIACAO DE ACCOUNTABILITY EM UNIVERSIDADES E INSTITUTOS,Conclusão,23,0,17,8,2,0,0,69,1
063 artigo AVALIACAO DE ACCOUNTABILITY EM UNIVERSIDADES E INSTITUTOS,Agradecimentos,0,0,0,0,0,0,0,0,0
063 artigo AVALIACAO DE ACCOUNTABILITY EM UNIVERSIDADES E INSTITUTOS,Referências,43,9,12,15,0,0,0,109,0
064 artigo PERFIL E PERMANENCIA DOS ALUNOS DE TECNOLOGIA EM GESTAO,Introdução,40,0,12,11,5,0,2,43,1
064 artigo PERFIL E PERMANENCIA DOS ALUNOS DE TECNOLOGIA EM GESTAO,Materiais e Métodos,5,0,0,1,1,0,0,0,0
064 artigo PERFIL E PERMANENCIA DOS ALUNOS DE TECNOLOGIA EM GESTAO,Resultados e Discussão,121,1,58,35,17,1,7,135,4
064 artigo PERFIL E PERMANENCIA DOS ALUNOS DE TECNOLOGIA EM GESTAO,Conclusão,195,1,74,52,26,1,14,219,4
064 artigo PERFIL E PERMANENCIA DOS ALUNOS DE TECNOLOGIA EM GESTAO,Agradecimentos,0,0,0,0,0,0,0,0,0
064 artigo PERFIL E PERMANENCIA DOS ALUNOS DE TECNOLOGIA EM GESTAO,Referências,62,3,0,23,0,0,1,63,0
065 artigo ESTUDO DA VIABILIDADE DE GERACAO DE BIOGAS A PARTIR DA BIODIGESTAO,Introdução,61,1,10,21,3,1,3,85,1
065 artigo ESTUDO DA VIABILIDADE DE GERACAO DE BIOGAS A PARTIR DA BIODIGESTAO,Materiais e Métodos,50,1,18,7,13,0,7,102,1
065 artigo ESTUDO DA VIABILIDADE DE GERACAO DE BIOGAS A PARTIR DA BIODIGESTAO,Resultados e Discussão,34,1,17,9,4,1,3,83,1
065 artigo ESTUDO DA VIABILIDADE DE GERACAO DE BIOGAS A PARTIR DA BIODIGESTAO,Conclusão,7,0,4,4,1,0,2,28,0
065 artigo ESTUDO DA VIABILIDADE DE GERACAO DE BIOGAS A PARTIR DA BIODIGESTAO,Agradecimentos,5,0,0,1,0,0,0,8,0
065 artigo ESTUDO DA VIABILIDADE DE GERACAO DE BIOGAS A PARTIR DA BIODIGESTAO,Referências,359,6,65,101,14,10,8,397,6
066 artigo EDUCACAO EM TEMPOS DE LUTA ANALISE DOS GRUPOS DO PROGRAMA DE,Introdução,45,0,13,15,3,0,6,57,0
066 artigo EDUCACAO EM TEMPOS DE LUTA ANALISE DOS GRUPOS DO PROGRAMA DE,Materiais e Métodos,21,1,2,3,2,0,1,28,0
066 artigo EDUCACAO EM TEMPOS DE LUTA ANALISE DOS GRUPOS DO PROGRAMA DE,Resultados e Discussão,88,3,26,12,15,3,12,114,1
066 artigo EDUCACAO EM TEMPOS DE LUTA ANALISE DOS GRUPOS DO PROGRAMA DE,Conclusão,26,0,11,12,5,1,3,25,0
066 artigo EDUCACAO EM TEMPOS DE LUTA ANALISE DOS GRUPOS DO PROGRAMA DE,Agradecimentos,0,0,0,0,0,0,0,0,0
066 artigo EDUCACAO EM TEMPOS DE LUTA ANALISE DOS GRUPOS DO PROGRAMA DE,Referências,39,3,0,3,0,0,0,49,0
067 artigo A V ALIACAO DA EFICACIA DE PASTEURIZACAO NAO TERMICA DE LEITE POR,Introdução,53,6,15,17,5,1,3,79,5
067 artigo A V ALIACAO DA EFICACIA DE PASTEURIZACAO NAO TERMICA DE LEITE POR,Materiais e Métodos,79,0,11,10,4,0,5,119,1
067 artigo A V ALIACAO DA EFICACIA DE PASTEURIZACAO NAO TERMICA DE LEITE POR,Resultados e Discussão,48,4,10,16,8,1,4,114,1
067 artigo A V ALIACAO DA EFICACIA DE PASTEURIZACAO NAO TERMICA DE LEITE POR,Conclusão,11,0,5,1,2,1,0,15,0
067 artigo A V ALIACAO DA EFICACIA DE PASTEURIZACAO NAO TERMICA DE LEITE POR,Agradecimentos,8,0,0,1,1,0,0,16,0
067 artigo A V ALIACAO DA EFICACIA DE PASTEURIZACAO NAO TERMICA DE LEITE POR,Referências,49,11,6,12,0,0,0,79,0
068 artigo MUCOSA JEJUNAL DE SUINOS ALIMENTADOS COM RACOES CONTENDO,Introdução,31,4,18,15,6,1,0,66,3
068 artigo MUCOSA JEJUNAL DE SUINOS ALIMENTADOS COM RACOES CONTENDO,Materiais e Métodos,75,1,8,13,4,0,2,137,1
068 artigo MUCOSA JEJUNAL DE SUINOS ALIMENTADOS COM RACOES CONTENDO,Resultados e Discussão,37,4,9,7,7,2,1,64,3
068 artigo MUCOSA JEJUNAL DE SUINOS ALIMENTADOS COM RACOES CONTENDO,Conclusão,3,0,3,0,3,0,0,11,0
068 artigo MUCOSA JEJUNAL DE SUINOS ALIMENTADOS COM RACOES CONTENDO,Agradecimentos,0,0,0,0,0,0,0,0,0
068 artigo MUCOSA JEJUNAL DE SUINOS ALIMENTADOS COM RACOES CONTENDO,Referências,57,20,2,12,0,0,2,91,0
069 artigo ANALISE DO COMPORTAMENTO DE CURV AS DE MOMENTO-ROTACAO DE,Introdução,38,1,13,12,10,1,1,54,0
069 artigo ANALISE DO COMPORTAMENTO DE CURV AS DE MOMENTO-ROTACAO DE,Materiais e Métodos,3,0,0,3,1,0,0,8,0
069 artigo ANALISE DO COMPORTAMENTO DE CURV AS DE MOMENTO-ROTACAO DE,Resultados e Discussão,139,1,27,38,26,5,7,201,0
069 artigo ANALISE DO COMPORTAMENTO DE CURV AS DE MOMENTO-ROTACAO DE,Conclusão,28,0,11,11,8,1,0,60,0
069 artigo ANALISE DO COMPORTAMENTO DE CURV AS DE MOMENTO-ROTACAO DE,Agradecimentos,6,0,0,3,0,0,0,5,0
069 artigo ANALISE DO COMPORTAMENTO DE CURV AS DE MOMENTO-ROTACAO DE,Referências,22,12,0,4,1,0,0,79,1
070 artigo A VIDA QUE QUASE NINGUEM VE POSSIBILIDADES DE INOV ACAO A PARTIR,Introdução,33,0,12,9,5,2,1,50,0
070 artigo A VIDA QUE QUASE NINGUEM VE POSSIBILIDADES DE INOV ACAO A PARTIR,Materiais e Métodos,38,1,11,11,3,0,1,37,1
070 artigo A VIDA QUE QUASE NINGUEM VE POSSIBILIDADES DE INOV ACAO A PARTIR,Resultados e Discussão,183,2,63,39,13,1,7,199,9
070 artigo A VIDA QUE QUASE NINGUEM VE POSSIBILIDADES DE INOV ACAO A PARTIR,Conclusão,30,0,15,11,2,2,0,37,0
070 artigo A VIDA QUE QUASE NINGUEM VE POSSIBILIDADES DE INOV ACAO A PARTIR,Agradecimentos,0,0,0,0,0,0,0,0,0
070 artigo A VIDA QUE QUASE NINGUEM VE POSSIBILIDADES DE INOV ACAO A PARTIR,Referências,30,2,1,3,1,0,0,42,1
071 artigo A CACHACA SALINENSE EM UM VIES LINGUISTICO E CULTURAL,Introdução,29,2,10,8,4,0,0,38,1
071 artigo A CACHACA SALINENSE EM UM VIES LINGUISTICO E CULTURAL,Materiais e Métodos,22,0,9,3,5,1,1,37,0
071 artigo A CACHACA SALINENSE EM UM VIES LINGUISTICO E CULTURAL,Resultados e Discussão,154,1,65,42,36,2,3,249,7
071 artigo A CACHACA SALINENSE EM UM VIES LINGUISTICO E CULTURAL,Conclusão,25,0,8,8,1,0,0,17,1
071 artigo A CACHACA SALINENSE EM UM VIES LINGUISTICO E CULTURAL,Agradecimentos,0,0,0,0,0,0,0,0,0
071 artigo A CACHACA SALINENSE EM UM VIES LINGUISTICO E CULTURAL,Referências,12,2,0,3,0,0,0,20,0
072 artigo METODOLOGIAS ATIV AS A GAMIFICACAO COMO ABORDAGEM PEDAGOGICA,Introdução,58,0,17,17,1,2,3,56,3
072 artigo METODOLOGIAS ATIV AS A GAMIFICACAO COMO ABORDAGEM PEDAGOGICA,Materiais e Métodos,40,6,18,8,2,0,1,62,3
072 artigo METODOLOGIAS ATIV AS A GAMIFICACAO COMO ABORDAGEM PEDAGOGICA,Resultados e Discussão,157,8,56,28,15,2,5,164,6
072 artigo METODOLOGIAS ATIV AS A GAMIFICACAO COMO ABORDAGEM PEDAGOGICA,Conclusão,51,0,21,14,4,1,3,52,0
072 artigo METODOLOGIAS ATIV AS A GAMIFICACAO COMO ABORDAGEM PEDAGOGICA,Agradecimentos,0,0,0,0,0,0,0,0,0
072 artigo METODOLOGIAS ATIV AS A GAMIFICACAO COMO ABORDAGEM PEDAGOGICA,Referências,48,3,6,14,0,0,0,102,0
073 artigo MUCOSA JEJUNAL DE A VES ALIMENTADAS COM RACOES CONTENDO OLEO,Introdução,58,5,25,18,11,1,5,74,5
073 artigo MUCOSA JEJUNAL DE A VES ALIMENTADAS COM RACOES CONTENDO OLEO,Materiais e Métodos,81,0,6,16,2,0,1,116,0
073 artigo MUCOSA JEJUNAL DE A VES ALIMENTADAS COM RACOES CONTENDO OLEO,Resultados e Discussão,55,3,22,18,5,1,5,67,1
073 artigo MUCOSA JEJUNAL DE A VES ALIMENTADAS COM RACOES CONTENDO OLEO,Conclusão,14,0,2,3,2,0,1,26,0
073 artigo MUCOSA JEJUNAL DE A VES ALIMENTADAS COM RACOES CONTENDO OLEO,Agradecimentos,0,0,0,0,0,0,0,0,0
073 artigo MUCOSA JEJUNAL DE A VES ALIMENTADAS COM RACOES CONTENDO OLEO,Referências,52,22,3,12,0,0,1,90,0
074 artigo A IMPORTANCIA DA AFETIVIDADE NO PROCESSO DE ENSINO-APRENDIZAGEM,Introdução,8,0,1,4,0,0,2,3,0
074 artigo A IMPORTANCIA DA AFETIVIDADE NO PROCESSO DE ENSINO-APRENDIZAGEM,Materiais e Métodos,17,0,6,3,0,0,0,17,5
074 artigo A IMPORTANCIA DA AFETIVIDADE NO PROCESSO DE ENSINO-APRENDIZAGEM,Resultados e Discussão,266,0,131,65,33,18,15,271,14
074 artigo A IMPORTANCIA DA AFETIVIDADE NO PROCESSO DE ENSINO-APRENDIZAGEM,Conclusão,31,0,9,4,0,2,2,10,0
074 artigo A IMPORTANCIA DA AFETIVIDADE NO PROCESSO DE ENSINO-APRENDIZAGEM,Agradecimentos,0,0,0,0,0,0,0,0,0
074 artigo A IMPORTANCIA DA AFETIVIDADE NO PROCESSO DE ENSINO-APRENDIZAGEM,Referências,31,0,0,5,0,0,0,44,0
075 artigo PROJETO EDUCACAO POPULAR EM CIENCIAS PEPCIENCIAS DESAFIOS EM,Introdução,106,1,41,34,9,3,8,164,2
075 artigo PROJETO EDUCACAO POPULAR EM CIENCIAS PEPCIENCIAS DESAFIOS EM,Materiais e Métodos,90,1,26,13,6,0,6,81,1
075 artigo PROJETO EDUCACAO POPULAR EM CIENCIAS PEPCIENCIAS DESAFIOS EM,Resultados e Discussão,86,0,20,27,9,2,3,100,2
075 artigo PROJETO EDUCACAO POPULAR EM CIENCIAS PEPCIENCIAS DESAFIOS EM,Conclusão,29,0,11,12,4,0,5,28,0
075 artigo PROJETO EDUCACAO POPULAR EM CIENCIAS PEPCIENCIAS DESAFIOS EM,Agradecimentos,0,0,0,0,0,0,0,0,0
075 artigo PROJETO EDUCACAO POPULAR EM CIENCIAS PEPCIENCIAS DESAFIOS EM,Referências,15,1,1,5,0,0,3,47,0
076 artigo ANALISE BIOMETRICA DAS SEMENTES DE CASSIA GRANDIS L F.,Introdução,77,2,18,23,2,0,4,87,3
076 artigo ANALISE BIOMETRICA DAS SEMENTES DE CASSIA GRANDIS L F.,Materiais e Métodos,31,0,6,7,2,0,2,44,0
076 artigo ANALISE BIOMETRICA DAS SEMENTES DE CASSIA GRANDIS L F.,Resultados e Discussão,67,2,26,11,4,3,3,42,2
076 artigo ANALISE BIOMETRICA DAS SEMENTES DE CASSIA GRANDIS L F.,Conclusão,12,0,4,2,3,0,0,8,0
076 artigo ANALISE BIOMETRICA DAS SEMENTES DE CASSIA GRANDIS L F.,Agradecimentos,0,0,0,0,0,0,0,0,0
076 artigo ANALISE BIOMETRICA DAS SEMENTES DE CASSIA GRANDIS L F.,Referências,68,2,2,13,0,0,1,76,0
077 artigo UMA ANALISE DO PERIODO PANDEMICO E O AUMENTO DA DESIGUALDADE,Introdução,149,3,37,28,19,2,14,122,8
077 artigo UMA ANALISE DO PERIODO PANDEMICO E O AUMENTO DA DESIGUALDADE,Materiais e Métodos,26,0,6,3,2,0,2,28,0
077 artigo UMA ANALISE DO PERIODO PANDEMICO E O AUMENTO DA DESIGUALDADE,Resultados e Discussão,101,5,25,20,11,1,8,110,12
077 artigo UMA ANALISE DO PERIODO PANDEMICO E O AUMENTO DA DESIGUALDADE,Conclusão,50,0,14,15,4,1,4,41,0
077 artigo UMA ANALISE DO PERIODO PANDEMICO E O AUMENTO DA DESIGUALDADE,Agradecimentos,0,0,0,0,0,0,0,0,0
077 artigo UMA ANALISE DO PERIODO PANDEMICO E O AUMENTO DA DESIGUALDADE,Referências,61,3,0,11,0,0,6,77,0
078 artigo PRATICAS EDUCATIVAS EM TEMPOS DE PANDEMIA EM UMA ESCOLA DE,Introdução,56,0,12,22,1,0,6,65,6
078 artigo PRATICAS EDUCATIVAS EM TEMPOS DE PANDEMIA EM UMA ESCOLA DE,Materiais e Métodos,60,0,20,5,7,1,9,72,2
078 artigo PRATICAS EDUCATIVAS EM TEMPOS DE PANDEMIA EM UMA ESCOLA DE,Resultados e Discussão,152,0,82,46,18,0,5,171,1
078 artigo PRATICAS EDUCATIVAS EM TEMPOS DE PANDEMIA EM UMA ESCOLA DE,Conclusão,34,0,18,9,4,1,3,49,0
078 artigo PRATICAS EDUCATIVAS EM TEMPOS DE PANDEMIA EM UMA ESCOLA DE,Agradecimentos,1,0,0,0,0,0,0,5,0
078 artigo PRATICAS EDUCATIVAS EM TEMPOS DE PANDEMIA EM UMA ESCOLA DE,Referências,596,20,185,116,58,9,34,933,12
079 artigo IMPLEMENTACAO DE INSTRUMENTO TECNOLOGICO COMO SISTEMA PARA,Introdução,45,0,22,8,3,1,1,48,0
079 artigo IMPLEMENTACAO DE INSTRUMENTO TECNOLOGICO COMO SISTEMA PARA,Materiais e Métodos,63,1,24,9,5,0,6,93,0
079 artigo IMPLEMENTACAO DE INSTRUMENTO TECNOLOGICO COMO SISTEMA PARA,Resultados e Discussão,73,0,39,18,6,1,2,91,0
079 artigo IMPLEMENTACAO DE INSTRUMENTO TECNOLOGICO COMO SISTEMA PARA,Conclusão,185,2,80,36,13,1,10,243,2
079 artigo IMPLEMENTACAO DE INSTRUMENTO TECNOLOGICO COMO SISTEMA PARA,Agradecimentos,13,0,1,3,0,0,0,10,0
079 artigo IMPLEMENTACAO DE INSTRUMENTO TECNOLOGICO COMO SISTEMA PARA,Referências,52,0,6,9,4,0,1,48,2
080 artigo ANALISE DE VIABILIDADE ECONOMICA DA GERACAO DISTRIBUIDA DE,Introdução,40,3,13,12,2,1,4,49,7
080 artigo ANALISE DE VIABILIDADE ECONOMICA DA GERACAO DISTRIBUIDA DE,Materiais e Métodos,27,0,4,6,4,0,1,52,0
080 artigo ANALISE DE VIABILIDADE ECONOMICA DA GERACAO DISTRIBUIDA DE,Resultados e Discussão,52,1,11,21,3,2,3,75,1
080 artigo ANALISE DE VIABILIDADE ECONOMICA DA GERACAO DISTRIBUIDA DE,Conclusão,26,0,10,4,2,1,3,29,1
080 artigo ANALISE DE VIABILIDADE ECONOMICA DA GERACAO DISTRIBUIDA DE,Agradecimentos,0,0,0,0,0,0,0,0,0
080 artigo ANALISE DE VIABILIDADE ECONOMICA DA GERACAO DISTRIBUIDA DE,Referências,93,3,0,17,0,0,2,130,4
081 artigo ESTRATEGIAS PEDAGOGICAS NO ENSINO FUNDAMENTAL I DE UMA ESCOLA,Introdução,1,0,2,1,0,0,0,0,0
081 artigo ESTRATEGIAS PEDAGOGICAS NO ENSINO FUNDAMENTAL I DE UMA ESCOLA,Materiais e Métodos,16,0,3,5,1,0,1,19,0
081 artigo ESTRATEGIAS PEDAGOGICAS NO ENSINO FUNDAMENTAL I DE UMA ESCOLA,Resultados e Discussão,280,3,112,59,40,6,19,270,9
081 artigo ESTRATEGIAS PEDAGOGICAS NO ENSINO FUNDAMENTAL I DE UMA ESCOLA,Conclusão,28,0,12,12,5,1,0,17,0
081 artigo ESTRATEGIAS PEDAGOGICAS NO ENSINO FUNDAMENTAL I DE UMA ESCOLA,Agradecimentos,0,0,0,0,0,0,0,0,0
081 artigo ESTRATEGIAS PEDAGOGICAS NO ENSINO FUNDAMENTAL I DE UMA ESCOLA,Referências,71,3,8,24,3,1,3,74,0
082 artigo TRATAMENTOS PARA SUPERACAO DE DORMENCIA EM SEMENTES DE LEUCAENA,Introdução,44,4,19,17,0,0,4,81,7
082 artigo TRATAMENTOS PARA SUPERACAO DE DORMENCIA EM SEMENTES DE LEUCAENA,Materiais e Métodos,56,0,8,13,8,0,1,83,0
082 artigo TRATAMENTOS PARA SUPERACAO DE DORMENCIA EM SEMENTES DE LEUCAENA,Resultados e Discussão,29,2,19,10,7,1,4,59,4
082 artigo TRATAMENTOS PARA SUPERACAO DE DORMENCIA EM SEMENTES DE LEUCAENA,Conclusão,6,0,4,5,0,0,0,15,0
082 artigo TRATAMENTOS PARA SUPERACAO DE DORMENCIA EM SEMENTES DE LEUCAENA,Agradecimentos,0,0,0,0,0,0,0,0,0
082 artigo TRATAMENTOS PARA SUPERACAO DE DORMENCIA EM SEMENTES DE LEUCAENA,Referências,62,8,4,17,1,0,1,141,0
083 artigo GESTAO DO TRABALHO RELACOES DE PODER E ADOECIMENTO REVELANDO A,Introdução,70,1,22,18,10,2,2,70,0
083 artigo GESTAO DO TRABALHO RELACOES DE PODER E ADOECIMENTO REVELANDO A,Materiais e Métodos,7,0,0,0,0,0,0,13,3
083 artigo GESTAO DO TRABALHO RELACOES DE PODER E ADOECIMENTO REVELANDO A,Resultados e Discussão,20,0,5,3,2,0,1,26,0
083 artigo GESTAO DO TRABALHO RELACOES DE PODER E ADOECIMENTO REVELANDO A,Conclusão,12,0,9,2,2,1,1,22,0
083 artigo GESTAO DO TRABALHO RELACOES DE PODER E ADOECIMENTO REVELANDO A,Agradecimentos,4,0,1,1,0,0,0,1,0
083 artigo GESTAO DO TRABALHO RELACOES DE PODER E ADOECIMENTO REVELANDO A,Referências,217,11,90,54,27,2,11,341,5
084 artigo ESCOLA INCLUSIV A OS DESAFIOS QUE PERPASSAM A EDUCACAO NO,Introdução,64,0,20,17,4,0,6,50,0
084 artigo ESCOLA INCLUSIV A OS DESAFIOS QUE PERPASSAM A EDUCACAO NO,Materiais e Métodos,42,0,9,16,0,0,0,43,0
084 artigo ESCOLA INCLUSIV A OS DESAFIOS QUE PERPASSAM A EDUCACAO NO,Resultados e Discussão,69,0,23,15,9,1,8,66,1
084 artigo ESCOLA INCLUSIV A OS DESAFIOS QUE PERPASSAM A EDUCACAO NO,Conclusão,54,0,16,9,9,0,2,56,0
084 artigo ESCOLA INCLUSIV A OS DESAFIOS QUE PERPASSAM A EDUCACAO NO,Agradecimentos,0,0,0,0,0,0,0,0,0
084 artigo ESCOLA INCLUSIV A OS DESAFIOS QUE PERPASSAM A EDUCACAO NO,Referências,48,6,4,16,0,0,2,74,0
085 artigo ENDIVIDAMENTO PUBLICO MUNICIPAL REFERENTE A LEI DE,Introdução,23,1,11,7,3,2,1,29,1
085 artigo ENDIVIDAMENTO PUBLICO MUNICIPAL REFERENTE A LEI DE,Materiais e Métodos,43,2,10,11,3,2,3,66,4
085 artigo ENDIVIDAMENTO PUBLICO MUNICIPAL REFERENTE A LEI DE,Resultados e Discussão,105,6,32,27,7,4,7,152,6
085 artigo ENDIVIDAMENTO PUBLICO MUNICIPAL REFERENTE A LEI DE,Conclusão,52,0,37,21,6,2,2,77,0
085 artigo ENDIVIDAMENTO PUBLICO MUNICIPAL REFERENTE A LEI DE,Agradecimentos,0,0,0,0,0,0,0,0,0
085 artigo ENDIVIDAMENTO PUBLICO MUNICIPAL REFERENTE A LEI DE,Referências,46,3,2,13,0,0,1,53,1
086 artigo CARACTERIZACAO DOS SOLOS EM TOPOSSEQUENCIAS NO INSELBERG DO PICO,Introdução,92,5,22,14,8,0,6,80,8
086 artigo CARACTERIZACAO DOS SOLOS EM TOPOSSEQUENCIAS NO INSELBERG DO PICO,Materiais e Métodos,16,0,3,3,1,1,0,20,0
086 artigo CARACTERIZACAO DOS SOLOS EM TOPOSSEQUENCIAS NO INSELBERG DO PICO,Resultados e Discussão,74,0,16,23,6,1,1,146,0
086 artigo CARACTERIZACAO DOS SOLOS EM TOPOSSEQUENCIAS NO INSELBERG DO PICO,Conclusão,47,0,13,21,5,1,0,60,0
086 artigo CARACTERIZACAO DOS SOLOS EM TOPOSSEQUENCIAS NO INSELBERG DO PICO,Agradecimentos,0,0,0,0,0,0,0,0,0
086 artigo CARACTERIZACAO DOS SOLOS EM TOPOSSEQUENCIAS NO INSELBERG DO PICO,Referências,62,5,1,18,1,0,1,93,4
087 artigo AUTOCONSTRUCAO ASSISTIDA DE BACIA DE EV APOTRANSPIRACAO E,Introdução,53,0,18,14,6,1,2,64,1
087 artigo AUTOCONSTRUCAO ASSISTIDA DE BACIA DE EV APOTRANSPIRACAO E,Materiais e Métodos,73,0,13,11,5,0,2,90,1
087 artigo AUTOCONSTRUCAO ASSISTIDA DE BACIA DE EV APOTRANSPIRACAO E,Resultados e Discussão,51,0,10,9,2,0,1,51,0
087 artigo AUTOCONSTRUCAO ASSISTIDA DE BACIA DE EV APOTRANSPIRACAO E,Conclusão,31,0,9,10,1,0,0,30,0
087 artigo AUTOCONSTRUCAO ASSISTIDA DE BACIA DE EV APOTRANSPIRACAO E,Agradecimentos,0,0,0,0,0,0,0,0,0
087 artigo AUTOCONSTRUCAO ASSISTIDA DE BACIA DE EV APOTRANSPIRACAO E,Referências,63,5,5,14,0,0,0,92,1
088 artigo ANSIEDADE DEPRESSAO E QUALIDADE DE VIDA E SUA ASSOCIACAO EM IDOSOS,Introdução,40,3,8,6,1,1,2,27,2
088 artigo ANSIEDADE DEPRESSAO E QUALIDADE DE VIDA E SUA ASSOCIACAO EM IDOSOS,Materiais e Métodos,38,3,9,12,2,0,0,60,2
088 artigo ANSIEDADE DEPRESSAO E QUALIDADE DE VIDA E SUA ASSOCIACAO EM IDOSOS,Resultados e Discussão,58,7,12,16,3,2,1,69,5
088 artigo ANSIEDADE DEPRESSAO E QUALIDADE DE VIDA E SUA ASSOCIACAO EM IDOSOS,Conclusão,13,0,4,5,1,0,0,13,0
088 artigo ANSIEDADE DEPRESSAO E QUALIDADE DE VIDA E SUA ASSOCIACAO EM IDOSOS,Agradecimentos,0,0,0,0,0,0,0,0,0
088 artigo ANSIEDADE DEPRESSAO E QUALIDADE DE VIDA E SUA ASSOCIACAO EM IDOSOS,Referências,41,46,2,17,0,0,0,122,0
089 artigo SIFILIS CONGENITA EM PIRAPORA MINAS GERAIS ANALISE EPIDEMIOLOGICA,Introdução,18,3,6,8,1,2,2,32,0
089 artigo SIFILIS CONGENITA EM PIRAPORA MINAS GERAIS ANALISE EPIDEMIOLOGICA,Materiais e Métodos,11,1,3,3,0,0,1,24,0
089 artigo SIFILIS CONGENITA EM PIRAPORA MINAS GERAIS ANALISE EPIDEMIOLOGICA,Resultados e Discussão,48,0,9,14,7,1,4,69,0
089 artigo SIFILIS CONGENITA EM PIRAPORA MINAS GERAIS ANALISE EPIDEMIOLOGICA,Conclusão,37,0,15,12,4,4,1,60,0
089 artigo SIFILIS CONGENITA EM PIRAPORA MINAS GERAIS ANALISE EPIDEMIOLOGICA,Agradecimentos,2,0,0,1,0,0,0,10,0
089 artigo SIFILIS CONGENITA EM PIRAPORA MINAS GERAIS ANALISE EPIDEMIOLOGICA,Referências,35,5,4,7,1,0,0,97,0
090 artigo ESTRATEGIAS METODOLOGICAS DE A V ALIACAO DA APRENDIZAGEM NA,Introdução,14,0,8,5,5,0,1,17,0
090 artigo ESTRATEGIAS METODOLOGICAS DE A V ALIACAO DA APRENDIZAGEM NA,Materiais e Métodos,77,0,43,13,3,2,2,132,16
090 artigo ESTRATEGIAS METODOLOGICAS DE A V ALIACAO DA APRENDIZAGEM NA,Resultados e Discussão,37,0,34,9,6,1,2,60,0
090 artigo ESTRATEGIAS METODOLOGICAS DE A V ALIACAO DA APRENDIZAGEM NA,Conclusão,12,0,4,2,3,0,1,28,0
090 artigo ESTRATEGIAS METODOLOGICAS DE A V ALIACAO DA APRENDIZAGEM NA,Agradecimentos,0,0,0,0,0,0,0,0,0
090 artigo ESTRATEGIAS METODOLOGICAS DE A V ALIACAO DA APRENDIZAGEM NA,Referências,92,8,26,12,5,0,0,132,2
091 artigo PROPAGACAO RAPIDA DE MANDIOCA EM FUNCAO DO,Introdução,41,4,12,17,3,2,1,48,2
091 artigo PROPAGACAO RAPIDA DE MANDIOCA EM FUNCAO DO,Materiais e Métodos,73,0,6,13,2,1,1,88,2
091 artigo PROPAGACAO RAPIDA DE MANDIOCA EM FUNCAO DO,Resultados e Discussão,67,1,13,10,8,2,2,102,4
091 artigo PROPAGACAO RAPIDA DE MANDIOCA EM FUNCAO DO,Conclusão,18,0,2,5,1,0,0,15,0
091 artigo PROPAGACAO RAPIDA DE MANDIOCA EM FUNCAO DO,Agradecimentos,0,0,0,0,0,0,0,0,0
091 artigo PROPAGACAO RAPIDA DE MANDIOCA EM FUNCAO DO,Referências,53,0,1,11,0,0,0,130,1
092 artigo INTELIGENCIA EMOCIONAL INFLUENCIA NO DESEMPENHO ACADEMICO DOS,Introdução,35,1,17,11,1,0,1,47,4
092 artigo INTELIGENCIA EMOCIONAL INFLUENCIA NO DESEMPENHO ACADEMICO DOS,Materiais e Métodos,20,0,1,2,2,0,0,18,0
092 artigo INTELIGENCIA EMOCIONAL INFLUENCIA NO DESEMPENHO ACADEMICO DOS,Resultados e Discussão,149,0,79,52,20,4,8,176,4
092 artigo INTELIGENCIA EMOCIONAL INFLUENCIA NO DESEMPENHO ACADEMICO DOS,Conclusão,40,0,30,10,9,1,5,27,0
092 artigo INTELIGENCIA EMOCIONAL INFLUENCIA NO DESEMPENHO ACADEMICO DOS,Agradecimentos,0,0,0,0,0,0,0,0,0
092 artigo INTELIGENCIA EMOCIONAL INFLUENCIA NO DESEMPENHO ACADEMICO DOS,Referências,25,5,1,12,0,0,1,73,1
093 artigo UTILIZACAO DE PO CERAMICO COMO CATALISADOR,Introdução,18,3,7,9,3,0,2,76,3
093 artigo UTILIZACAO DE PO CERAMICO COMO CATALISADOR,Materiais e Métodos,28,1,5,10,2,0,3,104,0
093 artigo UTILIZACAO DE PO CERAMICO COMO CATALISADOR,Resultados e Discussão,61,2,18,26,4,1,7,161,1
093 artigo UTILIZACAO DE PO CERAMICO COMO CATALISADOR,Conclusão,13,0,4,5,1,0,2,36,0
093 artigo UTILIZACAO DE PO CERAMICO COMO CATALISADOR,Agradecimentos,3,0,0,0,0,0,0,16,0
093 artigo UTILIZACAO DE PO CERAMICO COMO CATALISADOR,Referências,34,8,1,11,0,0,0,115,1
094 artigo INFLUENCIA DOS DETERMINANTES SOCIAIS DE SAUDE NA PANDEMIA DE COVID-,Introdução,44,1,13,18,2,0,2,67,1
094 artigo INFLUENCIA DOS DETERMINANTES SOCIAIS DE SAUDE NA PANDEMIA DE COVID-,Materiais e Métodos,19,0,5,5,1,0,0,43,0
094 artigo INFLUENCIA DOS DETERMINANTES SOCIAIS DE SAUDE NA PANDEMIA DE COVID-,Resultados e Discussão,44,3,21,35,6,1,2,103,3
094 artigo INFLUENCIA DOS DETERMINANTES SOCIAIS DE SAUDE NA PANDEMIA DE COVID-,Conclusão,11,1,4,7,1,0,1,21,0
094 artigo INFLUENCIA DOS DETERMINANTES SOCIAIS DE SAUDE NA PANDEMIA DE COVID-,Agradecimentos,0,0,0,0,0,0,0,0,0
094 artigo INFLUENCIA DOS DETERMINANTES SOCIAIS DE SAUDE NA PANDEMIA DE COVID-,Referências,34,5,1,16,0,0,1,67,0
095 artigo LESAO POR PRESSAO EM IDOSOS NO CONTEXTO DA ENFERMAGEM,Introdução,76,6,14,15,1,0,5,91,3
095 artigo LESAO POR PRESSAO EM IDOSOS NO CONTEXTO DA ENFERMAGEM,Materiais e Métodos,43,5,7,3,2,0,2,65,3
095 artigo LESAO POR PRESSAO EM IDOSOS NO CONTEXTO DA ENFERMAGEM,Resultados e Discussão,84,1,23,18,3,7,0,92,2
095 artigo LESAO POR PRESSAO EM IDOSOS NO CONTEXTO DA ENFERMAGEM,Conclusão,17,0,10,4,2,0,1,30,0
095 artigo LESAO POR PRESSAO EM IDOSOS NO CONTEXTO DA ENFERMAGEM,Agradecimentos,0,0,0,0,0,0,0,0,0
095 artigo LESAO POR PRESSAO EM IDOSOS NO CONTEXTO DA ENFERMAGEM,Referências,30,5,3,5,0,0,1,72,0
096 artigo PHILIPPE PINEL E A MANUTENCAO DO ISOLAMENTO DA LOUCURA UMA,Introdução,109,0,44,32,8,2,14,165,6
096 artigo PHILIPPE PINEL E A MANUTENCAO DO ISOLAMENTO DA LOUCURA UMA,Materiais e Métodos,19,0,2,2,1,0,0,42,0
096 artigo PHILIPPE PINEL E A MANUTENCAO DO ISOLAMENTO DA LOUCURA UMA,Resultados e Discussão,62,0,33,16,14,0,4,103,3
096 artigo PHILIPPE PINEL E A MANUTENCAO DO ISOLAMENTO DA LOUCURA UMA,Conclusão,19,0,6,4,1,1,1,16,0
096 artigo PHILIPPE PINEL E A MANUTENCAO DO ISOLAMENTO DA LOUCURA UMA,Agradecimentos,0,0,0,0,0,0,0,0,0
096 artigo PHILIPPE PINEL E A MANUTENCAO DO ISOLAMENTO DA LOUCURA UMA,Referências,34,2,2,10,0,0,3,69,0
097 artigo OMNILATERALIDADE E POLITECNIA ATE ONDE CONSIDERAR A INTEGRACAO,Introdução,15,0,7,5,3,3,1,34,0
097 artigo OMNILATERALIDADE E POLITECNIA ATE ONDE CONSIDERAR A INTEGRACAO,Materiais e Métodos,6,0,3,1,1,0,0,5,0
097 artigo OMNILATERALIDADE E POLITECNIA ATE ONDE CONSIDERAR A INTEGRACAO,Resultados e Discussão,157,0,64,76,11,5,12,308,3
097 artigo OMNILATERALIDADE E POLITECNIA ATE ONDE CONSIDERAR A INTEGRACAO,Conclusão,11,0,6,6,0,2,1,24,0
097 artigo OMNILATERALIDADE E POLITECNIA ATE ONDE CONSIDERAR A INTEGRACAO,Agradecimentos,8,0,0,1,0,0,0,7,0
097 artigo OMNILATERALIDADE E POLITECNIA ATE ONDE CONSIDERAR A INTEGRACAO,Referências,284,10,90,53,24,1,6,444,3
098 artigo RELATO DE EXPERIENCIA DO PROGRAMA PIBID CIENCIAS BIOLOGICAS,Introdução,233,17,42,62,15,3,14,298,9
098 artigo RELATO DE EXPERIENCIA DO PROGRAMA PIBID CIENCIAS BIOLOGICAS,Materiais e Métodos,0,0,0,0,0,0,0,0,0
098 artigo RELATO DE EXPERIENCIA DO PROGRAMA PIBID CIENCIAS BIOLOGICAS,Resultados e Discussão,0,0,0,0,0,0,0,0,0
098 artigo RELATO DE EXPERIENCIA DO PROGRAMA PIBID CIENCIAS BIOLOGICAS,Conclusão,17,1,5,6,2,1,1,23,0
098 artigo RELATO DE EXPERIENCIA DO PROGRAMA PIBID CIENCIAS BIOLOGICAS,Agradecimentos,0,0,0,0,0,0,0,0,0
098 artigo RELATO DE EXPERIENCIA DO PROGRAMA PIBID CIENCIAS BIOLOGICAS,Referências,46,6,2,14,0,0,2,68,2
099 artigo ANALISE DO USO DA METODOLOGIA BIM PELOS DOCENTES DO EIXO,Introdução,2,0,1,0,0,0,0,7,0
099 artigo ANALISE DO USO DA METODOLOGIA BIM PELOS DOCENTES DO EIXO,Materiais e Métodos,191,12,38,43,7,6,14,192,3
099 artigo ANALISE DO USO DA METODOLOGIA BIM PELOS DOCENTES DO EIXO,Resultados e Discussão,76,5,26,18,4,2,9,102,0
099 artigo ANALISE DO USO DA METODOLOGIA BIM PELOS DOCENTES DO EIXO,Conclusão,15,1,5,3,0,0,1,21,0
099 artigo ANALISE DO USO DA METODOLOGIA BIM PELOS DOCENTES DO EIXO,Agradecimentos,6,0,0,3,0,0,0,3,0
099 artigo ANALISE DO USO DA METODOLOGIA BIM PELOS DOCENTES DO EIXO,Referências,75,7,3,16,2,0,0,113,0
100 artigo MODELAGEM E PREVISAO DA GERACAO DE ENERGIA FOTOVOLTAICA NO,Introdução,65,5,28,22,3,1,1,82,7
100 artigo MODELAGEM E PREVISAO DA GERACAO DE ENERGIA FOTOVOLTAICA NO,Materiais e Métodos,76,2,16,23,6,0,1,103,3
100 artigo MODELAGEM E PREVISAO DA GERACAO DE ENERGIA FOTOVOLTAICA NO,Resultados e Discussão,30,0,15,11,2,1,0,57,0
100 artigo MODELAGEM E PREVISAO DA GERACAO DE ENERGIA FOTOVOLTAICA NO,Conclusão,24,0,9,9,0,2,1,44,0
100 artigo MODELAGEM E PREVISAO DA GERACAO DE ENERGIA FOTOVOLTAICA NO,Agradecimentos,9,0,0,6,0,0,0,6,0
100 artigo MODELAGEM E PREVISAO DA GERACAO DE ENERGIA FOTOVOLTAICA NO,Referências,47,9,3,23,0,0,0,123,1
101 artigo ANALISE ECONOMICA DA IMPLANTACAO DE PAINEIS FOTOVOLTAICOS NO,Introdução,50,1,12,14,6,1,1,67,2
101 artigo ANALISE ECONOMICA DA IMPLANTACAO DE PAINEIS FOTOVOLTAICOS NO,Materiais e Métodos,86,1,15,17,7,3,3,106,2
101 artigo ANALISE ECONOMICA DA IMPLANTACAO DE PAINEIS FOTOVOLTAICOS NO,Resultados e Discussão,80,0,25,15,11,0,2,77,0
101 artigo ANALISE ECONOMICA DA IMPLANTACAO DE PAINEIS FOTOVOLTAICOS NO,Conclusão,21,0,8,5,5,0,1,38,0
101 artigo ANALISE ECONOMICA DA IMPLANTACAO DE PAINEIS FOTOVOLTAICOS NO,Agradecimentos,9,0,0,6,0,0,0,6,0
101 artigo ANALISE ECONOMICA DA IMPLANTACAO DE PAINEIS FOTOVOLTAICOS NO,Referências,25,2,2,11,1,0,0,49,2
102 artigo MIGRACAO DE TRABALHADORES RURAIS DO V ALE DO JEQUITINHONHA NO,Introdução,2,0,2,0,0,0,0,0,0
102 artigo MIGRACAO DE TRABALHADORES RURAIS DO V ALE DO JEQUITINHONHA NO,Materiais e Métodos,39,0,4,5,2,0,3,37,0
102 artigo MIGRACAO DE TRABALHADORES RURAIS DO V ALE DO JEQUITINHONHA NO,Resultados e Discussão,227,2,64,57,17,4,15,274,13
102 artigo MIGRACAO DE TRABALHADORES RURAIS DO V ALE DO JEQUITINHONHA NO,Conclusão,21,0,10,4,1,0,2,21,0
102 artigo MIGRACAO DE TRABALHADORES RURAIS DO V ALE DO JEQUITINHONHA NO,Agradecimentos,6,0,1,1,1,0,0,10,0
102 artigo MIGRACAO DE TRABALHADORES RURAIS DO V ALE DO JEQUITINHONHA NO,Referências,51,5,5,14,1,0,2,92,0
103 artigo O USO DE APARELHO CELULAR NA IDENTIFICACAO DE RUIDO EM UM TRATOR,Introdução,17,2,14,5,2,1,3,23,0
103 artigo O USO DE APARELHO CELULAR NA IDENTIFICACAO DE RUIDO EM UM TRATOR,Materiais e Métodos,77,1,21,18,4,2,6,131,2
103 artigo O USO DE APARELHO CELULAR NA IDENTIFICACAO DE RUIDO EM UM TRATOR,Resultados e Discussão,204,6,76,58,18,7,16,363,10
103 artigo O USO DE APARELHO CELULAR NA IDENTIFICACAO DE RUIDO EM UM TRATOR,Conclusão,2,0,4,0,0,0,0,9,0
103 artigo O USO DE APARELHO CELULAR NA IDENTIFICACAO DE RUIDO EM UM TRATOR,Agradecimentos,0,0,0,0,0,0,0,0,0
103 artigo O USO DE APARELHO CELULAR NA IDENTIFICACAO DE RUIDO EM UM TRATOR,Referências,46,4,3,13,0,0,0,115,1
104 artigo MANIFESTACAO E RESSIGNIFICACAO IDENTITARIA DURANTE A PANDEMIA,Introdução,29,0,24,8,1,0,0,27,1
104 artigo MANIFESTACAO E RESSIGNIFICACAO IDENTITARIA DURANTE A PANDEMIA,Materiais e Métodos,47,0,15,8,6,1,1,47,1
104 artigo MANIFESTACAO E RESSIGNIFICACAO IDENTITARIA DURANTE A PANDEMIA,Resultados e Discussão,110,1,55,26,15,1,11,107,2
104 artigo MANIFESTACAO E RESSIGNIFICACAO IDENTITARIA DURANTE A PANDEMIA,Conclusão,13,0,9,4,0,1,0,18,0
104 artigo MANIFESTACAO E RESSIGNIFICACAO IDENTITARIA DURANTE A PANDEMIA,Agradecimentos,1,0,0,0,0,0,0,6,0
104 artigo MANIFESTACAO E RESSIGNIFICACAO IDENTITARIA DURANTE A PANDEMIA,Referências,80,3,47,20,11,2,8,104,0
105 artigo A INFLUENCIA DA MUSICA NO 2o PERIODO DA EDUCACAO INFANTIL EM UMA,Introdução,1,0,2,1,0,0,0,0,0
105 artigo A INFLUENCIA DA MUSICA NO 2o PERIODO DA EDUCACAO INFANTIL EM UMA,Materiais e Métodos,1,0,0,0,1,0,0,1,0
105 artigo A INFLUENCIA DA MUSICA NO 2o PERIODO DA EDUCACAO INFANTIL EM UMA,Resultados e Discussão,261,1,110,108,13,7,10,284,17
105 artigo A INFLUENCIA DA MUSICA NO 2o PERIODO DA EDUCACAO INFANTIL EM UMA,Conclusão,25,0,13,8,1,0,0,14,0
105 artigo A INFLUENCIA DA MUSICA NO 2o PERIODO DA EDUCACAO INFANTIL EM UMA,Agradecimentos,0,0,0,0,0,0,0,0,0
105 artigo A INFLUENCIA DA MUSICA NO 2o PERIODO DA EDUCACAO INFANTIL EM UMA,Referências,28,2,1,14,0,1,0,69,0
106 artigo UM PANORAMA DAS PESQUISAS QUE TRATARAM SOBRE AS DIFICULDADES EM,Introdução,54,0,28,14,6,1,8,66,0
106 artigo UM PANORAMA DAS PESQUISAS QUE TRATARAM SOBRE AS DIFICULDADES EM,Materiais e Métodos,12,0,5,0,1,0,0,7,0
106 artigo UM PANORAMA DAS PESQUISAS QUE TRATARAM SOBRE AS DIFICULDADES EM,Resultados e Discussão,1,0,0,0,0,0,0,0,0
106 artigo UM PANORAMA DAS PESQUISAS QUE TRATARAM SOBRE AS DIFICULDADES EM,Conclusão,276,0,99,55,17,1,17,270,11
106 artigo UM PANORAMA DAS PESQUISAS QUE TRATARAM SOBRE AS DIFICULDADES EM,Agradecimentos,0,0,0,0,0,0,0,0,0
106 artigo UM PANORAMA DAS PESQUISAS QUE TRATARAM SOBRE AS DIFICULDADES EM,Referências,31,0,0,13,0,0,0,41,0
107 artigo UM PANORAMA DAS PESQUISAS QUE TRATARAM SOBRE AS DIFICULDADES DOS,Introdução,55,0,30,8,11,2,2,45,0
107 artigo UM PANORAMA DAS PESQUISAS QUE TRATARAM SOBRE AS DIFICULDADES DOS,Materiais e Métodos,15,1,3,2,2,0,1,24,1
107 artigo UM PANORAMA DAS PESQUISAS QUE TRATARAM SOBRE AS DIFICULDADES DOS,Resultados e Discussão,80,0,21,6,3,0,4,60,5
107 artigo UM PANORAMA DAS PESQUISAS QUE TRATARAM SOBRE AS DIFICULDADES DOS,Conclusão,356,1,123,57,29,4,17,327,14
107 artigo UM PANORAMA DAS PESQUISAS QUE TRATARAM SOBRE AS DIFICULDADES DOS,Agradecimentos,0,0,0,0,0,0,0,0,0
107 artigo UM PANORAMA DAS PESQUISAS QUE TRATARAM SOBRE AS DIFICULDADES DOS,Referências,35,1,0,9,0,0,3,62,0
108 artigo A EVOLUCAO DO ESTUDO SOBRE A MAQUINA DE TURING AO LONGO DOS ANOS,Introdução,21,0,9,12,3,0,3,37,0
108 artigo A EVOLUCAO DO ESTUDO SOBRE A MAQUINA DE TURING AO LONGO DOS ANOS,Materiais e Métodos,46,3,25,5,5,3,2,99,0
108 artigo A EVOLUCAO DO ESTUDO SOBRE A MAQUINA DE TURING AO LONGO DOS ANOS,Resultados e Discussão,49,0,28,20,14,1,5,118,0
108 artigo A EVOLUCAO DO ESTUDO SOBRE A MAQUINA DE TURING AO LONGO DOS ANOS,Conclusão,9,0,9,3,5,1,1,14,0
108 artigo A EVOLUCAO DO ESTUDO SOBRE A MAQUINA DE TURING AO LONGO DOS ANOS,Agradecimentos,5,0,1,0,0,0,0,5,0
108 artigo A EVOLUCAO DO ESTUDO SOBRE A MAQUINA DE TURING AO LONGO DOS ANOS,Referências,7,8,3,2,0,0,0,54,0
109 artigo DESENVOLVIMENTO DE IMPLEMENTACOES NO EXCEL SOBRE FUNCAO AFIM E,Introdução,90,2,44,18,14,5,9,67,2
109 artigo DESENVOLVIMENTO DE IMPLEMENTACOES NO EXCEL SOBRE FUNCAO AFIM E,Materiais e Métodos,1,0,1,0,0,0,0,0,0
109 artigo DESENVOLVIMENTO DE IMPLEMENTACOES NO EXCEL SOBRE FUNCAO AFIM E,Resultados e Discussão,2,0,0,0,0,0,0,0,0
109 artigo DESENVOLVIMENTO DE IMPLEMENTACOES NO EXCEL SOBRE FUNCAO AFIM E,Conclusão,126,1,56,26,28,1,5,188,0
109 artigo DESENVOLVIMENTO DE IMPLEMENTACOES NO EXCEL SOBRE FUNCAO AFIM E,Agradecimentos,4,0,0,0,0,0,0,3,0
109 artigo DESENVOLVIMENTO DE IMPLEMENTACOES NO EXCEL SOBRE FUNCAO AFIM E,Referências,537,23,116,105,35,11,22,816,13
110 artigo IFLUXO CCS SISTEMA WEB PARA APOIO A GESTAO DE COORDENADORES DE,Introdução,45,0,15,12,7,0,4,58,3
110 artigo IFLUXO CCS SISTEMA WEB PARA APOIO A GESTAO DE COORDENADORES DE,Materiais e Métodos,82,2,29,9,9,3,5,120,3
110 artigo IFLUXO CCS SISTEMA WEB PARA APOIO A GESTAO DE COORDENADORES DE,Resultados e Discussão,18,0,4,0,2,0,3,46,0
110 artigo IFLUXO CCS SISTEMA WEB PARA APOIO A GESTAO DE COORDENADORES DE,Conclusão,34,1,8,10,7,0,0,47,1
110 artigo IFLUXO CCS SISTEMA WEB PARA APOIO A GESTAO DE COORDENADORES DE,Agradecimentos,5,0,0,0,0,0,0,14,0
110 artigo IFLUXO CCS SISTEMA WEB PARA APOIO A GESTAO DE COORDENADORES DE,Referências,29,4,2,7,0,0,0,62,2
111 artigo MATURIDADE FISICO-QUIMICA DO MEL DE APIS MELLIFERA APOS,Introdução,62,2,19,20,8,0,2,69,2
111 artigo MATURIDADE FISICO-QUIMICA DO MEL DE APIS MELLIFERA APOS,Materiais e Métodos,28,1,2,4,3,0,0,64,1
111 artigo MATURIDADE FISICO-QUIMICA DO MEL DE APIS MELLIFERA APOS,Resultados e Discussão,104,3,24,32,15,1,3,138,3
111 artigo MATURIDADE FISICO-QUIMICA DO MEL DE APIS MELLIFERA APOS,Conclusão,26,0,8,11,1,0,1,43,0
111 artigo MATURIDADE FISICO-QUIMICA DO MEL DE APIS MELLIFERA APOS,Agradecimentos,0,0,0,0,0,0,0,0,0
111 artigo MATURIDADE FISICO-QUIMICA DO MEL DE APIS MELLIFERA APOS,Referências,64,16,6,13,1,0,2,143,1
112 artigo APLICACAO DE REVESTIMENTOS COMESTIVEIS A BASE DE PECTINA E OLEO,Introdução,80,2,27,24,4,0,4,80,3
112 artigo APLICACAO DE REVESTIMENTOS COMESTIVEIS A BASE DE PECTINA E OLEO,Materiais e Métodos,42,1,3,6,2,1,3,83,1
112 artigo APLICACAO DE REVESTIMENTOS COMESTIVEIS A BASE DE PECTINA E OLEO,Resultados e Discussão,51,1,21,18,5,0,1,90,3
112 artigo APLICACAO DE REVESTIMENTOS COMESTIVEIS A BASE DE PECTINA E OLEO,Conclusão,9,0,4,3,0,0,1,22,0
112 artigo APLICACAO DE REVESTIMENTOS COMESTIVEIS A BASE DE PECTINA E OLEO,Agradecimentos,6,0,1,3,0,0,0,5,0
112 artigo APLICACAO DE REVESTIMENTOS COMESTIVEIS A BASE DE PECTINA E OLEO,Referências,68,9,1,19,2,0,0,115,0
113 artigo ACOMPANHAMENTO DE EGRESSOS DO IFNMG - CAMPUS SALINAS COMO,Introdução,39,0,21,22,2,0,2,57,2
113 artigo ACOMPANHAMENTO DE EGRESSOS DO IFNMG - CAMPUS SALINAS COMO,Materiais e Métodos,28,0,6,3,1,0,1,37,0
113 artigo ACOMPANHAMENTO DE EGRESSOS DO IFNMG - CAMPUS SALINAS COMO,Resultados e Discussão,124,1,62,19,11,1,8,186,1
113 artigo ACOMPANHAMENTO DE EGRESSOS DO IFNMG - CAMPUS SALINAS COMO,Conclusão,213,1,101,30,18,2,15,320,1
113 artigo ACOMPANHAMENTO DE EGRESSOS DO IFNMG - CAMPUS SALINAS COMO,Agradecimentos,0,0,0,0,0,0,0,0,0
113 artigo ACOMPANHAMENTO DE EGRESSOS DO IFNMG - CAMPUS SALINAS COMO,Referências,25,1,1,13,1,0,0,31,0
114 artigo USO DA GLICERINACAO COMO ALTERNATIVA AO FORMALDEIDO NA,Introdução,23,2,11,11,4,1,1,42,3
114 artigo USO DA GLICERINACAO COMO ALTERNATIVA AO FORMALDEIDO NA,Materiais e Métodos,37,1,5,5,2,1,2,65,1
114 artigo USO DA GLICERINACAO COMO ALTERNATIVA AO FORMALDEIDO NA,Resultados e Discussão,73,2,23,22,8,8,3,133,2
114 artigo USO DA GLICERINACAO COMO ALTERNATIVA AO FORMALDEIDO NA,Conclusão,6,0,7,2,0,3,1,18,0
114 artigo USO DA GLICERINACAO COMO ALTERNATIVA AO FORMALDEIDO NA,Agradecimentos,4,0,0,0,0,0,0,7,0
114 artigo USO DA GLICERINACAO COMO ALTERNATIVA AO FORMALDEIDO NA,Referências,68,0,3,15,2,0,1,142,2
115 artigo ANALISE DOS FOCOS DE CALOR REGISTRADOS NA AMAZAZONIA LEGAL ENTRE,Introdução,49,3,8,14,4,1,2,57,5
115 artigo ANALISE DOS FOCOS DE CALOR REGISTRADOS NA AMAZAZONIA LEGAL ENTRE,Materiais e Métodos,36,1,6,5,0,0,1,57,4
115 artigo ANALISE DOS FOCOS DE CALOR REGISTRADOS NA AMAZAZONIA LEGAL ENTRE,Resultados e Discussão,48,0,10,15,0,0,4,29,1
115 artigo ANALISE DOS FOCOS DE CALOR REGISTRADOS NA AMAZAZONIA LEGAL ENTRE,Conclusão,14,0,8,4,0,1,0,17,0
115 artigo ANALISE DOS FOCOS DE CALOR REGISTRADOS NA AMAZAZONIA LEGAL ENTRE,Agradecimentos,0,0,0,0,0,0,0,0,0
115 artigo ANALISE DOS FOCOS DE CALOR REGISTRADOS NA AMAZAZONIA LEGAL ENTRE,Referências,63,7,3,19,0,0,1,103,1
116 artigo APLICACOES DO CALCULO DIFERENCIAL E INTEGRAL,Introdução,9,0,2,4,2,1,0,11,0
116 artigo APLICACOES DO CALCULO DIFERENCIAL E INTEGRAL,Materiais e Métodos,46,1,15,9,3,1,2,57,1
116 artigo APLICACOES DO CALCULO DIFERENCIAL E INTEGRAL,Resultados e Discussão,104,1,40,16,6,3,5,132,1
116 artigo APLICACOES DO CALCULO DIFERENCIAL E INTEGRAL,Conclusão,36,0,26,14,5,2,4,59,0
116 artigo APLICACOES DO CALCULO DIFERENCIAL E INTEGRAL,Agradecimentos,5,0,0,5,0,1,0,7,0
116 artigo APLICACOES DO CALCULO DIFERENCIAL E INTEGRAL,Referências,5,0,2,4,0,0,0,17,1
117 artigo A V ALIACAO DE NOV AS V ARIEDADES DE MANDIOCA NO NORTE DE MINAS,Introdução,48,1,10,18,5,3,4,33,1
117 artigo A V ALIACAO DE NOV AS V ARIEDADES DE MANDIOCA NO NORTE DE MINAS,Materiais e Métodos,88,2,11,12,2,0,4,93,2
117 artigo A V ALIACAO DE NOV AS V ARIEDADES DE MANDIOCA NO NORTE DE MINAS,Resultados e Discussão,88,3,28,18,8,2,4,66,1
117 artigo A V ALIACAO DE NOV AS V ARIEDADES DE MANDIOCA NO NORTE DE MINAS,Conclusão,20,1,3,7,0,1,0,27,0
117 artigo A V ALIACAO DE NOV AS V ARIEDADES DE MANDIOCA NO NORTE DE MINAS,Agradecimentos,10,0,0,2,0,0,0,9,0
117 artigo A V ALIACAO DE NOV AS V ARIEDADES DE MANDIOCA NO NORTE DE MINAS,Referências,17,2,0,4,0,0,0,25,1
118 artigo A V ALIACAO DA QUALIDADE FISICO-QUIMICA E MICROBIOLOGICA DO LEITE,Introdução,55,3,17,21,2,0,1,43,1
118 artigo A V ALIACAO DA QUALIDADE FISICO-QUIMICA E MICROBIOLOGICA DO LEITE,Materiais e Métodos,29,0,0,6,1,0,0,26,1
118 artigo A V ALIACAO DA QUALIDADE FISICO-QUIMICA E MICROBIOLOGICA DO LEITE,Resultados e Discussão,88,1,26,22,9,1,8,111,1
118 artigo A V ALIACAO DA QUALIDADE FISICO-QUIMICA E MICROBIOLOGICA DO LEITE,Conclusão,9,0,4,5,0,0,0,12,0
118 artigo A V ALIACAO DA QUALIDADE FISICO-QUIMICA E MICROBIOLOGICA DO LEITE,Agradecimentos,5,0,0,0,0,0,0,6,0
118 artigo A V ALIACAO DA QUALIDADE FISICO-QUIMICA E MICROBIOLOGICA DO LEITE,Referências,41,6,4,7,1,0,0,79,0
119 artigo RELATOS DA QUARENTENA NARRATIVAS COMO FORMA DE,Introdução,27,0,17,7,5,1,2,17,0
119 artigo RELATOS DA QUARENTENA NARRATIVAS COMO FORMA DE,Materiais e Métodos,63,2,23,12,9,2,2,66,2
119 artigo RELATOS DA QUARENTENA NARRATIVAS COMO FORMA DE,Resultados e Discussão,70,1,46,11,13,3,2,80,4
119 artigo RELATOS DA QUARENTENA NARRATIVAS COMO FORMA DE,Conclusão,15,0,12,3,2,0,0,16,0
119 artigo RELATOS DA QUARENTENA NARRATIVAS COMO FORMA DE,Agradecimentos,1,0,0,0,0,0,0,14,0
119 artigo RELATOS DA QUARENTENA NARRATIVAS COMO FORMA DE,Referências,71,2,48,18,24,3,3,97,0
120 artigo AVALIACAO DO CLIMA ORGANIZACIONAL EM UM SUPERMERCADO DA CIDADE,Introdução,30,0,13,4,2,1,2,36,2
120 artigo AVALIACAO DO CLIMA ORGANIZACIONAL EM UM SUPERMERCADO DA CIDADE,Materiais e Métodos,43,1,12,11,4,0,1,43,4
120 artigo AVALIACAO DO CLIMA ORGANIZACIONAL EM UM SUPERMERCADO DA CIDADE,Resultados e Discussão,104,2,55,44,10,3,7,117,3
120 artigo AVALIACAO DO CLIMA ORGANIZACIONAL EM UM SUPERMERCADO DA CIDADE,Conclusão,25,0,14,7,2,0,0,31,0
120 artigo AVALIACAO DO CLIMA ORGANIZACIONAL EM UM SUPERMERCADO DA CIDADE,Agradecimentos,0,0,0,0,0,0,0,0,0
120 artigo AVALIACAO DO CLIMA ORGANIZACIONAL EM UM SUPERMERCADO DA CIDADE,Referências,381,11,51,72,20,2,13,477,8
121 artigo A V ALIACAO DOS ASPECTOS PRODUTIVOS DE GENOTIPOS DE GIRASSOL NO,Introdução,25,2,12,13,1,1,1,35,3
121 artigo A V ALIACAO DOS ASPECTOS PRODUTIVOS DE GENOTIPOS DE GIRASSOL NO,Materiais e Métodos,65,1,10,15,3,0,3,86,1
121 artigo A V ALIACAO DOS ASPECTOS PRODUTIVOS DE GENOTIPOS DE GIRASSOL NO,Resultados e Discussão,79,3,39,23,7,7,4,158,0
121 artigo A V ALIACAO DOS ASPECTOS PRODUTIVOS DE GENOTIPOS DE GIRASSOL NO,Conclusão,13,0,4,3,1,0,0,20,0
121 artigo A V ALIACAO DOS ASPECTOS PRODUTIVOS DE GENOTIPOS DE GIRASSOL NO,Agradecimentos,12,0,0,2,0,0,0,14,0
121 artigo A V ALIACAO DOS ASPECTOS PRODUTIVOS DE GENOTIPOS DE GIRASSOL NO,Referências,49,5,1,12,1,0,2,139,0
122 artigo CONHECIMENTO DA POPULACAO DO MUNICIPIO DE SALINAS MINAS GERAIS,Introdução,55,9,23,19,9,0,7,114,8
122 artigo CONHECIMENTO DA POPULACAO DO MUNICIPIO DE SALINAS MINAS GERAIS,Materiais e Métodos,24,0,9,5,2,0,1,43,0
122 artigo CONHECIMENTO DA POPULACAO DO MUNICIPIO DE SALINAS MINAS GERAIS,Resultados e Discussão,145,4,80,37,13,5,7,182,6
122 artigo CONHECIMENTO DA POPULACAO DO MUNICIPIO DE SALINAS MINAS GERAIS,Conclusão,25,0,19,6,5,2,4,42,0
122 artigo CONHECIMENTO DA POPULACAO DO MUNICIPIO DE SALINAS MINAS GERAIS,Agradecimentos,0,0,0,0,0,0,0,0,0
122 artigo CONHECIMENTO DA POPULACAO DO MUNICIPIO DE SALINAS MINAS GERAIS,Referências,46,7,0,6,0,0,4,63,0
123 artigo PROCESSOS DE ADMISSAO NOS CURSOS TECNICOS DE NIVEL MEDIO DA REDE,Introdução,40,1,12,15,3,0,2,47,2
123 artigo PROCESSOS DE ADMISSAO NOS CURSOS TECNICOS DE NIVEL MEDIO DA REDE,Materiais e Métodos,46,2,8,7,1,0,1,48,0
123 artigo PROCESSOS DE ADMISSAO NOS CURSOS TECNICOS DE NIVEL MEDIO DA REDE,Resultados e Discussão,90,2,15,20,3,0,2,99,0
123 artigo PROCESSOS DE ADMISSAO NOS CURSOS TECNICOS DE NIVEL MEDIO DA REDE,Conclusão,21,1,11,5,1,0,0,26,0
123 artigo PROCESSOS DE ADMISSAO NOS CURSOS TECNICOS DE NIVEL MEDIO DA REDE,Agradecimentos,2,0,0,1,0,0,0,5,0
123 artigo PROCESSOS DE ADMISSAO NOS CURSOS TECNICOS DE NIVEL MEDIO DA REDE,Referências,148,6,11,32,3,0,3,147,5
124 artigo A TRAJETORIA DOS PROCESSOS DE ADMISSAO DA REDE FEDERAL DE,Introdução,20,1,3,4,0,0,0,14,0
124 artigo A TRAJETORIA DOS PROCESSOS DE ADMISSAO DA REDE FEDERAL DE,Materiais e Métodos,45,3,11,7,0,0,2,42,4
124 artigo A TRAJETORIA DOS PROCESSOS DE ADMISSAO DA REDE FEDERAL DE,Resultados e Discussão,178,3,36,39,7,0,5,177,5
124 artigo A TRAJETORIA DOS PROCESSOS DE ADMISSAO DA REDE FEDERAL DE,Conclusão,16,0,4,3,0,0,1,17,0
124 artigo A TRAJETORIA DOS PROCESSOS DE ADMISSAO DA REDE FEDERAL DE,Agradecimentos,2,0,0,1,0,0,0,5,0
124 artigo A TRAJETORIA DOS PROCESSOS DE ADMISSAO DA REDE FEDERAL DE,Referências,180,8,12,59,0,0,4,189,1
125 artigo ESTIMATIV A DA EV APOTRANSPIRACAO DE AREAS DE REFLORESTAMENTO E,Introdução,39,1,10,11,3,2,2,44,1
125 artigo ESTIMATIV A DA EV APOTRANSPIRACAO DE AREAS DE REFLORESTAMENTO E,Materiais e Métodos,83,7,10,10,2,0,6,117,0
125 artigo ESTIMATIV A DA EV APOTRANSPIRACAO DE AREAS DE REFLORESTAMENTO E,Resultados e Discussão,147,13,25,21,5,0,8,176,1
125 artigo ESTIMATIV A DA EV APOTRANSPIRACAO DE AREAS DE REFLORESTAMENTO E,Conclusão,8,0,1,2,1,0,0,5,0
125 artigo ESTIMATIV A DA EV APOTRANSPIRACAO DE AREAS DE REFLORESTAMENTO E,Agradecimentos,2,0,0,0,0,0,0,4,0
125 artigo ESTIMATIV A DA EV APOTRANSPIRACAO DE AREAS DE REFLORESTAMENTO E,Referências,22,10,2,3,0,0,0,54,0
126 artigo AVALIACAO DO POTENCIAL DE ADSORCAO DE CARVAO ATIVADO,Introdução,51,0,23,16,1,3,3,87,3
126 artigo AVALIACAO DO POTENCIAL DE ADSORCAO DE CARVAO ATIVADO,Materiais e Métodos,39,0,14,7,6,0,4,125,0
126 artigo AVALIACAO DO POTENCIAL DE ADSORCAO DE CARVAO ATIVADO,Resultados e Discussão,58,3,28,24,6,11,5,136,6
126 artigo AVALIACAO DO POTENCIAL DE ADSORCAO DE CARVAO ATIVADO,Conclusão,11,0,7,2,1,1,0,31,0
126 artigo AVALIACAO DO POTENCIAL DE ADSORCAO DE CARVAO ATIVADO,Agradecimentos,0,0,0,0,0,0,0,0,0
126 artigo AVALIACAO DO POTENCIAL DE ADSORCAO DE CARVAO ATIVADO,Referências,38,14,0,15,0,0,1,109,0
127 artigo MONITORAMENTO E CONTROLE DE PARASITOS GASTRINTESTINAIS EM,Introdução,55,2,16,20,10,1,7,70,7
127 artigo MONITORAMENTO E CONTROLE DE PARASITOS GASTRINTESTINAIS EM,Materiais e Métodos,44,1,2,13,1,0,2,63,1
127 artigo MONITORAMENTO E CONTROLE DE PARASITOS GASTRINTESTINAIS EM,Resultados e Discussão,109,7,24,31,12,2,7,187,8
127 artigo MONITORAMENTO E CONTROLE DE PARASITOS GASTRINTESTINAIS EM,Conclusão,15,0,7,4,2,0,0,28,0
127 artigo MONITORAMENTO E CONTROLE DE PARASITOS GASTRINTESTINAIS EM,Agradecimentos,0,0,0,0,0,0,0,0,0
127 artigo MONITORAMENTO E CONTROLE DE PARASITOS GASTRINTESTINAIS EM,Referências,36,18,0,11,0,0,1,93,0
128 artigo AVALIACAO NUTRICIONAL DO CAPIM UROCHLOA COMPARADA AO CAPIM,Introdução,37,2,9,12,4,1,3,43,2
128 artigo AVALIACAO NUTRICIONAL DO CAPIM UROCHLOA COMPARADA AO CAPIM,Materiais e Métodos,47,3,2,12,1,1,8,93,4
128 artigo AVALIACAO NUTRICIONAL DO CAPIM UROCHLOA COMPARADA AO CAPIM,Resultados e Discussão,65,0,23,17,9,4,2,148,0
128 artigo AVALIACAO NUTRICIONAL DO CAPIM UROCHLOA COMPARADA AO CAPIM,Conclusão,8,0,1,3,0,0,1,6,0
128 artigo AVALIACAO NUTRICIONAL DO CAPIM UROCHLOA COMPARADA AO CAPIM,Agradecimentos,0,0,0,0,0,0,0,0,0
128 artigo AVALIACAO NUTRICIONAL DO CAPIM UROCHLOA COMPARADA AO CAPIM,Referências,53,11,1,19,2,0,0,155,0
129 artigo RETRATO DA PEDAGOGIA DAALTERNANCIA NA REDE FEDERAL DE EDUCACAO,Introdução,1,0,0,0,0,0,0,1,0
129 artigo RETRATO DA PEDAGOGIA DAALTERNANCIA NA REDE FEDERAL DE EDUCACAO,Materiais e Métodos,105,3,24,29,4,2,6,157,3
129 artigo RETRATO DA PEDAGOGIA DAALTERNANCIA NA REDE FEDERAL DE EDUCACAO,Resultados e Discussão,93,3,24,21,10,2,1,161,1
129 artigo RETRATO DA PEDAGOGIA DAALTERNANCIA NA REDE FEDERAL DE EDUCACAO,Conclusão,17,1,4,7,2,1,0,21,0
129 artigo RETRATO DA PEDAGOGIA DAALTERNANCIA NA REDE FEDERAL DE EDUCACAO,Agradecimentos,3,0,5,0,3,0,0,11,0
129 artigo RETRATO DA PEDAGOGIA DAALTERNANCIA NA REDE FEDERAL DE EDUCACAO,Referências,53,4,9,17,0,0,0,67,1
130 artigo EFEITO DOS DIFERENTES TEMPOS DE RESFRIAMENTO PRE-,Introdução,28,1,12,4,4,0,2,53,0
130 artigo EFEITO DOS DIFERENTES TEMPOS DE RESFRIAMENTO PRE-,Materiais e Métodos,115,0,6,16,6,1,2,156,0
130 artigo EFEITO DOS DIFERENTES TEMPOS DE RESFRIAMENTO PRE-,Resultados e Discussão,57,1,23,15,16,2,5,109,3
130 artigo EFEITO DOS DIFERENTES TEMPOS DE RESFRIAMENTO PRE-,Conclusão,6,0,4,2,2,0,0,15,0
130 artigo EFEITO DOS DIFERENTES TEMPOS DE RESFRIAMENTO PRE-,Agradecimentos,4,0,0,2,0,0,0,5,0
130 artigo EFEITO DOS DIFERENTES TEMPOS DE RESFRIAMENTO PRE-,Referências,25,14,2,6,3,0,0,71,0
131 artigo PADROES DE DISTRIBUICAO ESPACO-TEMPORAL DAS PRECIPITACOES NO,Introdução,51,3,16,22,4,0,0,54,0
131 artigo PADROES DE DISTRIBUICAO ESPACO-TEMPORAL DAS PRECIPITACOES NO,Materiais e Métodos,27,0,5,7,0,0,1,28,0
131 artigo PADROES DE DISTRIBUICAO ESPACO-TEMPORAL DAS PRECIPITACOES NO,Resultados e Discussão,105,0,30,47,3,0,0,69,0
131 artigo PADROES DE DISTRIBUICAO ESPACO-TEMPORAL DAS PRECIPITACOES NO,Conclusão,8,0,2,5,0,0,0,16,0
131 artigo PADROES DE DISTRIBUICAO ESPACO-TEMPORAL DAS PRECIPITACOES NO,Agradecimentos,0,0,0,0,0,0,0,0,0
131 artigo PADROES DE DISTRIBUICAO ESPACO-TEMPORAL DAS PRECIPITACOES NO,Referências,45,1,2,20,0,0,0,61,2
132 artigo ANALISE DA QUALIDADE DA AGUA PARA O CONSUMO HUMANO DO,Introdução,28,1,9,12,3,0,5,44,3
132 artigo ANALISE DA QUALIDADE DA AGUA PARA O CONSUMO HUMANO DO,Materiais e Métodos,37,0,3,9,0,0,1,82,1
132 artigo ANALISE DA QUALIDADE DA AGUA PARA O CONSUMO HUMANO DO,Resultados e Discussão,82,2,24,13,7,2,7,124,2
132 artigo ANALISE DA QUALIDADE DA AGUA PARA O CONSUMO HUMANO DO,Conclusão,14,0,10,3,0,0,1,36,0
132 artigo ANALISE DA QUALIDADE DA AGUA PARA O CONSUMO HUMANO DO,Agradecimentos,1,0,0,1,0,0,0,10,0
132 artigo ANALISE DA QUALIDADE DA AGUA PARA O CONSUMO HUMANO DO,Referências,58,4,0,17,0,0,0,95,2
133 artigo DICIONARIO LITERARIO DO ALTO RIO PARDO TAIOBEIRAS,Introdução,49,0,29,16,7,6,2,53,0
133 artigo DICIONARIO LITERARIO DO ALTO RIO PARDO TAIOBEIRAS,Materiais e Métodos,82,3,22,25,6,3,3,105,0
133 artigo DICIONARIO LITERARIO DO ALTO RIO PARDO TAIOBEIRAS,Resultados e Discussão,67,0,28,12,8,0,1,69,0
133 artigo DICIONARIO LITERARIO DO ALTO RIO PARDO TAIOBEIRAS,Conclusão,20,0,3,3,0,0,0,33,0
133 artigo DICIONARIO LITERARIO DO ALTO RIO PARDO TAIOBEIRAS,Agradecimentos,8,0,4,2,1,0,0,9,0
133 artigo DICIONARIO LITERARIO DO ALTO RIO PARDO TAIOBEIRAS,Referências,93,3,8,24,1,0,1,127,0
134 artigo INTEGRACAO CURRICULAR NOS CURSOS TECNICOS INTEGRADOS AO ENSINO,Introdução,18,0,4,7,2,0,1,33,0
134 artigo INTEGRACAO CURRICULAR NOS CURSOS TECNICOS INTEGRADOS AO ENSINO,Materiais e Métodos,7,0,1,2,3,0,1,12,0
134 artigo INTEGRACAO CURRICULAR NOS CURSOS TECNICOS INTEGRADOS AO ENSINO,Resultados e Discussão,125,1,43,34,9,1,7,245,1
134 artigo INTEGRACAO CURRICULAR NOS CURSOS TECNICOS INTEGRADOS AO ENSINO,Conclusão,9,0,6,2,1,0,1,28,0
134 artigo INTEGRACAO CURRICULAR NOS CURSOS TECNICOS INTEGRADOS AO ENSINO,Agradecimentos,0,0,0,0,0,0,0,0,0
134 artigo INTEGRACAO CURRICULAR NOS CURSOS TECNICOS INTEGRADOS AO ENSINO,Referências,86,9,13,13,24,0,0,326,0
135 artigo PANORAMA DA ACEITACAO SENSORIAL DE BEBIDA ALCOOLICA MISTA A BASE,Introdução,77,2,17,17,6,0,1,66,4
135 artigo PANORAMA DA ACEITACAO SENSORIAL DE BEBIDA ALCOOLICA MISTA A BASE,Materiais e Métodos,41,0,9,14,3,0,0,55,0
135 artigo PANORAMA DA ACEITACAO SENSORIAL DE BEBIDA ALCOOLICA MISTA A BASE,Resultados e Discussão,53,0,15,19,4,2,2,50,1
135 artigo PANORAMA DA ACEITACAO SENSORIAL DE BEBIDA ALCOOLICA MISTA A BASE,Conclusão,25,0,17,15,3,0,2,34,0
135 artigo PANORAMA DA ACEITACAO SENSORIAL DE BEBIDA ALCOOLICA MISTA A BASE,Agradecimentos,7,0,1,3,0,0,0,11,0
135 artigo PANORAMA DA ACEITACAO SENSORIAL DE BEBIDA ALCOOLICA MISTA A BASE,Referências,38,6,7,6,7,0,1,63,0
136 artigo PLATAFORMA HELADE UM RECURSO PARA O ESTUDO DE LIMITES,Introdução,112,4,42,25,7,0,5,125,5
136 artigo PLATAFORMA HELADE UM RECURSO PARA O ESTUDO DE LIMITES,Materiais e Métodos,34,0,7,4,6,0,3,46,0
136 artigo PLATAFORMA HELADE UM RECURSO PARA O ESTUDO DE LIMITES,Resultados e Discussão,29,0,29,10,8,1,1,36,0
136 artigo PLATAFORMA HELADE UM RECURSO PARA O ESTUDO DE LIMITES,Conclusão,38,0,12,6,5,1,2,50,0
136 artigo PLATAFORMA HELADE UM RECURSO PARA O ESTUDO DE LIMITES,Agradecimentos,6,0,0,4,0,0,0,3,0
136 artigo PLATAFORMA HELADE UM RECURSO PARA O ESTUDO DE LIMITES,Referências,43,3,3,4,1,0,0,50,1
137 artigo DESEMPENHO DO PROGRAMA DE GARANTIA DA ATIVIDADE AGROPECUARIA,Introdução,55,2,12,15,4,2,3,64,3
137 artigo DESEMPENHO DO PROGRAMA DE GARANTIA DA ATIVIDADE AGROPECUARIA,Materiais e Métodos,30,0,4,10,1,4,0,52,0
137 artigo DESEMPENHO DO PROGRAMA DE GARANTIA DA ATIVIDADE AGROPECUARIA,Resultados e Discussão,78,0,12,24,10,1,3,70,0
137 artigo DESEMPENHO DO PROGRAMA DE GARANTIA DA ATIVIDADE AGROPECUARIA,Conclusão,18,0,1,5,1,0,3,22,0
137 artigo DESEMPENHO DO PROGRAMA DE GARANTIA DA ATIVIDADE AGROPECUARIA,Agradecimentos,0,0,0,0,0,0,0,0,0
137 artigo DESEMPENHO DO PROGRAMA DE GARANTIA DA ATIVIDADE AGROPECUARIA,Referências,74,4,0,10,1,0,1,50,0
138 artigo DESEMPENHO AGRONOMICO DE GENOTIPOS DE GIRASSOL,Introdução,30,3,8,9,1,1,3,27,2
138 artigo DESEMPENHO AGRONOMICO DE GENOTIPOS DE GIRASSOL,Materiais e Métodos,89,1,13,19,3,0,4,144,2
138 artigo DESEMPENHO AGRONOMICO DE GENOTIPOS DE GIRASSOL,Resultados e Discussão,61,2,35,16,13,2,2,119,4
138 artigo DESEMPENHO AGRONOMICO DE GENOTIPOS DE GIRASSOL,Conclusão,6,0,4,3,0,0,0,14,0
138 artigo DESEMPENHO AGRONOMICO DE GENOTIPOS DE GIRASSOL,Agradecimentos,12,0,0,2,0,0,0,14,0
138 artigo DESEMPENHO AGRONOMICO DE GENOTIPOS DE GIRASSOL,Referências,41,2,1,10,1,0,2,132,0
139 artigo TRATAMENTOS PRE-GERMINATIVOS EM SEMENTES DE MORINGA Moringa,Introdução,85,6,30,23,7,3,8,165,8
139 artigo TRATAMENTOS PRE-GERMINATIVOS EM SEMENTES DE MORINGA Moringa,Materiais e Métodos,42,0,6,9,6,0,7,53,1
139 artigo TRATAMENTOS PRE-GERMINATIVOS EM SEMENTES DE MORINGA Moringa,Resultados e Discussão,66,2,32,19,9,2,7,113,4
139 artigo TRATAMENTOS PRE-GERMINATIVOS EM SEMENTES DE MORINGA Moringa,Conclusão,13,0,7,3,4,0,1,25,0
139 artigo TRATAMENTOS PRE-GERMINATIVOS EM SEMENTES DE MORINGA Moringa,Agradecimentos,0,0,0,0,0,0,0,0,0
139 artigo TRATAMENTOS PRE-GERMINATIVOS EM SEMENTES DE MORINGA Moringa,Referências,280,26,45,64,18,1,13,483,7
140 artigo CARACTERIZACAO DA PRODUCAO DE QUEIJO COZIDO PARA REGISTRO NO,Introdução,84,3,22,21,6,1,4,90,3
140 artigo CARACTERIZACAO DA PRODUCAO DE QUEIJO COZIDO PARA REGISTRO NO,Materiais e Métodos,29,5,2,7,2,0,3,47,2
140 artigo CARACTERIZACAO DA PRODUCAO DE QUEIJO COZIDO PARA REGISTRO NO,Resultados e Discussão,131,9,25,21,13,1,9,143,6
140 artigo CARACTERIZACAO DA PRODUCAO DE QUEIJO COZIDO PARA REGISTRO NO,Conclusão,19,0,10,2,2,0,1,17,0
140 artigo CARACTERIZACAO DA PRODUCAO DE QUEIJO COZIDO PARA REGISTRO NO,Agradecimentos,0,0,0,0,0,0,0,0,0
140 artigo CARACTERIZACAO DA PRODUCAO DE QUEIJO COZIDO PARA REGISTRO NO,Referências,68,9,5,22,2,0,4,89,0
141 artigo EFEITO DA TOSQUIA NA FREQUENCIA RESPIRATORIA E TEMPERATURAS,Introdução,34,4,15,12,6,2,1,55,7
141 artigo EFEITO DA TOSQUIA NA FREQUENCIA RESPIRATORIA E TEMPERATURAS,Materiais e Métodos,67,1,6,22,11,0,5,113,0
141 artigo EFEITO DA TOSQUIA NA FREQUENCIA RESPIRATORIA E TEMPERATURAS,Resultados e Discussão,87,4,34,20,10,4,5,117,9
141 artigo EFEITO DA TOSQUIA NA FREQUENCIA RESPIRATORIA E TEMPERATURAS,Conclusão,14,0,5,2,2,0,2,15,0
141 artigo EFEITO DA TOSQUIA NA FREQUENCIA RESPIRATORIA E TEMPERATURAS,Agradecimentos,4,0,0,2,0,0,0,5,0
141 artigo EFEITO DA TOSQUIA NA FREQUENCIA RESPIRATORIA E TEMPERATURAS,Referências,56,8,6,15,3,0,1,84,0
142 artigo TESTE DE GERMINACAO DO FEIJAO AZUKI VIGNA ANGULARIS,Introdução,40,5,14,18,7,4,2,56,1
142 artigo TESTE DE GERMINACAO DO FEIJAO AZUKI VIGNA ANGULARIS,Materiais e Métodos,70,2,17,16,5,0,2,85,2
142 artigo TESTE DE GERMINACAO DO FEIJAO AZUKI VIGNA ANGULARIS,Resultados e Discussão,109,3,33,33,10,2,4,125,3
142 artigo TESTE DE GERMINACAO DO FEIJAO AZUKI VIGNA ANGULARIS,Conclusão,7,0,6,9,4,0,1,15,0
142 artigo TESTE DE GERMINACAO DO FEIJAO AZUKI VIGNA ANGULARIS,Agradecimentos,2,0,0,1,0,0,0,3,0
142 artigo TESTE DE GERMINACAO DO FEIJAO AZUKI VIGNA ANGULARIS,Referências,30,11,4,8,0,0,1,117,1
143 artigo ATRATIVOS TURISTICOS ALTERNATIVOS NO MUNICIPIO DE PIRAPORAMG,Introdução,62,0,19,18,6,2,2,59,1
143 artigo ATRATIVOS TURISTICOS ALTERNATIVOS NO MUNICIPIO DE PIRAPORAMG,Materiais e Métodos,34,1,11,3,3,0,1,45,0
143 artigo ATRATIVOS TURISTICOS ALTERNATIVOS NO MUNICIPIO DE PIRAPORAMG,Resultados e Discussão,73,0,27,17,7,0,2,71,0
143 artigo ATRATIVOS TURISTICOS ALTERNATIVOS NO MUNICIPIO DE PIRAPORAMG,Conclusão,25,0,11,3,6,1,1,29,0
143 artigo ATRATIVOS TURISTICOS ALTERNATIVOS NO MUNICIPIO DE PIRAPORAMG,Agradecimentos,3,0,0,0,0,0,0,2,0
143 artigo ATRATIVOS TURISTICOS ALTERNATIVOS NO MUNICIPIO DE PIRAPORAMG,Referências,122,4,5,21,0,0,0,124,1
144 artigo UM LEVANTAMENTO DE PESQUISAS QUE TRATARAM SOBRE ENSINO,Introdução,68,0,35,8,7,3,4,54,0
144 artigo UM LEVANTAMENTO DE PESQUISAS QUE TRATARAM SOBRE ENSINO,Materiais e Métodos,15,0,2,2,2,0,2,28,0
144 artigo UM LEVANTAMENTO DE PESQUISAS QUE TRATARAM SOBRE ENSINO,Resultados e Discussão,216,1,62,45,10,9,11,190,8
144 artigo UM LEVANTAMENTO DE PESQUISAS QUE TRATARAM SOBRE ENSINO,Conclusão,293,1,87,50,18,10,20,275,8
144 artigo UM LEVANTAMENTO DE PESQUISAS QUE TRATARAM SOBRE ENSINO,Agradecimentos,0,0,0,0,0,0,0,0,0
144 artigo UM LEVANTAMENTO DE PESQUISAS QUE TRATARAM SOBRE ENSINO,Referências,36,0,2,11,0,1,2,50,0
145 artigo VIABILIDADE ECONOMICA DA PRODUCAO DE MEL DE APIS MELLIFERA COM,Introdução,75,1,37,33,14,1,5,117,5
145 artigo VIABILIDADE ECONOMICA DA PRODUCAO DE MEL DE APIS MELLIFERA COM,Materiais e Métodos,51,1,6,3,2,0,1,93,3
145 artigo VIABILIDADE ECONOMICA DA PRODUCAO DE MEL DE APIS MELLIFERA COM,Resultados e Discussão,82,4,35,19,7,3,9,93,5
145 artigo VIABILIDADE ECONOMICA DA PRODUCAO DE MEL DE APIS MELLIFERA COM,Conclusão,7,0,4,4,0,0,0,18,0
145 artigo VIABILIDADE ECONOMICA DA PRODUCAO DE MEL DE APIS MELLIFERA COM,Agradecimentos,0,0,0,0,0,0,0,0,0
145 artigo VIABILIDADE ECONOMICA DA PRODUCAO DE MEL DE APIS MELLIFERA COM,Referências,85,9,2,17,2,0,0,105,0
146 artigo PRODUCAO DE SEMENTES CRIOULAS NA COMUNIDADE PALMITAL -,Introdução,59,0,27,7,9,0,6,63,1
146 artigo PRODUCAO DE SEMENTES CRIOULAS NA COMUNIDADE PALMITAL -,Materiais e Métodos,39,0,8,9,0,0,2,50,3
146 artigo PRODUCAO DE SEMENTES CRIOULAS NA COMUNIDADE PALMITAL -,Resultados e Discussão,71,0,48,14,16,5,2,68,0
146 artigo PRODUCAO DE SEMENTES CRIOULAS NA COMUNIDADE PALMITAL -,Conclusão,79,0,38,14,21,1,2,116,0
146 artigo PRODUCAO DE SEMENTES CRIOULAS NA COMUNIDADE PALMITAL -,Agradecimentos,5,0,2,2,0,0,0,9,0
146 artigo PRODUCAO DE SEMENTES CRIOULAS NA COMUNIDADE PALMITAL -,Referências,29,5,1,7,0,0,0,43,0
147 artigo EFEITOS DO MONOCULTIVO DE EUCALIPTO NA PRODUCAO DE AGUA NO ALTO,Introdução,70,0,23,19,6,2,2,93,0
147 artigo EFEITOS DO MONOCULTIVO DE EUCALIPTO NA PRODUCAO DE AGUA NO ALTO,Materiais e Métodos,66,0,9,14,2,0,2,63,0
147 artigo EFEITOS DO MONOCULTIVO DE EUCALIPTO NA PRODUCAO DE AGUA NO ALTO,Resultados e Discussão,59,2,14,13,2,0,6,79,1
147 artigo EFEITOS DO MONOCULTIVO DE EUCALIPTO NA PRODUCAO DE AGUA NO ALTO,Conclusão,24,0,8,6,3,0,1,34,0
147 artigo EFEITOS DO MONOCULTIVO DE EUCALIPTO NA PRODUCAO DE AGUA NO ALTO,Agradecimentos,1,0,0,1,0,0,0,4,0
147 artigo EFEITOS DO MONOCULTIVO DE EUCALIPTO NA PRODUCAO DE AGUA NO ALTO,Referências,22,2,1,3,0,0,1,23,0
148 artigo ESTUDO TEORICO COMPUTACIONAL DAS RELACOES QUANTITATIV AS ENTRE,Introdução,65,5,15,27,4,1,0,85,6
148 artigo ESTUDO TEORICO COMPUTACIONAL DAS RELACOES QUANTITATIV AS ENTRE,Materiais e Métodos,53,5,18,22,5,0,1,115,2
148 artigo ESTUDO TEORICO COMPUTACIONAL DAS RELACOES QUANTITATIV AS ENTRE,Resultados e Discussão,34,0,18,15,5,4,1,94,1
148 artigo ESTUDO TEORICO COMPUTACIONAL DAS RELACOES QUANTITATIV AS ENTRE,Conclusão,28,1,12,11,1,0,1,72,0
148 artigo ESTUDO TEORICO COMPUTACIONAL DAS RELACOES QUANTITATIV AS ENTRE,Agradecimentos,2,0,0,2,0,0,0,5,0
148 artigo ESTUDO TEORICO COMPUTACIONAL DAS RELACOES QUANTITATIV AS ENTRE,Referências,29,25,6,4,1,0,0,136,1
149 artigo A IMPORTANCIA DAS DISCIPLINAS DIDATICO-PEDAGOGICAS NA FORMACAO DO,Introdução,55,2,22,15,6,1,6,96,1
149 artigo A IMPORTANCIA DAS DISCIPLINAS DIDATICO-PEDAGOGICAS NA FORMACAO DO,Materiais e Métodos,53,2,11,7,2,0,9,79,0
149 artigo A IMPORTANCIA DAS DISCIPLINAS DIDATICO-PEDAGOGICAS NA FORMACAO DO,Resultados e Discussão,106,1,54,17,17,14,3,166,0
149 artigo A IMPORTANCIA DAS DISCIPLINAS DIDATICO-PEDAGOGICAS NA FORMACAO DO,Conclusão,19,0,5,1,2,1,1,27,0
149 artigo A IMPORTANCIA DAS DISCIPLINAS DIDATICO-PEDAGOGICAS NA FORMACAO DO,Agradecimentos,0,0,0,0,0,0,0,0,0
149 artigo A IMPORTANCIA DAS DISCIPLINAS DIDATICO-PEDAGOGICAS NA FORMACAO DO,Referências,24,0,0,3,0,0,0,44,0
150 artigo QUEBRA DE DORMENCIA EM SEMENTES DE MAROLO,Introdução,51,0,19,17,5,1,2,64,0
150 artigo QUEBRA DE DORMENCIA EM SEMENTES DE MAROLO,Materiais e Métodos,57,1,4,6,2,0,2,94,2
150 artigo QUEBRA DE DORMENCIA EM SEMENTES DE MAROLO,Resultados e Discussão,75,2,17,20,1,0,1,108,2
150 artigo QUEBRA DE DORMENCIA EM SEMENTES DE MAROLO,Conclusão,4,0,1,1,0,0,0,9,0
150 artigo QUEBRA DE DORMENCIA EM SEMENTES DE MAROLO,Agradecimentos,8,0,0,2,0,0,0,19,0
150 artigo QUEBRA DE DORMENCIA EM SEMENTES DE MAROLO,Referências,64,5,1,9,2,0,0,93,2
151 artigo REFRIGERACAO DE SEMEN CANINO EM MEIO DILUENTE A BASE DE AGUA DE,Introdução,26,2,15,17,4,0,0,54,2
151 artigo REFRIGERACAO DE SEMEN CANINO EM MEIO DILUENTE A BASE DE AGUA DE,Materiais e Métodos,67,2,7,22,7,2,2,127,0
151 artigo REFRIGERACAO DE SEMEN CANINO EM MEIO DILUENTE A BASE DE AGUA DE,Resultados e Discussão,111,5,24,40,17,3,6,211,5
151 artigo REFRIGERACAO DE SEMEN CANINO EM MEIO DILUENTE A BASE DE AGUA DE,Conclusão,4,1,2,3,0,0,1,9,0
151 artigo REFRIGERACAO DE SEMEN CANINO EM MEIO DILUENTE A BASE DE AGUA DE,Agradecimentos,0,0,0,0,0,0,0,0,0
151 artigo REFRIGERACAO DE SEMEN CANINO EM MEIO DILUENTE A BASE DE AGUA DE,Referências,57,3,1,16,2,0,0,85,0
152 artigo V ALOR NUTRICIONAL DA LA VOURA DE MILHO PARA SILAGEM,Introdução,49,2,13,12,6,0,3,53,3
152 artigo V ALOR NUTRICIONAL DA LA VOURA DE MILHO PARA SILAGEM,Materiais e Métodos,54,1,8,10,4,0,1,84,1
152 artigo V ALOR NUTRICIONAL DA LA VOURA DE MILHO PARA SILAGEM,Resultados e Discussão,71,5,22,19,7,1,4,90,4
152 artigo V ALOR NUTRICIONAL DA LA VOURA DE MILHO PARA SILAGEM,Conclusão,2,0,1,3,0,0,0,5,0
152 artigo V ALOR NUTRICIONAL DA LA VOURA DE MILHO PARA SILAGEM,Agradecimentos,13,0,0,2,0,0,1,22,0
152 artigo V ALOR NUTRICIONAL DA LA VOURA DE MILHO PARA SILAGEM,Referências,74,9,3,21,0,0,0,121,0
153 artigo PESQUISA EXPLORATORIA MAQUINA DE TURING,Introdução,5,0,2,2,1,0,1,13,0
153 artigo PESQUISA EXPLORATORIA MAQUINA DE TURING,Materiais e Métodos,22,2,18,7,1,0,3,46,1
153 artigo PESQUISA EXPLORATORIA MAQUINA DE TURING,Resultados e Discussão,46,5,21,19,5,0,6,104,0
153 artigo PESQUISA EXPLORATORIA MAQUINA DE TURING,Conclusão,31,0,17,13,4,0,0,61,0
153 artigo PESQUISA EXPLORATORIA MAQUINA DE TURING,Agradecimentos,0,0,0,0,0,0,0,0,0
153 artigo PESQUISA EXPLORATORIA MAQUINA DE TURING,Referências,109,15,58,36,11,0,7,218,2
154 artigo METODOLOGIAS UTILIZADAS NA MODALIDADE DE ENSINO REMOTO QUE,Introdução,65,5,25,16,5,0,6,56,3
154 artigo METODOLOGIAS UTILIZADAS NA MODALIDADE DE ENSINO REMOTO QUE,Materiais e Métodos,23,0,3,8,5,2,1,35,1
154 artigo METODOLOGIAS UTILIZADAS NA MODALIDADE DE ENSINO REMOTO QUE,Resultados e Discussão,71,1,35,18,14,1,11,95,0
154 artigo METODOLOGIAS UTILIZADAS NA MODALIDADE DE ENSINO REMOTO QUE,Conclusão,23,0,4,4,4,0,2,35,0
154 artigo METODOLOGIAS UTILIZADAS NA MODALIDADE DE ENSINO REMOTO QUE,Agradecimentos,7,0,1,0,0,0,0,11,0
154 artigo METODOLOGIAS UTILIZADAS NA MODALIDADE DE ENSINO REMOTO QUE,Referências,42,2,9,10,1,0,1,60,2
155 artigo PITAYA NORTE MINEIRA UMA PRODUCAO DIVERSIFICADA DO USO DO FRUTO,Introdução,67,5,23,23,8,0,6,109,3
155 artigo PITAYA NORTE MINEIRA UMA PRODUCAO DIVERSIFICADA DO USO DO FRUTO,Materiais e Métodos,29,0,6,11,0,0,0,70,0
155 artigo PITAYA NORTE MINEIRA UMA PRODUCAO DIVERSIFICADA DO USO DO FRUTO,Resultados e Discussão,69,3,31,24,9,2,10,137,6
155 artigo PITAYA NORTE MINEIRA UMA PRODUCAO DIVERSIFICADA DO USO DO FRUTO,Conclusão,10,0,4,2,0,2,0,14,0
155 artigo PITAYA NORTE MINEIRA UMA PRODUCAO DIVERSIFICADA DO USO DO FRUTO,Agradecimentos,10,0,0,5,0,0,0,15,0
155 artigo PITAYA NORTE MINEIRA UMA PRODUCAO DIVERSIFICADA DO USO DO FRUTO,Referências,72,9,6,22,1,0,0,161,0
156 artigo DESENVOLVIMENTO DE UM SISTEMA DE INFORMACAO PARA CONSULTORIOS,Introdução,71,0,30,16,10,0,2,105,4
156 artigo DESENVOLVIMENTO DE UM SISTEMA DE INFORMACAO PARA CONSULTORIOS,Materiais e Métodos,46,0,11,4,6,0,4,53,0
156 artigo DESENVOLVIMENTO DE UM SISTEMA DE INFORMACAO PARA CONSULTORIOS,Resultados e Discussão,26,0,8,1,5,0,1,36,0
156 artigo DESENVOLVIMENTO DE UM SISTEMA DE INFORMACAO PARA CONSULTORIOS,Conclusão,18,0,8,1,2,0,4,32,0
156 artigo DESENVOLVIMENTO DE UM SISTEMA DE INFORMACAO PARA CONSULTORIOS,Agradecimentos,0,0,0,0,0,0,0,0,0
156 artigo DESENVOLVIMENTO DE UM SISTEMA DE INFORMACAO PARA CONSULTORIOS,Referências,33,3,2,6,0,0,0,49,3
157 artigo SINTESE E CARACTERIZACAO DE NANOPARTICULAS DE -FeOOH PARA,Introdução,29,3,20,12,7,0,3,70,3
157 artigo SINTESE E CARACTERIZACAO DE NANOPARTICULAS DE -FeOOH PARA,Materiais e Métodos,23,1,2,4,0,0,1,76,1
157 artigo SINTESE E CARACTERIZACAO DE NANOPARTICULAS DE -FeOOH PARA,Resultados e Discussão,39,1,12,11,3,0,2,86,1
157 artigo SINTESE E CARACTERIZACAO DE NANOPARTICULAS DE -FeOOH PARA,Conclusão,10,0,4,4,2,0,0,22,0
157 artigo SINTESE E CARACTERIZACAO DE NANOPARTICULAS DE -FeOOH PARA,Agradecimentos,2,0,0,0,0,0,0,4,0
157 artigo SINTESE E CARACTERIZACAO DE NANOPARTICULAS DE -FeOOH PARA,Referências,28,21,0,6,0,0,0,98,2
158 artigo A V ALIACAO DA VELOCIDADE DE HEMOSSEDIMENTACAO EM CADELAS COM,Introdução,30,1,10,18,6,1,2,62,2
158 artigo A V ALIACAO DA VELOCIDADE DE HEMOSSEDIMENTACAO EM CADELAS COM,Materiais e Métodos,36,1,23,8,10,1,2,104,6
158 artigo A V ALIACAO DA VELOCIDADE DE HEMOSSEDIMENTACAO EM CADELAS COM,Resultados e Discussão,91,1,27,9,6,0,6,165,4
158 artigo A V ALIACAO DA VELOCIDADE DE HEMOSSEDIMENTACAO EM CADELAS COM,Conclusão,3,0,5,0,0,0,0,20,0
158 artigo A V ALIACAO DA VELOCIDADE DE HEMOSSEDIMENTACAO EM CADELAS COM,Agradecimentos,7,0,0,0,0,0,0,10,0
158 artigo A V ALIACAO DA VELOCIDADE DE HEMOSSEDIMENTACAO EM CADELAS COM,Referências,38,11,1,4,3,0,0,108,0
159 artigo A V ALIACAO DO PERFIL MICROBIOLOGICO DO SANGUE DE CADELAS COM,Introdução,74,9,45,26,13,6,3,212,6
159 artigo A V ALIACAO DO PERFIL MICROBIOLOGICO DO SANGUE DE CADELAS COM,Materiais e Métodos,49,0,5,5,6,0,3,99,0
159 artigo A V ALIACAO DO PERFIL MICROBIOLOGICO DO SANGUE DE CADELAS COM,Resultados e Discussão,17,0,5,1,2,0,1,37,0
159 artigo A V ALIACAO DO PERFIL MICROBIOLOGICO DO SANGUE DE CADELAS COM,Conclusão,1,0,1,0,1,0,0,15,0
159 artigo A V ALIACAO DO PERFIL MICROBIOLOGICO DO SANGUE DE CADELAS COM,Agradecimentos,7,0,0,0,0,0,0,10,0
159 artigo A V ALIACAO DO PERFIL MICROBIOLOGICO DO SANGUE DE CADELAS COM,Referências,41,14,1,15,0,0,0,123,0
160 artigo IRRIGACAO E EPOCA DE COLHEITA NA CULTURA DA MANDIOCA INDUSTRIA,Introdução,47,0,19,17,8,1,3,53,1
160 artigo IRRIGACAO E EPOCA DE COLHEITA NA CULTURA DA MANDIOCA INDUSTRIA,Materiais e Métodos,73,1,9,15,1,0,2,75,2
160 artigo IRRIGACAO E EPOCA DE COLHEITA NA CULTURA DA MANDIOCA INDUSTRIA,Resultados e Discussão,104,5,39,17,5,3,2,88,3
160 artigo IRRIGACAO E EPOCA DE COLHEITA NA CULTURA DA MANDIOCA INDUSTRIA,Conclusão,9,0,4,3,0,1,0,19,0
160 artigo IRRIGACAO E EPOCA DE COLHEITA NA CULTURA DA MANDIOCA INDUSTRIA,Agradecimentos,5,0,0,2,0,0,0,2,0
160 artigo IRRIGACAO E EPOCA DE COLHEITA NA CULTURA DA MANDIOCA INDUSTRIA,Referências,48,7,0,12,0,0,1,72,0
161 artigo V ARIEDADES DE MANDIOCA INDUSTRIA EM AMBIENTES DE SEQUEIRO E,Introdução,54,0,11,26,8,1,2,46,1
161 artigo V ARIEDADES DE MANDIOCA INDUSTRIA EM AMBIENTES DE SEQUEIRO E,Materiais e Métodos,58,1,9,13,4,0,2,67,1
161 artigo V ARIEDADES DE MANDIOCA INDUSTRIA EM AMBIENTES DE SEQUEIRO E,Resultados e Discussão,101,2,27,19,6,5,4,78,2
161 artigo V ARIEDADES DE MANDIOCA INDUSTRIA EM AMBIENTES DE SEQUEIRO E,Conclusão,31,0,5,10,1,0,0,42,0
161 artigo V ARIEDADES DE MANDIOCA INDUSTRIA EM AMBIENTES DE SEQUEIRO E,Agradecimentos,10,0,0,2,0,0,0,9,0
161 artigo V ARIEDADES DE MANDIOCA INDUSTRIA EM AMBIENTES DE SEQUEIRO E,Referências,24,5,0,8,0,0,0,52,0
162 artigo FATORES ASSOCIADOS A FOME EM ADOLESCENTES BRASILEIROS SEGUNDO A,Introdução,56,4,19,10,4,1,5,70,5
162 artigo FATORES ASSOCIADOS A FOME EM ADOLESCENTES BRASILEIROS SEGUNDO A,Materiais e Métodos,82,1,22,19,9,0,4,133,1
162 artigo FATORES ASSOCIADOS A FOME EM ADOLESCENTES BRASILEIROS SEGUNDO A,Resultados e Discussão,70,0,26,17,6,2,6,104,0
162 artigo FATORES ASSOCIADOS A FOME EM ADOLESCENTES BRASILEIROS SEGUNDO A,Conclusão,9,0,3,3,0,0,3,17,0
162 artigo FATORES ASSOCIADOS A FOME EM ADOLESCENTES BRASILEIROS SEGUNDO A,Agradecimentos,0,0,0,0,0,0,0,0,0
162 artigo FATORES ASSOCIADOS A FOME EM ADOLESCENTES BRASILEIROS SEGUNDO A,Referências,41,7,3,9,0,0,0,69,0
163 artigo PROCESSO DE DESENVOLVIMENTO DE JOGO EDUCACIONAL QUIZ DE,Introdução,92,1,45,23,8,0,6,96,3
163 artigo PROCESSO DE DESENVOLVIMENTO DE JOGO EDUCACIONAL QUIZ DE,Materiais e Métodos,20,0,7,3,2,0,0,24,0
163 artigo PROCESSO DE DESENVOLVIMENTO DE JOGO EDUCACIONAL QUIZ DE,Resultados e Discussão,94,0,46,19,10,2,2,89,1
163 artigo PROCESSO DE DESENVOLVIMENTO DE JOGO EDUCACIONAL QUIZ DE,Conclusão,46,0,20,16,5,0,2,61,2
163 artigo PROCESSO DE DESENVOLVIMENTO DE JOGO EDUCACIONAL QUIZ DE,Agradecimentos,2,0,0,0,0,0,0,4,0
163 artigo PROCESSO DE DESENVOLVIMENTO DE JOGO EDUCACIONAL QUIZ DE,Referências,42,1,4,6,0,0,1,49,2
164 artigo ANALISE DA COMPOSICAO GRAVIMETRICA E CLASSIFICACAO DOS RESIDUOS,Introdução,25,1,8,13,0,0,1,41,1
164 artigo ANALISE DA COMPOSICAO GRAVIMETRICA E CLASSIFICACAO DOS RESIDUOS,Materiais e Métodos,76,2,11,13,1,0,4,71,2
164 artigo ANALISE DA COMPOSICAO GRAVIMETRICA E CLASSIFICACAO DOS RESIDUOS,Resultados e Discussão,58,2,20,19,6,1,4,87,1
164 artigo ANALISE DA COMPOSICAO GRAVIMETRICA E CLASSIFICACAO DOS RESIDUOS,Conclusão,17,0,5,5,2,2,0,30,0
164 artigo ANALISE DA COMPOSICAO GRAVIMETRICA E CLASSIFICACAO DOS RESIDUOS,Agradecimentos,6,0,0,3,0,0,0,5,0
164 artigo ANALISE DA COMPOSICAO GRAVIMETRICA E CLASSIFICACAO DOS RESIDUOS,Referências,81,2,4,24,0,0,0,122,1
165 artigo O ENSINO REMOTO EMERGENCIAL E A APRENDIZAGEM,Introdução,48,1,9,15,6,1,0,54,0
165 artigo O ENSINO REMOTO EMERGENCIAL E A APRENDIZAGEM,Materiais e Métodos,8,0,2,2,1,0,0,7,0
165 artigo O ENSINO REMOTO EMERGENCIAL E A APRENDIZAGEM,Resultados e Discussão,127,4,65,27,21,1,7,122,6
165 artigo O ENSINO REMOTO EMERGENCIAL E A APRENDIZAGEM,Conclusão,39,2,21,15,7,2,0,32,0
165 artigo O ENSINO REMOTO EMERGENCIAL E A APRENDIZAGEM,Agradecimentos,0,0,0,0,0,0,0,0,0
165 artigo O ENSINO REMOTO EMERGENCIAL E A APRENDIZAGEM,Referências,55,16,2,7,2,0,1,83,0
166 artigo ANALISE DA PERCEPCAO DOS DISCENTES DO IFNMGCAMPUS JANUARIA SOBRE,Introdução,25,2,6,15,2,1,4,46,3
166 artigo ANALISE DA PERCEPCAO DOS DISCENTES DO IFNMGCAMPUS JANUARIA SOBRE,Materiais e Métodos,49,1,7,11,0,0,1,62,0
166 artigo ANALISE DA PERCEPCAO DOS DISCENTES DO IFNMGCAMPUS JANUARIA SOBRE,Resultados e Discussão,88,1,37,31,5,2,3,121,2
166 artigo ANALISE DA PERCEPCAO DOS DISCENTES DO IFNMGCAMPUS JANUARIA SOBRE,Conclusão,4,0,2,3,0,0,0,13,0
166 artigo ANALISE DA PERCEPCAO DOS DISCENTES DO IFNMGCAMPUS JANUARIA SOBRE,Agradecimentos,6,0,0,3,0,0,0,13,0
166 artigo ANALISE DA PERCEPCAO DOS DISCENTES DO IFNMGCAMPUS JANUARIA SOBRE,Referências,291,25,72,104,13,0,17,562,14
167 artigo TEMPO DE RUMINACAO EM OVINOS ALIMENTADOS COM FARELO DE PALMA,Introdução,42,2,8,5,2,0,2,43,2
167 artigo TEMPO DE RUMINACAO EM OVINOS ALIMENTADOS COM FARELO DE PALMA,Materiais e Métodos,81,2,11,13,5,0,3,92,2
167 artigo TEMPO DE RUMINACAO EM OVINOS ALIMENTADOS COM FARELO DE PALMA,Resultados e Discussão,42,1,6,3,3,1,3,44,1
167 artigo TEMPO DE RUMINACAO EM OVINOS ALIMENTADOS COM FARELO DE PALMA,Conclusão,8,0,2,0,1,0,0,5,0
167 artigo TEMPO DE RUMINACAO EM OVINOS ALIMENTADOS COM FARELO DE PALMA,Agradecimentos,2,0,1,0,0,0,0,5,0
167 artigo TEMPO DE RUMINACAO EM OVINOS ALIMENTADOS COM FARELO DE PALMA,Referências,34,14,0,7,0,0,0,73,0
168 artigo CARACTERISTICAS AGRONOMICAS DE CULTIV ARES DE PALMA FORRAGEIRA NO,Introdução,34,0,6,10,2,0,1,41,0
168 artigo CARACTERISTICAS AGRONOMICAS DE CULTIV ARES DE PALMA FORRAGEIRA NO,Materiais e Métodos,71,0,11,10,5,0,1,75,0
168 artigo CARACTERISTICAS AGRONOMICAS DE CULTIV ARES DE PALMA FORRAGEIRA NO,Resultados e Discussão,62,4,14,14,3,1,0,69,1
168 artigo CARACTERISTICAS AGRONOMICAS DE CULTIV ARES DE PALMA FORRAGEIRA NO,Conclusão,10,0,3,2,0,0,1,8,0
168 artigo CARACTERISTICAS AGRONOMICAS DE CULTIV ARES DE PALMA FORRAGEIRA NO,Agradecimentos,4,0,0,0,0,0,0,10,0
168 artigo CARACTERISTICAS AGRONOMICAS DE CULTIV ARES DE PALMA FORRAGEIRA NO,Referências,51,8,0,14,0,0,0,72,1
169 artigo DESENVOLVIMENTO DE JOGO EDUCACIONAL DIGITAL USANDO TECNICAS,Introdução,61,0,24,15,3,2,2,53,2
169 artigo DESENVOLVIMENTO DE JOGO EDUCACIONAL DIGITAL USANDO TECNICAS,Materiais e Métodos,92,0,43,13,8,0,2,97,1
169 artigo DESENVOLVIMENTO DE JOGO EDUCACIONAL DIGITAL USANDO TECNICAS,Resultados e Discussão,37,0,15,13,3,0,2,45,0
169 artigo DESENVOLVIMENTO DE JOGO EDUCACIONAL DIGITAL USANDO TECNICAS,Conclusão,13,0,7,2,2,0,0,10,0
169 artigo DESENVOLVIMENTO DE JOGO EDUCACIONAL DIGITAL USANDO TECNICAS,Agradecimentos,4,0,0,0,0,0,0,2,0
169 artigo DESENVOLVIMENTO DE JOGO EDUCACIONAL DIGITAL USANDO TECNICAS,Referências,29,0,6,6,1,0,0,25,1
170 artigo PERFIL SENSORIAL DA ACEITACAO DE CAIPIRINHA ELABORADA A PARTIR DE,Introdução,86,1,29,19,13,1,1,113,4
170 artigo PERFIL SENSORIAL DA ACEITACAO DE CAIPIRINHA ELABORADA A PARTIR DE,Materiais e Métodos,33,0,9,8,3,0,0,41,0
170 artigo PERFIL SENSORIAL DA ACEITACAO DE CAIPIRINHA ELABORADA A PARTIR DE,Resultados e Discussão,69,1,20,18,5,2,3,70,1
170 artigo PERFIL SENSORIAL DA ACEITACAO DE CAIPIRINHA ELABORADA A PARTIR DE,Conclusão,31,0,10,8,1,1,1,40,0
170 artigo PERFIL SENSORIAL DA ACEITACAO DE CAIPIRINHA ELABORADA A PARTIR DE,Agradecimentos,7,0,1,3,0,0,0,3,0
170 artigo PERFIL SENSORIAL DA ACEITACAO DE CAIPIRINHA ELABORADA A PARTIR DE,Referências,44,3,9,8,8,0,0,59,1
171 artigo PARAMETROS DE CRESCIMENTO DE SORGO FORRAGEIRO E FEIJAO GUANDU,Introdução,32,2,12,12,4,1,2,56,3
171 artigo PARAMETROS DE CRESCIMENTO DE SORGO FORRAGEIRO E FEIJAO GUANDU,Materiais e Métodos,75,1,13,11,3,0,3,122,2
171 artigo PARAMETROS DE CRESCIMENTO DE SORGO FORRAGEIRO E FEIJAO GUANDU,Resultados e Discussão,29,1,10,9,2,1,1,40,1
171 artigo PARAMETROS DE CRESCIMENTO DE SORGO FORRAGEIRO E FEIJAO GUANDU,Conclusão,2,0,2,1,1,0,0,13,0
171 artigo PARAMETROS DE CRESCIMENTO DE SORGO FORRAGEIRO E FEIJAO GUANDU,Agradecimentos,9,0,0,0,0,0,0,13,0
171 artigo PARAMETROS DE CRESCIMENTO DE SORGO FORRAGEIRO E FEIJAO GUANDU,Referências,43,8,0,8,0,0,0,108,1
172 artigo ESTUDO SOBRE O FUNCIONAMENTO TEORICO DE UMA MAQUINA TURING NAO,Introdução,24,0,12,9,5,0,0,44,0
172 artigo ESTUDO SOBRE O FUNCIONAMENTO TEORICO DE UMA MAQUINA TURING NAO,Materiais e Métodos,14,0,5,2,0,0,0,20,0
172 artigo ESTUDO SOBRE O FUNCIONAMENTO TEORICO DE UMA MAQUINA TURING NAO,Resultados e Discussão,227,1,175,69,29,2,16,443,8
172 artigo ESTUDO SOBRE O FUNCIONAMENTO TEORICO DE UMA MAQUINA TURING NAO,Conclusão,32,0,18,14,3,0,1,40,0
172 artigo ESTUDO SOBRE O FUNCIONAMENTO TEORICO DE UMA MAQUINA TURING NAO,Agradecimentos,0,0,0,0,0,0,0,0,0
172 artigo ESTUDO SOBRE O FUNCIONAMENTO TEORICO DE UMA MAQUINA TURING NAO,Referências,42,19,9,5,3,0,0,131,2
173 artigo DETERMINACAO DOS PARAMETROS FISICO-QUIMICOS DA AGUA DO RIO,Introdução,28,1,10,10,3,0,0,53,1
173 artigo DETERMINACAO DOS PARAMETROS FISICO-QUIMICOS DA AGUA DO RIO,Materiais e Métodos,37,1,5,5,4,0,1,96,2
173 artigo DETERMINACAO DOS PARAMETROS FISICO-QUIMICOS DA AGUA DO RIO,Resultados e Discussão,82,0,25,9,9,2,9,136,1
173 artigo DETERMINACAO DOS PARAMETROS FISICO-QUIMICOS DA AGUA DO RIO,Conclusão,6,0,5,0,1,1,1,26,0
173 artigo DETERMINACAO DOS PARAMETROS FISICO-QUIMICOS DA AGUA DO RIO,Agradecimentos,1,0,0,1,0,0,0,2,0
173 artigo DETERMINACAO DOS PARAMETROS FISICO-QUIMICOS DA AGUA DO RIO,Referências,47,2,2,11,1,0,1,78,1
174 artigo INOCULACAO DE Azospirillum brasilense E USO DE BIOESTIMULANTE NO,Introdução,30,1,13,12,5,0,2,46,0
174 artigo INOCULACAO DE Azospirillum brasilense E USO DE BIOESTIMULANTE NO,Materiais e Métodos,79,1,9,9,6,0,2,104,2
174 artigo INOCULACAO DE Azospirillum brasilense E USO DE BIOESTIMULANTE NO,Resultados e Discussão,49,4,18,11,5,1,2,46,4
174 artigo INOCULACAO DE Azospirillum brasilense E USO DE BIOESTIMULANTE NO,Conclusão,5,0,6,1,1,0,0,9,0
174 artigo INOCULACAO DE Azospirillum brasilense E USO DE BIOESTIMULANTE NO,Agradecimentos,9,1,2,3,0,0,1,4,0
174 artigo INOCULACAO DE Azospirillum brasilense E USO DE BIOESTIMULANTE NO,Referências,55,8,3,11,0,0,2,77,0
175 artigo CARACTERIZACAO DA POUPULACAO EPIFITA DO CAPIM MOMBACA,Introdução,27,4,7,6,2,0,0,45,1
175 artigo CARACTERIZACAO DA POUPULACAO EPIFITA DO CAPIM MOMBACA,Materiais e Métodos,58,2,8,5,2,0,1,111,1
175 artigo CARACTERIZACAO DA POUPULACAO EPIFITA DO CAPIM MOMBACA,Resultados e Discussão,36,3,17,6,6,1,0,67,1
175 artigo CARACTERIZACAO DA POUPULACAO EPIFITA DO CAPIM MOMBACA,Conclusão,16,0,10,2,4,1,1,26,0
175 artigo CARACTERIZACAO DA POUPULACAO EPIFITA DO CAPIM MOMBACA,Agradecimentos,11,0,0,7,0,0,0,12,0
175 artigo CARACTERIZACAO DA POUPULACAO EPIFITA DO CAPIM MOMBACA,Referências,41,24,0,5,1,0,1,127,0
176 artigo EDUCACAO PROFISSIONAL PARA JOVENS E ADULTOS,Introdução,1,0,2,1,0,0,0,0,0
176 artigo EDUCACAO PROFISSIONAL PARA JOVENS E ADULTOS,Materiais e Métodos,13,0,2,3,1,0,0,8,2
176 artigo EDUCACAO PROFISSIONAL PARA JOVENS E ADULTOS,Resultados e Discussão,83,1,26,20,4,0,4,98,2
176 artigo EDUCACAO PROFISSIONAL PARA JOVENS E ADULTOS,Conclusão,191,2,95,77,21,2,6,274,2
176 artigo EDUCACAO PROFISSIONAL PARA JOVENS E ADULTOS,Agradecimentos,0,0,0,0,0,0,0,0,0
176 artigo EDUCACAO PROFISSIONAL PARA JOVENS E ADULTOS,Referências,20,2,3,4,0,0,1,22,0
177 artigo ANALISE SOCIOECONOMICA DA COMUNIDADE V ALE DO BANANAL NO USO DE,Introdução,35,3,4,13,2,0,0,53,1
177 artigo ANALISE SOCIOECONOMICA DA COMUNIDADE V ALE DO BANANAL NO USO DE,Materiais e Métodos,29,1,5,5,2,0,0,38,1
177 artigo ANALISE SOCIOECONOMICA DA COMUNIDADE V ALE DO BANANAL NO USO DE,Resultados e Discussão,58,0,21,17,4,3,5,54,2
177 artigo ANALISE SOCIOECONOMICA DA COMUNIDADE V ALE DO BANANAL NO USO DE,Conclusão,14,0,5,4,0,0,2,10,0
177 artigo ANALISE SOCIOECONOMICA DA COMUNIDADE V ALE DO BANANAL NO USO DE,Agradecimentos,0,0,0,0,0,0,0,0,0
177 artigo ANALISE SOCIOECONOMICA DA COMUNIDADE V ALE DO BANANAL NO USO DE,Referências,32,8,0,10,0,0,0,71,0
178 artigo DIAGNOSTICO DA EV ASAO ESCOLAR NO IFNMG CAMPUS A V ANCADO,Introdução,100,1,53,38,8,4,6,129,4
178 artigo DIAGNOSTICO DA EV ASAO ESCOLAR NO IFNMG CAMPUS A V ANCADO,Materiais e Métodos,19,0,2,4,2,0,1,31,0
178 artigo DIAGNOSTICO DA EV ASAO ESCOLAR NO IFNMG CAMPUS A V ANCADO,Resultados e Discussão,116,0,82,35,27,8,3,172,0
178 artigo DIAGNOSTICO DA EV ASAO ESCOLAR NO IFNMG CAMPUS A V ANCADO,Conclusão,28,0,11,6,5,0,0,31,0
178 artigo DIAGNOSTICO DA EV ASAO ESCOLAR NO IFNMG CAMPUS A V ANCADO,Agradecimentos,0,0,0,0,0,0,0,0,0
178 artigo DIAGNOSTICO DA EV ASAO ESCOLAR NO IFNMG CAMPUS A V ANCADO,Referências,38,3,2,15,0,0,1,52,0
179 artigo USOCOBERTURA DA TERRA NA BACIA DO RIO PARDO A MONTANTE DA,Introdução,40,1,10,11,1,2,2,44,1
179 artigo USOCOBERTURA DA TERRA NA BACIA DO RIO PARDO A MONTANTE DA,Materiais e Métodos,20,0,3,5,0,0,1,14,0
179 artigo USOCOBERTURA DA TERRA NA BACIA DO RIO PARDO A MONTANTE DA,Resultados e Discussão,105,0,14,20,4,2,8,111,1
179 artigo USOCOBERTURA DA TERRA NA BACIA DO RIO PARDO A MONTANTE DA,Conclusão,15,0,1,7,2,0,1,22,0
179 artigo USOCOBERTURA DA TERRA NA BACIA DO RIO PARDO A MONTANTE DA,Agradecimentos,0,0,0,0,0,0,0,0,0
179 artigo USOCOBERTURA DA TERRA NA BACIA DO RIO PARDO A MONTANTE DA,Referências,60,1,2,17,1,0,0,66,0
180 artigo VIABILIDADE DOS RESIDUOS ORGANICOS PRODUZIDOS NO IFNMGTO,Introdução,66,4,19,20,7,0,2,82,2
180 artigo VIABILIDADE DOS RESIDUOS ORGANICOS PRODUZIDOS NO IFNMGTO,Materiais e Métodos,65,2,10,9,1,0,1,69,0
180 artigo VIABILIDADE DOS RESIDUOS ORGANICOS PRODUZIDOS NO IFNMGTO,Resultados e Discussão,31,2,3,6,1,0,1,19,1
180 artigo VIABILIDADE DOS RESIDUOS ORGANICOS PRODUZIDOS NO IFNMGTO,Conclusão,18,2,6,3,1,2,0,19,0
180 artigo VIABILIDADE DOS RESIDUOS ORGANICOS PRODUZIDOS NO IFNMGTO,Agradecimentos,12,0,1,0,0,0,0,14,0
180 artigo VIABILIDADE DOS RESIDUOS ORGANICOS PRODUZIDOS NO IFNMGTO,Referências,73,3,0,17,1,0,2,84,0
181 artigo PROPOSTA DE HEURISTICA PARA CALCULO DO RAIO DA FUNCAO RADIAL EM,Introdução,57,1,16,9,9,1,5,83,4
181 artigo PROPOSTA DE HEURISTICA PARA CALCULO DO RAIO DA FUNCAO RADIAL EM,Materiais e Métodos,28,1,12,4,8,0,1,48,2
181 artigo PROPOSTA DE HEURISTICA PARA CALCULO DO RAIO DA FUNCAO RADIAL EM,Resultados e Discussão,96,3,26,12,14,2,2,141,5
181 artigo PROPOSTA DE HEURISTICA PARA CALCULO DO RAIO DA FUNCAO RADIAL EM,Conclusão,20,0,7,5,3,0,0,40,0
181 artigo PROPOSTA DE HEURISTICA PARA CALCULO DO RAIO DA FUNCAO RADIAL EM,Agradecimentos,9,0,0,2,1,0,1,8,0
181 artigo PROPOSTA DE HEURISTICA PARA CALCULO DO RAIO DA FUNCAO RADIAL EM,Referências,46,9,2,7,0,0,0,91,1
182 artigo O PAPEL DAS CONDICOES AMBIENTAIS E DA INTERACAO INSETO-PLANTA NA,Introdução,53,1,20,14,4,2,1,79,3
182 artigo O PAPEL DAS CONDICOES AMBIENTAIS E DA INTERACAO INSETO-PLANTA NA,Materiais e Métodos,115,1,13,15,8,0,3,139,1
182 artigo O PAPEL DAS CONDICOES AMBIENTAIS E DA INTERACAO INSETO-PLANTA NA,Resultados e Discussão,44,0,22,10,5,2,5,79,3
182 artigo O PAPEL DAS CONDICOES AMBIENTAIS E DA INTERACAO INSETO-PLANTA NA,Conclusão,10,0,4,2,1,0,2,18,0
182 artigo O PAPEL DAS CONDICOES AMBIENTAIS E DA INTERACAO INSETO-PLANTA NA,Agradecimentos,13,2,0,5,2,0,0,21,0
182 artigo O PAPEL DAS CONDICOES AMBIENTAIS E DA INTERACAO INSETO-PLANTA NA,Referências,40,20,3,6,1,0,2,103,1
183 artigo UTILIZACAO DE FRUTAS CITRICAS EM SUCOS PASTEURIZADOS DE CALDO DE,Introdução,54,1,13,14,1,2,2,64,2
183 artigo UTILIZACAO DE FRUTAS CITRICAS EM SUCOS PASTEURIZADOS DE CALDO DE,Materiais e Métodos,61,2,8,8,5,0,3,135,1
183 artigo UTILIZACAO DE FRUTAS CITRICAS EM SUCOS PASTEURIZADOS DE CALDO DE,Resultados e Discussão,104,9,20,24,5,0,7,175,6
183 artigo UTILIZACAO DE FRUTAS CITRICAS EM SUCOS PASTEURIZADOS DE CALDO DE,Conclusão,11,0,5,2,0,0,0,11,0
183 artigo UTILIZACAO DE FRUTAS CITRICAS EM SUCOS PASTEURIZADOS DE CALDO DE,Agradecimentos,8,0,0,3,0,0,0,3,0
183 artigo UTILIZACAO DE FRUTAS CITRICAS EM SUCOS PASTEURIZADOS DE CALDO DE,Referências,69,10,1,12,3,0,1,95,0
184 artigo A INFLUENCIA DA QUANTIDADE DE NECTARIOS EXTRAFLORAIS E DA,Introdução,57,3,29,20,1,3,3,128,3
184 artigo A INFLUENCIA DA QUANTIDADE DE NECTARIOS EXTRAFLORAIS E DA,Materiais e Métodos,119,1,18,14,10,3,2,195,1
184 artigo A INFLUENCIA DA QUANTIDADE DE NECTARIOS EXTRAFLORAIS E DA,Resultados e Discussão,10,0,7,4,2,0,2,44,1
184 artigo A INFLUENCIA DA QUANTIDADE DE NECTARIOS EXTRAFLORAIS E DA,Conclusão,6,0,5,1,0,1,1,17,0
184 artigo A INFLUENCIA DA QUANTIDADE DE NECTARIOS EXTRAFLORAIS E DA,Agradecimentos,9,0,0,0,0,0,0,13,0
184 artigo A INFLUENCIA DA QUANTIDADE DE NECTARIOS EXTRAFLORAIS E DA,Referências,57,4,3,12,1,0,1,89,0
185 artigo CARACTERISTICAS FITOTECNICAS DE GENOTIPOS DE GOIABEIRA PARA,Introdução,46,3,20,21,4,2,1,72,3
185 artigo CARACTERISTICAS FITOTECNICAS DE GENOTIPOS DE GOIABEIRA PARA,Materiais e Métodos,85,1,10,18,5,0,0,109,3
185 artigo CARACTERISTICAS FITOTECNICAS DE GENOTIPOS DE GOIABEIRA PARA,Resultados e Discussão,33,1,14,10,4,3,2,52,2
185 artigo CARACTERISTICAS FITOTECNICAS DE GENOTIPOS DE GOIABEIRA PARA,Conclusão,4,0,2,1,0,0,0,14,0
185 artigo CARACTERISTICAS FITOTECNICAS DE GENOTIPOS DE GOIABEIRA PARA,Agradecimentos,0,0,0,0,0,0,0,0,0
185 artigo CARACTERISTICAS FITOTECNICAS DE GENOTIPOS DE GOIABEIRA PARA,Referências,57,1,2,9,1,0,1,133,0
186 artigo CEGUEIRA BOTANICA UMA REALIDADE,Introdução,68,0,24,12,11,2,2,57,1
186 artigo CEGUEIRA BOTANICA UMA REALIDADE,Materiais e Métodos,24,0,4,1,4,0,2,35,0
186 artigo CEGUEIRA BOTANICA UMA REALIDADE,Resultados e Discussão,87,0,32,21,10,0,4,84,1
186 artigo CEGUEIRA BOTANICA UMA REALIDADE,Conclusão,10,0,2,3,0,2,2,17,0
186 artigo CEGUEIRA BOTANICA UMA REALIDADE,Agradecimentos,0,0,0,0,0,0,0,0,0
186 artigo CEGUEIRA BOTANICA UMA REALIDADE,Referências,26,0,9,6,0,0,1,54,0
187 artigo AVALIACAO DE DOSES DE BIOCARVAO E DE ADUBO DE LIBERACAO LENTA NA,Introdução,80,3,24,25,10,1,3,143,3
187 artigo AVALIACAO DE DOSES DE BIOCARVAO E DE ADUBO DE LIBERACAO LENTA NA,Materiais e Métodos,45,0,4,10,3,0,2,99,1
187 artigo AVALIACAO DE DOSES DE BIOCARVAO E DE ADUBO DE LIBERACAO LENTA NA,Resultados e Discussão,43,0,13,11,10,2,0,74,0
187 artigo AVALIACAO DE DOSES DE BIOCARVAO E DE ADUBO DE LIBERACAO LENTA NA,Conclusão,12,0,0,3,1,0,1,11,0
187 artigo AVALIACAO DE DOSES DE BIOCARVAO E DE ADUBO DE LIBERACAO LENTA NA,Agradecimentos,3,0,0,0,0,0,0,3,0
187 artigo AVALIACAO DE DOSES DE BIOCARVAO E DE ADUBO DE LIBERACAO LENTA NA,Referências,36,5,1,5,1,0,0,45,0
188 artigo MEMORIA E HISTORIA DO PRIMEIRO GINASIO DE SALINAS-MG FORMACAO,Introdução,85,1,34,21,12,6,4,116,1
188 artigo MEMORIA E HISTORIA DO PRIMEIRO GINASIO DE SALINAS-MG FORMACAO,Materiais e Métodos,22,0,25,14,6,3,3,44,1
188 artigo MEMORIA E HISTORIA DO PRIMEIRO GINASIO DE SALINAS-MG FORMACAO,Resultados e Discussão,107,0,53,42,18,1,6,166,3
188 artigo MEMORIA E HISTORIA DO PRIMEIRO GINASIO DE SALINAS-MG FORMACAO,Conclusão,31,0,17,17,4,2,2,48,0
188 artigo MEMORIA E HISTORIA DO PRIMEIRO GINASIO DE SALINAS-MG FORMACAO,Agradecimentos,4,0,0,0,0,0,0,5,0
188 artigo MEMORIA E HISTORIA DO PRIMEIRO GINASIO DE SALINAS-MG FORMACAO,Referências,17,0,0,4,1,0,0,37,0
189 artigo APROPRIACAO INADEQUADA DO TRABALHO INTELECTUAL,Introdução,32,0,22,12,9,1,3,42,0
189 artigo APROPRIACAO INADEQUADA DO TRABALHO INTELECTUAL,Materiais e Métodos,37,0,12,7,2,0,3,25,1
189 artigo APROPRIACAO INADEQUADA DO TRABALHO INTELECTUAL,Resultados e Discussão,104,5,44,28,14,2,9,113,3
189 artigo APROPRIACAO INADEQUADA DO TRABALHO INTELECTUAL,Conclusão,15,0,12,10,3,1,3,24,0
189 artigo APROPRIACAO INADEQUADA DO TRABALHO INTELECTUAL,Agradecimentos,0,0,0,0,0,0,0,0,0
189 artigo APROPRIACAO INADEQUADA DO TRABALHO INTELECTUAL,Referências,37,3,4,6,0,0,2,45,0
190 artigo MAQUINA DE TURING,Introdução,20,0,10,15,5,0,2,47,0
190 artigo MAQUINA DE TURING,Materiais e Métodos,0,0,1,0,0,0,0,4,0
190 artigo MAQUINA DE TURING,Resultados e Discussão,63,0,27,20,7,0,3,108,0
190 artigo MAQUINA DE TURING,Conclusão,18,0,5,10,1,1,0,32,0
190 artigo MAQUINA DE TURING,Agradecimentos,0,0,0,0,0,0,0,0,0
190 artigo MAQUINA DE TURING,Referências,2,4,0,1,0,0,0,50,0
191 artigo O ESCAPE ROOM COMO FERRAMENTA DE SOCIABILIZACAO E APRENDIZAGEM,Introdução,71,2,25,8,4,1,5,63,1
191 artigo O ESCAPE ROOM COMO FERRAMENTA DE SOCIABILIZACAO E APRENDIZAGEM,Materiais e Métodos,87,4,60,18,13,0,2,134,5
191 artigo O ESCAPE ROOM COMO FERRAMENTA DE SOCIABILIZACAO E APRENDIZAGEM,Resultados e Discussão,99,0,35,19,19,3,5,109,0
191 artigo O ESCAPE ROOM COMO FERRAMENTA DE SOCIABILIZACAO E APRENDIZAGEM,Conclusão,17,0,16,4,3,0,0,32,0
191 artigo O ESCAPE ROOM COMO FERRAMENTA DE SOCIABILIZACAO E APRENDIZAGEM,Agradecimentos,9,0,3,0,0,0,0,5,0
191 artigo O ESCAPE ROOM COMO FERRAMENTA DE SOCIABILIZACAO E APRENDIZAGEM,Referências,36,10,0,4,0,0,0,81,1
192 artigo PROTOTIPOS DE APLICATIVOS PARA DISPOSITIVOS MOVEIS PARA,Introdução,46,1,14,10,0,2,1,72,3
192 artigo PROTOTIPOS DE APLICATIVOS PARA DISPOSITIVOS MOVEIS PARA,Materiais e Métodos,46,0,10,11,3,0,1,55,0
192 artigo PROTOTIPOS DE APLICATIVOS PARA DISPOSITIVOS MOVEIS PARA,Resultados e Discussão,63,0,13,10,2,0,5,88,1
192 artigo PROTOTIPOS DE APLICATIVOS PARA DISPOSITIVOS MOVEIS PARA,Conclusão,14,0,4,2,0,0,2,18,0
192 artigo PROTOTIPOS DE APLICATIVOS PARA DISPOSITIVOS MOVEIS PARA,Agradecimentos,13,0,0,3,0,0,1,12,0
192 artigo PROTOTIPOS DE APLICATIVOS PARA DISPOSITIVOS MOVEIS PARA,Referências,281,17,82,44,8,2,9,473,5
193 artigo DETERMINACAO DA ENERGIA CINETICA DO PENDULO USANDO SENSOR,Introdução,45,0,16,7,4,1,0,60,1
193 artigo DETERMINACAO DA ENERGIA CINETICA DO PENDULO USANDO SENSOR,Materiais e Métodos,20,0,1,1,1,1,1,41,0
193 artigo DETERMINACAO DA ENERGIA CINETICA DO PENDULO USANDO SENSOR,Resultados e Discussão,60,0,21,7,4,1,2,45,1
193 artigo DETERMINACAO DA ENERGIA CINETICA DO PENDULO USANDO SENSOR,Conclusão,13,0,4,4,2,0,0,14,0
193 artigo DETERMINACAO DA ENERGIA CINETICA DO PENDULO USANDO SENSOR,Agradecimentos,3,0,0,1,0,0,0,7,0
193 artigo DETERMINACAO DA ENERGIA CINETICA DO PENDULO USANDO SENSOR,Referências,68,0,4,23,3,0,2,97,1
194 artigo EDUCACAO INCLUSIV A PARA CRIANCAS COM NECESSIDADES EDUCATIV AS,Introdução,1,0,2,1,0,0,0,0,0
194 artigo EDUCACAO INCLUSIV A PARA CRIANCAS COM NECESSIDADES EDUCATIV AS,Materiais e Métodos,24,0,3,9,2,0,1,30,5
194 artigo EDUCACAO INCLUSIV A PARA CRIANCAS COM NECESSIDADES EDUCATIV AS,Resultados e Discussão,261,0,96,87,28,1,13,304,12
194 artigo EDUCACAO INCLUSIV A PARA CRIANCAS COM NECESSIDADES EDUCATIV AS,Conclusão,30,0,13,8,2,2,1,20,0
194 artigo EDUCACAO INCLUSIV A PARA CRIANCAS COM NECESSIDADES EDUCATIV AS,Agradecimentos,0,0,0,0,0,0,0,0,0
194 artigo EDUCACAO INCLUSIV A PARA CRIANCAS COM NECESSIDADES EDUCATIV AS,Referências,32,2,8,16,1,0,2,66,0
195 artigo O ESTUDO DA EV ASAO ESCOLAR NO CURSO DE SISTEMAS DE INFORMACAO DO,Introdução,49,1,35,11,9,2,0,42,0
195 artigo O ESTUDO DA EV ASAO ESCOLAR NO CURSO DE SISTEMAS DE INFORMACAO DO,Materiais e Métodos,80,0,18,13,7,0,2,85,0
195 artigo O ESTUDO DA EV ASAO ESCOLAR NO CURSO DE SISTEMAS DE INFORMACAO DO,Resultados e Discussão,104,0,57,20,23,1,4,91,1
195 artigo O ESTUDO DA EV ASAO ESCOLAR NO CURSO DE SISTEMAS DE INFORMACAO DO,Conclusão,42,0,20,6,3,0,1,54,1
195 artigo O ESTUDO DA EV ASAO ESCOLAR NO CURSO DE SISTEMAS DE INFORMACAO DO,Agradecimentos,0,0,0,0,0,0,0,0,0
195 artigo O ESTUDO DA EV ASAO ESCOLAR NO CURSO DE SISTEMAS DE INFORMACAO DO,Referências,49,1,2,13,0,0,1,65,2
196 artigo A V ALIACAO DO EFEITO INIBITORIO DO OLEO ESSENCIAL DE PEQUI SOBRE O,Introdução,60,4,10,21,3,0,2,86,3
196 artigo A V ALIACAO DO EFEITO INIBITORIO DO OLEO ESSENCIAL DE PEQUI SOBRE O,Materiais e Métodos,76,4,7,16,4,0,7,153,1
196 artigo A V ALIACAO DO EFEITO INIBITORIO DO OLEO ESSENCIAL DE PEQUI SOBRE O,Resultados e Discussão,40,1,14,9,4,0,8,74,2
196 artigo A V ALIACAO DO EFEITO INIBITORIO DO OLEO ESSENCIAL DE PEQUI SOBRE O,Conclusão,21,0,3,8,3,0,2,27,0
196 artigo A V ALIACAO DO EFEITO INIBITORIO DO OLEO ESSENCIAL DE PEQUI SOBRE O,Agradecimentos,0,0,0,0,0,0,0,0,0
196 artigo A V ALIACAO DO EFEITO INIBITORIO DO OLEO ESSENCIAL DE PEQUI SOBRE O,Referências,46,13,2,8,3,0,3,102,0
197 artigo ATIVIDADES NAO PRESENCIAIS ANPS NO IFNMG-CAMPUS PIRAPORA-MG NO,Introdução,61,3,17,15,6,0,3,62,2
197 artigo ATIVIDADES NAO PRESENCIAIS ANPS NO IFNMG-CAMPUS PIRAPORA-MG NO,Materiais e Métodos,24,1,4,3,2,0,2,33,3
197 artigo ATIVIDADES NAO PRESENCIAIS ANPS NO IFNMG-CAMPUS PIRAPORA-MG NO,Resultados e Discussão,147,9,65,33,14,6,12,218,7
197 artigo ATIVIDADES NAO PRESENCIAIS ANPS NO IFNMG-CAMPUS PIRAPORA-MG NO,Conclusão,26,2,14,12,4,2,0,42,0
197 artigo ATIVIDADES NAO PRESENCIAIS ANPS NO IFNMG-CAMPUS PIRAPORA-MG NO,Agradecimentos,0,0,0,0,0,0,0,0,0
197 artigo ATIVIDADES NAO PRESENCIAIS ANPS NO IFNMG-CAMPUS PIRAPORA-MG NO,Referências,57,1,3,23,2,0,3,71,1
198 artigo JOGOS EDUCACIONAIS DIGITAIS UMA ALTERNATIV A PARA PRATICAS NO,Introdução,119,0,39,26,14,2,7,121,3
198 artigo JOGOS EDUCACIONAIS DIGITAIS UMA ALTERNATIV A PARA PRATICAS NO,Materiais e Métodos,27,0,2,4,2,0,2,24,0
198 artigo JOGOS EDUCACIONAIS DIGITAIS UMA ALTERNATIV A PARA PRATICAS NO,Resultados e Discussão,99,1,51,20,14,2,8,116,2
198 artigo JOGOS EDUCACIONAIS DIGITAIS UMA ALTERNATIV A PARA PRATICAS NO,Conclusão,21,0,13,3,5,0,0,18,0
198 artigo JOGOS EDUCACIONAIS DIGITAIS UMA ALTERNATIV A PARA PRATICAS NO,Agradecimentos,6,1,0,5,0,0,0,5,0
198 artigo JOGOS EDUCACIONAIS DIGITAIS UMA ALTERNATIV A PARA PRATICAS NO,Referências,39,1,1,10,1,0,0,39,2
199 artigo ELABORACAO DE EXPERIMENTOS DE BAIXO CUSTO PARA AULAS DE CIENCIAS,Introdução,44,0,13,9,2,1,0,65,4
199 artigo ELABORACAO DE EXPERIMENTOS DE BAIXO CUSTO PARA AULAS DE CIENCIAS,Materiais e Métodos,28,0,2,7,1,0,1,16,0
199 artigo ELABORACAO DE EXPERIMENTOS DE BAIXO CUSTO PARA AULAS DE CIENCIAS,Resultados e Discussão,90,0,28,26,5,1,2,103,0
199 artigo ELABORACAO DE EXPERIMENTOS DE BAIXO CUSTO PARA AULAS DE CIENCIAS,Conclusão,17,0,5,5,0,0,1,20,0
199 artigo ELABORACAO DE EXPERIMENTOS DE BAIXO CUSTO PARA AULAS DE CIENCIAS,Agradecimentos,3,0,0,1,0,0,0,4,0
199 artigo ELABORACAO DE EXPERIMENTOS DE BAIXO CUSTO PARA AULAS DE CIENCIAS,Referências,88,1,3,26,1,0,4,74,4
200 artigo GERMINACAO DE SEMENTE DE HYMENAEA STIGONOCARPA,Introdução,20,3,9,8,3,2,1,51,2
200 artigo GERMINACAO DE SEMENTE DE HYMENAEA STIGONOCARPA,Materiais e Métodos,55,0,4,7,6,0,1,72,1
200 artigo GERMINACAO DE SEMENTE DE HYMENAEA STIGONOCARPA,Resultados e Discussão,42,3,12,7,6,0,3,45,1
200 artigo GERMINACAO DE SEMENTE DE HYMENAEA STIGONOCARPA,Conclusão,13,0,5,3,1,1,0,16,0
200 artigo GERMINACAO DE SEMENTE DE HYMENAEA STIGONOCARPA,Agradecimentos,4,0,0,0,0,0,0,4,0
200 artigo GERMINACAO DE SEMENTE DE HYMENAEA STIGONOCARPA,Referências,55,5,5,10,0,0,2,99,1
201 artigo ELABORACAO E ANALISE MICROBIOLOGICA DE GELEIA DE PITAIA DE ALTO,Introdução,41,8,10,13,5,0,4,78,7
201 artigo ELABORACAO E ANALISE MICROBIOLOGICA DE GELEIA DE PITAIA DE ALTO,Materiais e Métodos,74,0,11,15,5,0,4,156,0
201 artigo ELABORACAO E ANALISE MICROBIOLOGICA DE GELEIA DE PITAIA DE ALTO,Resultados e Discussão,43,1,9,6,10,1,2,85,0
201 artigo ELABORACAO E ANALISE MICROBIOLOGICA DE GELEIA DE PITAIA DE ALTO,Conclusão,4,0,2,1,1,0,0,11,0
201 artigo ELABORACAO E ANALISE MICROBIOLOGICA DE GELEIA DE PITAIA DE ALTO,Agradecimentos,5,0,0,2,1,0,0,28,0
201 artigo ELABORACAO E ANALISE MICROBIOLOGICA DE GELEIA DE PITAIA DE ALTO,Referências,37,17,1,12,0,0,1,116,2
202 artigo MONITORAMENTO DOS MOSQUITOS AEDES SP. DIPTERA CULICIDAE NO,Introdução,42,1,16,11,1,0,4,60,2
202 artigo MONITORAMENTO DOS MOSQUITOS AEDES SP. DIPTERA CULICIDAE NO,Materiais e Métodos,48,0,8,8,4,0,4,99,1
202 artigo MONITORAMENTO DOS MOSQUITOS AEDES SP. DIPTERA CULICIDAE NO,Resultados e Discussão,37,1,13,13,1,2,1,70,2
202 artigo MONITORAMENTO DOS MOSQUITOS AEDES SP. DIPTERA CULICIDAE NO,Conclusão,10,0,7,1,2,0,0,26,0
202 artigo MONITORAMENTO DOS MOSQUITOS AEDES SP. DIPTERA CULICIDAE NO,Agradecimentos,4,0,4,0,0,0,0,5,0
202 artigo MONITORAMENTO DOS MOSQUITOS AEDES SP. DIPTERA CULICIDAE NO,Referências,36,14,1,8,0,0,1,102,1
203 artigo CLUBE DE LEITURA DO IFNMG CAMPUS SALINAS,Introdução,24,2,7,1,6,0,2,22,0
203 artigo CLUBE DE LEITURA DO IFNMG CAMPUS SALINAS,Materiais e Métodos,31,0,6,0,0,0,2,29,0
203 artigo CLUBE DE LEITURA DO IFNMG CAMPUS SALINAS,Resultados e Discussão,177,0,44,34,12,2,5,173,0
203 artigo CLUBE DE LEITURA DO IFNMG CAMPUS SALINAS,Conclusão,15,0,1,0,2,0,2,7,0
203 artigo CLUBE DE LEITURA DO IFNMG CAMPUS SALINAS,Agradecimentos,0,0,0,0,0,0,0,0,0
203 artigo CLUBE DE LEITURA DO IFNMG CAMPUS SALINAS,Referências,155,3,17,20,3,0,1,156,0
204 artigo PRECO E PERDAS POS-COLHEITA DE HORTIFRUTI UMA ANALISE QUALITATIV A,Introdução,56,5,11,10,5,0,1,47,3
204 artigo PRECO E PERDAS POS-COLHEITA DE HORTIFRUTI UMA ANALISE QUALITATIV A,Materiais e Métodos,29,1,2,5,1,0,1,33,0
204 artigo PRECO E PERDAS POS-COLHEITA DE HORTIFRUTI UMA ANALISE QUALITATIV A,Resultados e Discussão,130,0,31,34,14,5,3,148,6
204 artigo PRECO E PERDAS POS-COLHEITA DE HORTIFRUTI UMA ANALISE QUALITATIV A,Conclusão,6,0,1,1,0,0,1,16,0
204 artigo PRECO E PERDAS POS-COLHEITA DE HORTIFRUTI UMA ANALISE QUALITATIV A,Agradecimentos,6,0,2,1,1,0,0,4,0
204 artigo PRECO E PERDAS POS-COLHEITA DE HORTIFRUTI UMA ANALISE QUALITATIV A,Referências,108,3,2,14,0,0,0,90,0
205 artigo USOCOBERTURA DA TERRA NA BACIA EXPERIMENTAL DO RIBEIRAO,Introdução,51,0,12,15,4,1,2,51,4
205 artigo USOCOBERTURA DA TERRA NA BACIA EXPERIMENTAL DO RIBEIRAO,Materiais e Métodos,34,0,6,14,0,0,3,47,1
205 artigo USOCOBERTURA DA TERRA NA BACIA EXPERIMENTAL DO RIBEIRAO,Resultados e Discussão,127,1,25,30,7,3,7,161,3
205 artigo USOCOBERTURA DA TERRA NA BACIA EXPERIMENTAL DO RIBEIRAO,Conclusão,16,0,4,6,1,1,0,20,0
205 artigo USOCOBERTURA DA TERRA NA BACIA EXPERIMENTAL DO RIBEIRAO,Agradecimentos,0,0,0,0,0,0,0,0,0
205 artigo USOCOBERTURA DA TERRA NA BACIA EXPERIMENTAL DO RIBEIRAO,Referências,67,4,4,19,0,0,2,84,2
206 artigo TEMPO DE ALIMENTACAO EM OVINOS ALIMENTADOS COM FARELO DE PALMA,Introdução,43,2,12,14,2,0,2,37,2
206 artigo TEMPO DE ALIMENTACAO EM OVINOS ALIMENTADOS COM FARELO DE PALMA,Materiais e Métodos,76,2,11,12,5,0,3,85,3
206 artigo TEMPO DE ALIMENTACAO EM OVINOS ALIMENTADOS COM FARELO DE PALMA,Resultados e Discussão,51,3,18,8,8,0,2,50,3
206 artigo TEMPO DE ALIMENTACAO EM OVINOS ALIMENTADOS COM FARELO DE PALMA,Conclusão,6,0,1,0,1,0,0,7,0
206 artigo TEMPO DE ALIMENTACAO EM OVINOS ALIMENTADOS COM FARELO DE PALMA,Agradecimentos,10,0,5,0,1,0,0,9,0
206 artigo TEMPO DE ALIMENTACAO EM OVINOS ALIMENTADOS COM FARELO DE PALMA,Referências,347,27,32,58,9,0,14,492,4
207 artigo COMPORTAMENTO DE OVIPOSICAO DO AEDES AEGYPTI SOB DIFERENTES,Introdução,27,2,22,16,6,1,4,57,2
207 artigo COMPORTAMENTO DE OVIPOSICAO DO AEDES AEGYPTI SOB DIFERENTES,Materiais e Métodos,54,0,7,3,2,1,2,99,0
207 artigo COMPORTAMENTO DE OVIPOSICAO DO AEDES AEGYPTI SOB DIFERENTES,Resultados e Discussão,49,1,39,13,7,4,1,104,1
207 artigo COMPORTAMENTO DE OVIPOSICAO DO AEDES AEGYPTI SOB DIFERENTES,Conclusão,8,0,5,3,1,0,0,22,0
207 artigo COMPORTAMENTO DE OVIPOSICAO DO AEDES AEGYPTI SOB DIFERENTES,Agradecimentos,0,0,0,0,0,0,0,0,0
207 artigo COMPORTAMENTO DE OVIPOSICAO DO AEDES AEGYPTI SOB DIFERENTES,Referências,51,0,5,16,1,0,0,86,1
208 artigo QUALIDADE DA AGUA UTILIZADA PARA IRRIGACAO NA REGIAO DE SALINAS-,Introdução,40,4,15,7,4,1,3,86,6
208 artigo QUALIDADE DA AGUA UTILIZADA PARA IRRIGACAO NA REGIAO DE SALINAS-,Materiais e Métodos,24,2,2,5,3,0,2,44,2
208 artigo QUALIDADE DA AGUA UTILIZADA PARA IRRIGACAO NA REGIAO DE SALINAS-,Resultados e Discussão,47,0,20,14,3,0,4,92,5
208 artigo QUALIDADE DA AGUA UTILIZADA PARA IRRIGACAO NA REGIAO DE SALINAS-,Conclusão,7,0,3,1,1,0,0,14,0
208 artigo QUALIDADE DA AGUA UTILIZADA PARA IRRIGACAO NA REGIAO DE SALINAS-,Agradecimentos,2,0,0,0,0,0,0,4,0
208 artigo QUALIDADE DA AGUA UTILIZADA PARA IRRIGACAO NA REGIAO DE SALINAS-,Referências,46,13,1,12,0,0,0,128,1
209 artigo DIFERENTES METODOS PARA A SUPERACAO DE DORMENCIA DE SEMENTES DE,Introdução,47,2,24,14,4,2,3,78,3
209 artigo DIFERENTES METODOS PARA A SUPERACAO DE DORMENCIA DE SEMENTES DE,Materiais e Métodos,62,0,7,9,3,0,2,66,0
209 artigo DIFERENTES METODOS PARA A SUPERACAO DE DORMENCIA DE SEMENTES DE,Resultados e Discussão,23,0,7,6,2,0,0,33,1
209 artigo DIFERENTES METODOS PARA A SUPERACAO DE DORMENCIA DE SEMENTES DE,Conclusão,14,0,6,6,4,0,0,14,0
209 artigo DIFERENTES METODOS PARA A SUPERACAO DE DORMENCIA DE SEMENTES DE,Agradecimentos,0,0,0,0,0,0,0,0,0
209 artigo DIFERENTES METODOS PARA A SUPERACAO DE DORMENCIA DE SEMENTES DE,Referências,34,9,0,9,0,0,0,62,3
210 artigo MATERIA SECA DA SILAGEM DE MILHO ENSILADA EM SACOS PLASTICOS,Introdução,48,3,12,16,6,1,7,46,3
210 artigo MATERIA SECA DA SILAGEM DE MILHO ENSILADA EM SACOS PLASTICOS,Materiais e Métodos,72,2,3,14,3,0,0,100,0
210 artigo MATERIA SECA DA SILAGEM DE MILHO ENSILADA EM SACOS PLASTICOS,Resultados e Discussão,75,3,24,12,1,1,5,81,4
210 artigo MATERIA SECA DA SILAGEM DE MILHO ENSILADA EM SACOS PLASTICOS,Conclusão,5,0,2,1,0,0,0,7,0
210 artigo MATERIA SECA DA SILAGEM DE MILHO ENSILADA EM SACOS PLASTICOS,Agradecimentos,13,0,0,2,0,0,1,22,0
210 artigo MATERIA SECA DA SILAGEM DE MILHO ENSILADA EM SACOS PLASTICOS,Referências,44,23,0,9,0,0,1,89,0
211 artigo INFLUENCIA DO TAMANHO DE PARTICULA SOBRE O TEOR DE MS NO PROCESSO,Introdução,59,6,27,12,7,0,2,85,3
211 artigo INFLUENCIA DO TAMANHO DE PARTICULA SOBRE O TEOR DE MS NO PROCESSO,Materiais e Métodos,48,0,5,6,4,0,3,63,0
211 artigo INFLUENCIA DO TAMANHO DE PARTICULA SOBRE O TEOR DE MS NO PROCESSO,Resultados e Discussão,89,3,39,18,6,3,1,110,2
211 artigo INFLUENCIA DO TAMANHO DE PARTICULA SOBRE O TEOR DE MS NO PROCESSO,Conclusão,11,0,3,1,1,0,2,8,0
211 artigo INFLUENCIA DO TAMANHO DE PARTICULA SOBRE O TEOR DE MS NO PROCESSO,Agradecimentos,4,0,0,0,0,0,0,9,0
211 artigo INFLUENCIA DO TAMANHO DE PARTICULA SOBRE O TEOR DE MS NO PROCESSO,Referências,57,3,0,15,0,0,5,99,0
212 artigo A V ALIACAO FISICO-QUIMICA DAS AGUAS DE RIOS DA BACIA DO,Introdução,50,4,18,17,3,2,4,96,6
212 artigo A V ALIACAO FISICO-QUIMICA DAS AGUAS DE RIOS DA BACIA DO,Materiais e Métodos,32,2,4,4,6,1,1,91,1
212 artigo A V ALIACAO FISICO-QUIMICA DAS AGUAS DE RIOS DA BACIA DO,Resultados e Discussão,74,2,16,16,8,1,5,173,4
212 artigo A V ALIACAO FISICO-QUIMICA DAS AGUAS DE RIOS DA BACIA DO,Conclusão,6,0,3,4,0,0,2,17,0
212 artigo A V ALIACAO FISICO-QUIMICA DAS AGUAS DE RIOS DA BACIA DO,Agradecimentos,5,1,0,0,0,0,0,7,0
212 artigo A V ALIACAO FISICO-QUIMICA DAS AGUAS DE RIOS DA BACIA DO,Referências,75,20,3,14,0,0,0,137,2
213 artigo PRODUCAO DE TINTAS A BASE DE ARGILA PARA A CONSTRUCAO CIVIL,Introdução,89,1,37,22,8,0,3,104,4
213 artigo PRODUCAO DE TINTAS A BASE DE ARGILA PARA A CONSTRUCAO CIVIL,Materiais e Métodos,30,0,6,3,1,0,2,45,0
213 artigo PRODUCAO DE TINTAS A BASE DE ARGILA PARA A CONSTRUCAO CIVIL,Resultados e Discussão,28,0,10,8,3,3,0,48,0
213 artigo PRODUCAO DE TINTAS A BASE DE ARGILA PARA A CONSTRUCAO CIVIL,Conclusão,21,0,5,9,2,2,1,20,0
213 artigo PRODUCAO DE TINTAS A BASE DE ARGILA PARA A CONSTRUCAO CIVIL,Agradecimentos,5,0,0,3,0,0,0,10,0
213 artigo PRODUCAO DE TINTAS A BASE DE ARGILA PARA A CONSTRUCAO CIVIL,Referências,51,1,3,11,0,0,1,54,1
214 artigo POTENCIAL ANTIOXIDANTE DE EXTRATOS DE GUARANA PAULLINIA CUPANA,Introdução,48,0,12,12,8,2,2,63,3
214 artigo POTENCIAL ANTIOXIDANTE DE EXTRATOS DE GUARANA PAULLINIA CUPANA,Materiais e Métodos,69,0,14,14,3,0,5,118,2
214 artigo POTENCIAL ANTIOXIDANTE DE EXTRATOS DE GUARANA PAULLINIA CUPANA,Resultados e Discussão,60,0,9,12,5,3,1,89,0
214 artigo POTENCIAL ANTIOXIDANTE DE EXTRATOS DE GUARANA PAULLINIA CUPANA,Conclusão,44,0,15,15,5,0,3,49,0
214 artigo POTENCIAL ANTIOXIDANTE DE EXTRATOS DE GUARANA PAULLINIA CUPANA,Agradecimentos,0,0,0,0,0,0,0,0,0
214 artigo POTENCIAL ANTIOXIDANTE DE EXTRATOS DE GUARANA PAULLINIA CUPANA,Referências,46,5,1,10,0,0,0,91,0
215 artigo FRACAO FIBROSA DA SILAGEM DE MILHO ENSILADA EM SACOS PLASTICOS,Introdução,37,0,8,14,3,3,3,52,1
215 artigo FRACAO FIBROSA DA SILAGEM DE MILHO ENSILADA EM SACOS PLASTICOS,Materiais e Métodos,70,2,2,13,4,0,0,98,0
215 artigo FRACAO FIBROSA DA SILAGEM DE MILHO ENSILADA EM SACOS PLASTICOS,Resultados e Discussão,67,0,17,11,5,0,6,78,2
215 artigo FRACAO FIBROSA DA SILAGEM DE MILHO ENSILADA EM SACOS PLASTICOS,Conclusão,5,0,2,0,0,0,1,8,0
215 artigo FRACAO FIBROSA DA SILAGEM DE MILHO ENSILADA EM SACOS PLASTICOS,Agradecimentos,13,0,0,2,0,0,1,14,0
215 artigo FRACAO FIBROSA DA SILAGEM DE MILHO ENSILADA EM SACOS PLASTICOS,Referências,41,9,0,12,0,0,0,86,0
216 artigo SUBSTRATOS ORGANICOS ASSOCIADOS AO ACIDO INDOLBUTIRICO,Introdução,53,4,14,13,4,1,2,74,7
216 artigo SUBSTRATOS ORGANICOS ASSOCIADOS AO ACIDO INDOLBUTIRICO,Materiais e Métodos,89,0,3,17,5,0,6,112,0
216 artigo SUBSTRATOS ORGANICOS ASSOCIADOS AO ACIDO INDOLBUTIRICO,Resultados e Discussão,46,2,8,15,2,2,2,44,2
216 artigo SUBSTRATOS ORGANICOS ASSOCIADOS AO ACIDO INDOLBUTIRICO,Conclusão,8,0,1,2,0,0,0,2,0
216 artigo SUBSTRATOS ORGANICOS ASSOCIADOS AO ACIDO INDOLBUTIRICO,Agradecimentos,7,0,0,3,0,0,0,6,0
216 artigo SUBSTRATOS ORGANICOS ASSOCIADOS AO ACIDO INDOLBUTIRICO,Referências,113,1,1,37,0,0,0,168,1
217 artigo ENSINO MEDIO E ADICCAO EM INTERNET UMA ANALISE NO IFNMG CAMPUS,Introdução,65,2,18,16,9,0,5,132,4
217 artigo ENSINO MEDIO E ADICCAO EM INTERNET UMA ANALISE NO IFNMG CAMPUS,Materiais e Métodos,1,0,1,0,0,0,0,0,0
217 artigo ENSINO MEDIO E ADICCAO EM INTERNET UMA ANALISE NO IFNMG CAMPUS,Resultados e Discussão,94,2,25,36,6,0,6,129,3
217 artigo ENSINO MEDIO E ADICCAO EM INTERNET UMA ANALISE NO IFNMG CAMPUS,Conclusão,17,0,7,5,3,1,0,21,0
217 artigo ENSINO MEDIO E ADICCAO EM INTERNET UMA ANALISE NO IFNMG CAMPUS,Agradecimentos,4,0,0,2,0,0,0,5,0
217 artigo ENSINO MEDIO E ADICCAO EM INTERNET UMA ANALISE NO IFNMG CAMPUS,Referências,336,5,56,63,19,4,10,469,4
218 artigo O PROJETO POLITICO PEDAGOGICO E SUAS INTERFACES NO COTIDIANO,Introdução,64,1,26,20,4,1,1,70,0
218 artigo O PROJETO POLITICO PEDAGOGICO E SUAS INTERFACES NO COTIDIANO,Materiais e Métodos,11,0,3,2,1,0,1,19,0
218 artigo O PROJETO POLITICO PEDAGOGICO E SUAS INTERFACES NO COTIDIANO,Resultados e Discussão,196,2,107,41,41,6,12,204,2
218 artigo O PROJETO POLITICO PEDAGOGICO E SUAS INTERFACES NO COTIDIANO,Conclusão,28,0,19,14,2,2,1,28,0
218 artigo O PROJETO POLITICO PEDAGOGICO E SUAS INTERFACES NO COTIDIANO,Agradecimentos,0,0,0,0,0,0,0,0,0
218 artigo O PROJETO POLITICO PEDAGOGICO E SUAS INTERFACES NO COTIDIANO,Referências,22,2,3,4,0,0,0,40,0
219 artigo O PAPEL DA ETICA NAS REDES SOCIAIS E SUA IMPLICACAO NO CONTEXTO DA,Introdução,61,0,35,25,11,4,6,62,2
219 artigo O PAPEL DA ETICA NAS REDES SOCIAIS E SUA IMPLICACAO NO CONTEXTO DA,Materiais e Métodos,16,0,6,5,1,1,2,23,1
219 artigo O PAPEL DA ETICA NAS REDES SOCIAIS E SUA IMPLICACAO NO CONTEXTO DA,Resultados e Discussão,92,2,38,25,12,10,5,95,1
219 artigo O PAPEL DA ETICA NAS REDES SOCIAIS E SUA IMPLICACAO NO CONTEXTO DA,Conclusão,40,0,25,19,8,1,4,34,0
219 artigo O PAPEL DA ETICA NAS REDES SOCIAIS E SUA IMPLICACAO NO CONTEXTO DA,Agradecimentos,0,0,0,0,0,0,0,0,0
219 artigo O PAPEL DA ETICA NAS REDES SOCIAIS E SUA IMPLICACAO NO CONTEXTO DA,Referências,58,2,5,22,1,0,2,75,0
220 artigo IMPACTOS E DESDOBRAMENTOS DA PANDEMIA DA COVID-19 PARA,Introdução,62,1,23,25,5,2,1,73,2
220 artigo IMPACTOS E DESDOBRAMENTOS DA PANDEMIA DA COVID-19 PARA,Materiais e Métodos,75,0,11,18,4,1,7,83,0
220 artigo IMPACTOS E DESDOBRAMENTOS DA PANDEMIA DA COVID-19 PARA,Resultados e Discussão,31,1,7,3,2,0,3,41,0
220 artigo IMPACTOS E DESDOBRAMENTOS DA PANDEMIA DA COVID-19 PARA,Conclusão,155,4,35,27,16,1,2,164,3
220 artigo IMPACTOS E DESDOBRAMENTOS DA PANDEMIA DA COVID-19 PARA,Agradecimentos,0,0,0,0,0,0,0,0,0
220 artigo IMPACTOS E DESDOBRAMENTOS DA PANDEMIA DA COVID-19 PARA,Referências,38,3,1,5,0,0,2,29,0
221 artigo UTILIZACAO DO GEOGEBRA COMO FERRAMENTA PEDAGOGICA NO PROCESSO,Introdução,58,0,26,9,11,2,3,70,4
221 artigo UTILIZACAO DO GEOGEBRA COMO FERRAMENTA PEDAGOGICA NO PROCESSO,Materiais e Métodos,53,0,11,11,1,0,2,67,0
221 artigo UTILIZACAO DO GEOGEBRA COMO FERRAMENTA PEDAGOGICA NO PROCESSO,Resultados e Discussão,46,0,26,8,8,5,5,48,0
221 artigo UTILIZACAO DO GEOGEBRA COMO FERRAMENTA PEDAGOGICA NO PROCESSO,Conclusão,16,0,10,3,1,1,1,30,0
221 artigo UTILIZACAO DO GEOGEBRA COMO FERRAMENTA PEDAGOGICA NO PROCESSO,Agradecimentos,3,0,0,0,0,0,0,4,0
221 artigo UTILIZACAO DO GEOGEBRA COMO FERRAMENTA PEDAGOGICA NO PROCESSO,Referências,37,4,1,14,0,0,1,55,1
222 artigo AGRUPAMENTO DE SERIES TEMPORAIS DE EV APOTRANSPIRACAO DE,Introdução,61,6,17,14,6,2,4,87,2
222 artigo AGRUPAMENTO DE SERIES TEMPORAIS DE EV APOTRANSPIRACAO DE,Materiais e Métodos,27,1,12,5,3,1,1,45,1
222 artigo AGRUPAMENTO DE SERIES TEMPORAIS DE EV APOTRANSPIRACAO DE,Resultados e Discussão,85,5,29,19,7,1,4,144,6
222 artigo AGRUPAMENTO DE SERIES TEMPORAIS DE EV APOTRANSPIRACAO DE,Conclusão,25,0,8,6,1,0,0,31,0
222 artigo AGRUPAMENTO DE SERIES TEMPORAIS DE EV APOTRANSPIRACAO DE,Agradecimentos,0,0,0,0,0,0,0,0,0
222 artigo AGRUPAMENTO DE SERIES TEMPORAIS DE EV APOTRANSPIRACAO DE,Referências,48,13,3,16,0,0,0,111,1
223 artigo DIFERENTES METODOS DE SUPERACAO DE DORMENCIA DE SEMENTES DE,Introdução,21,2,10,6,3,0,2,38,2
223 artigo DIFERENTES METODOS DE SUPERACAO DE DORMENCIA DE SEMENTES DE,Materiais e Métodos,70,2,8,9,5,0,1,93,1
223 artigo DIFERENTES METODOS DE SUPERACAO DE DORMENCIA DE SEMENTES DE,Resultados e Discussão,52,1,19,20,7,4,3,125,3
223 artigo DIFERENTES METODOS DE SUPERACAO DE DORMENCIA DE SEMENTES DE,Conclusão,2,0,1,2,0,0,0,7,0
223 artigo DIFERENTES METODOS DE SUPERACAO DE DORMENCIA DE SEMENTES DE,Agradecimentos,0,0,0,0,0,0,0,0,0
223 artigo DIFERENTES METODOS DE SUPERACAO DE DORMENCIA DE SEMENTES DE,Referências,63,8,3,21,3,0,0,131,0
224 artigo DIAGNOSTICO EM LEISHMANIOSE CANINA EFICACIA DE METODOS,Introdução,39,4,18,15,1,3,1,61,3
224 artigo DIAGNOSTICO EM LEISHMANIOSE CANINA EFICACIA DE METODOS,Materiais e Métodos,58,2,8,10,7,1,1,137,0
224 artigo DIAGNOSTICO EM LEISHMANIOSE CANINA EFICACIA DE METODOS,Resultados e Discussão,36,3,11,9,4,0,1,59,3
224 artigo DIAGNOSTICO EM LEISHMANIOSE CANINA EFICACIA DE METODOS,Conclusão,10,0,6,4,1,0,2,20,0
224 artigo DIAGNOSTICO EM LEISHMANIOSE CANINA EFICACIA DE METODOS,Agradecimentos,3,0,0,3,0,0,0,11,0
224 artigo DIAGNOSTICO EM LEISHMANIOSE CANINA EFICACIA DE METODOS,Referências,31,14,2,11,0,0,0,112,1
225 artigo USO DE YERSINIA PESTIS COMO ARMA BIOLOGICA EM BIOTERRORISMO,Introdução,35,0,10,8,3,2,1,49,0
225 artigo USO DE YERSINIA PESTIS COMO ARMA BIOLOGICA EM BIOTERRORISMO,Materiais e Métodos,17,3,4,1,0,0,2,22,0
225 artigo USO DE YERSINIA PESTIS COMO ARMA BIOLOGICA EM BIOTERRORISMO,Resultados e Discussão,79,3,19,21,5,1,4,131,3
225 artigo USO DE YERSINIA PESTIS COMO ARMA BIOLOGICA EM BIOTERRORISMO,Conclusão,11,0,6,3,2,0,0,15,0
225 artigo USO DE YERSINIA PESTIS COMO ARMA BIOLOGICA EM BIOTERRORISMO,Agradecimentos,1,0,0,1,0,0,0,1,0
225 artigo USO DE YERSINIA PESTIS COMO ARMA BIOLOGICA EM BIOTERRORISMO,Referências,11,27,1,2,0,0,0,154,0
226 artigo URINA DE V ACA NA GERMINACAO DE SEMENTES DE ARATICUM,Introdução,60,2,18,19,5,5,5,72,3
226 artigo URINA DE V ACA NA GERMINACAO DE SEMENTES DE ARATICUM,Materiais e Métodos,58,2,6,10,4,0,3,101,1
226 artigo URINA DE V ACA NA GERMINACAO DE SEMENTES DE ARATICUM,Resultados e Discussão,17,1,6,3,2,2,1,33,2
226 artigo URINA DE V ACA NA GERMINACAO DE SEMENTES DE ARATICUM,Conclusão,4,0,1,1,1,0,0,7,0
226 artigo URINA DE V ACA NA GERMINACAO DE SEMENTES DE ARATICUM,Agradecimentos,8,0,0,2,0,0,0,11,0
226 artigo URINA DE V ACA NA GERMINACAO DE SEMENTES DE ARATICUM,Referências,58,0,1,9,0,0,2,92,2
227 artigo APLICACAO DE MODELOS DA INTELIGENCIA COMPUTACIONAL PARA ESTIMAR,Introdução,17,0,5,7,0,0,1,19,2
227 artigo APLICACAO DE MODELOS DA INTELIGENCIA COMPUTACIONAL PARA ESTIMAR,Materiais e Métodos,72,0,7,16,12,1,2,97,0
227 artigo APLICACAO DE MODELOS DA INTELIGENCIA COMPUTACIONAL PARA ESTIMAR,Resultados e Discussão,119,4,16,29,14,3,3,196,2
227 artigo APLICACAO DE MODELOS DA INTELIGENCIA COMPUTACIONAL PARA ESTIMAR,Conclusão,16,0,7,6,1,0,0,22,0
227 artigo APLICACAO DE MODELOS DA INTELIGENCIA COMPUTACIONAL PARA ESTIMAR,Agradecimentos,9,0,0,2,1,0,1,8,0
227 artigo APLICACAO DE MODELOS DA INTELIGENCIA COMPUTACIONAL PARA ESTIMAR,Referências,325,36,48,55,12,2,10,495,6
228 artigo ANALISE DE ERROS REFERENTES A MATEMATICA BASICA UM ESTUDO DE CASO,Introdução,54,1,19,14,7,1,2,75,2
228 artigo ANALISE DE ERROS REFERENTES A MATEMATICA BASICA UM ESTUDO DE CASO,Materiais e Métodos,30,0,6,11,4,1,1,42,0
228 artigo ANALISE DE ERROS REFERENTES A MATEMATICA BASICA UM ESTUDO DE CASO,Resultados e Discussão,51,0,10,8,4,0,3,73,1
228 artigo ANALISE DE ERROS REFERENTES A MATEMATICA BASICA UM ESTUDO DE CASO,Conclusão,80,0,31,15,19,1,3,108,0
228 artigo ANALISE DE ERROS REFERENTES A MATEMATICA BASICA UM ESTUDO DE CASO,Agradecimentos,10,0,0,5,0,0,0,7,0
228 artigo ANALISE DE ERROS REFERENTES A MATEMATICA BASICA UM ESTUDO DE CASO,Referências,49,2,4,15,0,0,1,93,0
229 artigo QUANTIFICACAO E CARACTERIZACAO VIA TESTE DE CHAMA DE BIOGAS,Introdução,39,6,9,18,8,2,3,71,2
229 artigo QUANTIFICACAO E CARACTERIZACAO VIA TESTE DE CHAMA DE BIOGAS,Materiais e Métodos,31,0,8,4,2,0,1,62,0
229 artigo QUANTIFICACAO E CARACTERIZACAO VIA TESTE DE CHAMA DE BIOGAS,Resultados e Discussão,68,1,20,8,4,0,4,124,1
229 artigo QUANTIFICACAO E CARACTERIZACAO VIA TESTE DE CHAMA DE BIOGAS,Conclusão,12,0,8,3,1,1,1,20,0
229 artigo QUANTIFICACAO E CARACTERIZACAO VIA TESTE DE CHAMA DE BIOGAS,Agradecimentos,6,0,0,3,0,0,0,9,0
229 artigo QUANTIFICACAO E CARACTERIZACAO VIA TESTE DE CHAMA DE BIOGAS,Referências,41,8,2,15,0,0,1,96,2
230 artigo PIBID REMOTO DIFICULDADES ENFRENTADAS PELOS ACADEMICOS E,Introdução,6,0,6,6,5,0,0,12,0
230 artigo PIBID REMOTO DIFICULDADES ENFRENTADAS PELOS ACADEMICOS E,Materiais e Métodos,25,0,3,4,1,0,1,40,0
230 artigo PIBID REMOTO DIFICULDADES ENFRENTADAS PELOS ACADEMICOS E,Resultados e Discussão,153,3,68,35,24,2,18,193,3
230 artigo PIBID REMOTO DIFICULDADES ENFRENTADAS PELOS ACADEMICOS E,Conclusão,38,0,17,11,9,6,3,57,0
230 artigo PIBID REMOTO DIFICULDADES ENFRENTADAS PELOS ACADEMICOS E,Agradecimentos,0,0,0,0,0,0,0,0,0
230 artigo PIBID REMOTO DIFICULDADES ENFRENTADAS PELOS ACADEMICOS E,Referências,60,5,24,16,7,3,2,71,0
231 artigo ADITIVOS DIETETICOS ALTERNATIVOS A RACTOPAMINA NAS,Introdução,19,0,12,11,4,2,0,48,0
231 artigo ADITIVOS DIETETICOS ALTERNATIVOS A RACTOPAMINA NAS,Materiais e Métodos,119,4,8,27,4,2,3,139,1
231 artigo ADITIVOS DIETETICOS ALTERNATIVOS A RACTOPAMINA NAS,Resultados e Discussão,60,1,21,19,6,0,2,105,1
231 artigo ADITIVOS DIETETICOS ALTERNATIVOS A RACTOPAMINA NAS,Conclusão,8,0,4,4,0,0,1,19,0
231 artigo ADITIVOS DIETETICOS ALTERNATIVOS A RACTOPAMINA NAS,Agradecimentos,18,0,0,7,0,0,0,19,0
231 artigo ADITIVOS DIETETICOS ALTERNATIVOS A RACTOPAMINA NAS,Referências,59,2,2,11,1,0,0,88,0
232 artigo INDICADORES DE CRESCIMENTO DO SORGO FORRAGEIRO 658 SUBMETIDO AO,Introdução,39,3,21,13,1,0,1,60,3
232 artigo INDICADORES DE CRESCIMENTO DO SORGO FORRAGEIRO 658 SUBMETIDO AO,Materiais e Métodos,62,1,7,10,2,0,3,96,1
232 artigo INDICADORES DE CRESCIMENTO DO SORGO FORRAGEIRO 658 SUBMETIDO AO,Resultados e Discussão,44,2,17,9,5,1,1,70,3
232 artigo INDICADORES DE CRESCIMENTO DO SORGO FORRAGEIRO 658 SUBMETIDO AO,Conclusão,2,0,1,0,1,0,0,9,0
232 artigo INDICADORES DE CRESCIMENTO DO SORGO FORRAGEIRO 658 SUBMETIDO AO,Agradecimentos,6,0,1,1,0,0,0,7,0
232 artigo INDICADORES DE CRESCIMENTO DO SORGO FORRAGEIRO 658 SUBMETIDO AO,Referências,79,5,2,10,1,0,0,135,0
233 artigo ADITIVOS DIETETICOS ALTERNATIVOS A RACTOPAMINA NAS,Introdução,19,0,12,11,4,2,0,48,0
233 artigo ADITIVOS DIETETICOS ALTERNATIVOS A RACTOPAMINA NAS,Materiais e Métodos,119,4,8,27,4,2,3,139,1
233 artigo ADITIVOS DIETETICOS ALTERNATIVOS A RACTOPAMINA NAS,Resultados e Discussão,72,4,34,16,6,1,3,125,1
233 artigo ADITIVOS DIETETICOS ALTERNATIVOS A RACTOPAMINA NAS,Conclusão,12,0,6,4,3,0,1,18,0
233 artigo ADITIVOS DIETETICOS ALTERNATIVOS A RACTOPAMINA NAS,Agradecimentos,18,0,0,7,0,0,0,17,0
233 artigo ADITIVOS DIETETICOS ALTERNATIVOS A RACTOPAMINA NAS,Referências,67,13,2,15,1,0,0,119,0
234 artigo SIMULACAO DO SISTEMA ELETRICO DO IFNMG CAMPUS MONTES CLAROS,Introdução,76,0,23,13,6,2,4,82,3
234 artigo SIMULACAO DO SISTEMA ELETRICO DO IFNMG CAMPUS MONTES CLAROS,Materiais e Métodos,48,0,13,12,1,1,2,57,0
234 artigo SIMULACAO DO SISTEMA ELETRICO DO IFNMG CAMPUS MONTES CLAROS,Resultados e Discussão,17,0,8,3,1,0,2,30,1
234 artigo SIMULACAO DO SISTEMA ELETRICO DO IFNMG CAMPUS MONTES CLAROS,Conclusão,24,0,10,6,2,0,2,25,0
234 artigo SIMULACAO DO SISTEMA ELETRICO DO IFNMG CAMPUS MONTES CLAROS,Agradecimentos,9,0,1,5,2,0,0,7,0
234 artigo SIMULACAO DO SISTEMA ELETRICO DO IFNMG CAMPUS MONTES CLAROS,Referências,56,1,4,12,0,0,0,81,3
235 artigo O ESTAGIO CURRICULAR SUPERVISIONADO SOB A OTICA DAS ESCOLAS E DOS,Introdução,27,0,12,12,3,1,4,42,1
235 artigo O ESTAGIO CURRICULAR SUPERVISIONADO SOB A OTICA DAS ESCOLAS E DOS,Materiais e Métodos,26,0,9,8,2,2,1,27,1
235 artigo O ESTAGIO CURRICULAR SUPERVISIONADO SOB A OTICA DAS ESCOLAS E DOS,Resultados e Discussão,116,3,54,24,19,5,5,155,2
235 artigo O ESTAGIO CURRICULAR SUPERVISIONADO SOB A OTICA DAS ESCOLAS E DOS,Conclusão,13,0,6,5,1,1,0,18,0
235 artigo O ESTAGIO CURRICULAR SUPERVISIONADO SOB A OTICA DAS ESCOLAS E DOS,Agradecimentos,0,0,0,0,0,0,0,0,0
235 artigo O ESTAGIO CURRICULAR SUPERVISIONADO SOB A OTICA DAS ESCOLAS E DOS,Referências,110,3,13,11,7,0,6,97,0
236 artigo COMPORTAMENTO DE CONSUMO DA CARNE DO PORCO DO SERRADO,Introdução,60,2,3,24,7,1,0,60,4
236 artigo COMPORTAMENTO DE CONSUMO DA CARNE DO PORCO DO SERRADO,Materiais e Métodos,55,2,11,13,8,0,3,61,1
236 artigo COMPORTAMENTO DE CONSUMO DA CARNE DO PORCO DO SERRADO,Resultados e Discussão,58,1,46,13,16,0,7,59,1
236 artigo COMPORTAMENTO DE CONSUMO DA CARNE DO PORCO DO SERRADO,Conclusão,5,0,1,1,1,0,0,7,0
236 artigo COMPORTAMENTO DE CONSUMO DA CARNE DO PORCO DO SERRADO,Agradecimentos,18,0,0,7,0,0,0,15,0
236 artigo COMPORTAMENTO DE CONSUMO DA CARNE DO PORCO DO SERRADO,Referências,51,5,10,12,15,0,1,63,0
237 artigo CRIOPRESERVACAO DE SEMEN DE COELHO ORYCTOLAGUS CUNICULUS EM,Introdução,17,0,8,7,4,1,1,47,2
237 artigo CRIOPRESERVACAO DE SEMEN DE COELHO ORYCTOLAGUS CUNICULUS EM,Materiais e Métodos,91,5,9,23,6,0,5,123,1
237 artigo CRIOPRESERVACAO DE SEMEN DE COELHO ORYCTOLAGUS CUNICULUS EM,Resultados e Discussão,162,8,35,41,14,3,7,251,7
237 artigo CRIOPRESERVACAO DE SEMEN DE COELHO ORYCTOLAGUS CUNICULUS EM,Conclusão,12,0,3,4,1,1,1,32,0
237 artigo CRIOPRESERVACAO DE SEMEN DE COELHO ORYCTOLAGUS CUNICULUS EM,Agradecimentos,4,0,0,2,0,0,0,5,0
237 artigo CRIOPRESERVACAO DE SEMEN DE COELHO ORYCTOLAGUS CUNICULUS EM,Referências,46,14,1,13,6,0,0,100,0
238 artigo A RENDERIZACAO DA BIOLOGIA NA PERSPECTIV A DO ENSINO REMOTO,Introdução,73,0,27,19,7,1,5,63,0
238 artigo A RENDERIZACAO DA BIOLOGIA NA PERSPECTIV A DO ENSINO REMOTO,Materiais e Métodos,175,0,60,36,11,2,8,194,0
238 artigo A RENDERIZACAO DA BIOLOGIA NA PERSPECTIV A DO ENSINO REMOTO,Resultados e Discussão,91,0,30,24,3,0,4,89,0
238 artigo A RENDERIZACAO DA BIOLOGIA NA PERSPECTIV A DO ENSINO REMOTO,Conclusão,0,0,0,0,0,0,0,0,0
238 artigo A RENDERIZACAO DA BIOLOGIA NA PERSPECTIV A DO ENSINO REMOTO,Agradecimentos,0,0,0,0,0,0,0,0,0
238 artigo A RENDERIZACAO DA BIOLOGIA NA PERSPECTIV A DO ENSINO REMOTO,Referências,8,0,1,0,0,0,0,12,0
239 artigo O PRE-CALCULO COMO BASE PARA O DESENVOLVIMENTO DOS INGRESSANTES,Introdução,43,0,13,18,2,0,3,45,0
239 artigo O PRE-CALCULO COMO BASE PARA O DESENVOLVIMENTO DOS INGRESSANTES,Materiais e Métodos,0,0,0,0,0,0,0,1,0
239 artigo O PRE-CALCULO COMO BASE PARA O DESENVOLVIMENTO DOS INGRESSANTES,Resultados e Discussão,185,0,64,36,23,3,11,257,0
239 artigo O PRE-CALCULO COMO BASE PARA O DESENVOLVIMENTO DOS INGRESSANTES,Conclusão,20,0,3,8,1,1,0,27,0
239 artigo O PRE-CALCULO COMO BASE PARA O DESENVOLVIMENTO DOS INGRESSANTES,Agradecimentos,7,0,0,5,0,0,1,3,0
239 artigo O PRE-CALCULO COMO BASE PARA O DESENVOLVIMENTO DOS INGRESSANTES,Referências,18,2,2,5,0,0,0,28,0
240 artigo ESTUDO DA VISCOSIDADE DO BIODIESEL SINTETIZADO COM CATALISADOR,Introdução,59,0,20,12,7,2,2,86,2
240 artigo ESTUDO DA VISCOSIDADE DO BIODIESEL SINTETIZADO COM CATALISADOR,Materiais e Métodos,26,1,1,4,0,0,2,65,1
240 artigo ESTUDO DA VISCOSIDADE DO BIODIESEL SINTETIZADO COM CATALISADOR,Resultados e Discussão,47,1,11,16,5,0,1,63,2
240 artigo ESTUDO DA VISCOSIDADE DO BIODIESEL SINTETIZADO COM CATALISADOR,Conclusão,13,0,3,2,0,1,1,16,0
240 artigo ESTUDO DA VISCOSIDADE DO BIODIESEL SINTETIZADO COM CATALISADOR,Agradecimentos,0,0,0,0,0,0,0,0,0
240 artigo ESTUDO DA VISCOSIDADE DO BIODIESEL SINTETIZADO COM CATALISADOR,Referências,31,1,2,8,0,0,0,72,1
241 artigo SOROPREV ALENCIA DE DOENCAS INFECCIOSAS EM CADELAS GESTANTES,Introdução,43,2,15,22,7,0,2,129,4
241 artigo SOROPREV ALENCIA DE DOENCAS INFECCIOSAS EM CADELAS GESTANTES,Materiais e Métodos,23,1,1,8,2,0,0,53,0
241 artigo SOROPREV ALENCIA DE DOENCAS INFECCIOSAS EM CADELAS GESTANTES,Resultados e Discussão,59,3,21,18,10,2,5,97,3
241 artigo SOROPREV ALENCIA DE DOENCAS INFECCIOSAS EM CADELAS GESTANTES,Conclusão,9,0,4,3,4,2,0,13,0
241 artigo SOROPREV ALENCIA DE DOENCAS INFECCIOSAS EM CADELAS GESTANTES,Agradecimentos,2,0,0,0,0,0,0,3,0
241 artigo SOROPREV ALENCIA DE DOENCAS INFECCIOSAS EM CADELAS GESTANTES,Referências,46,17,2,27,16,0,1,171,0
242 artigo CARACTERIZACAO FISICA E QUIMICA DE AMOSTRAS DE OLEO DE PEQUI,Introdução,65,13,21,10,11,0,6,134,5
242 artigo CARACTERIZACAO FISICA E QUIMICA DE AMOSTRAS DE OLEO DE PEQUI,Materiais e Métodos,9,0,0,1,1,0,1,24,1
242 artigo CARACTERIZACAO FISICA E QUIMICA DE AMOSTRAS DE OLEO DE PEQUI,Resultados e Discussão,58,4,23,16,9,2,8,120,4
242 artigo CARACTERIZACAO FISICA E QUIMICA DE AMOSTRAS DE OLEO DE PEQUI,Conclusão,14,0,7,5,2,1,3,32,0
242 artigo CARACTERIZACAO FISICA E QUIMICA DE AMOSTRAS DE OLEO DE PEQUI,Agradecimentos,0,0,0,0,0,0,0,0,0
242 artigo CARACTERIZACAO FISICA E QUIMICA DE AMOSTRAS DE OLEO DE PEQUI,Referências,49,10,2,13,2,0,0,116,0
243 artigo A FORMACAO DO TECNICO INTEGRADO AO ENSINO MEDIO E O SENTIDO DA,Introdução,20,0,7,7,2,0,1,24,0
243 artigo A FORMACAO DO TECNICO INTEGRADO AO ENSINO MEDIO E O SENTIDO DA,Materiais e Métodos,25,0,2,7,0,0,2,42,0
243 artigo A FORMACAO DO TECNICO INTEGRADO AO ENSINO MEDIO E O SENTIDO DA,Resultados e Discussão,147,0,65,53,18,0,14,185,6
243 artigo A FORMACAO DO TECNICO INTEGRADO AO ENSINO MEDIO E O SENTIDO DA,Conclusão,17,0,11,12,1,0,3,39,0
243 artigo A FORMACAO DO TECNICO INTEGRADO AO ENSINO MEDIO E O SENTIDO DA,Agradecimentos,0,0,0,0,0,0,0,0,0
243 artigo A FORMACAO DO TECNICO INTEGRADO AO ENSINO MEDIO E O SENTIDO DA,Referências,29,0,1,7,0,0,5,46,2
244 artigo ANALISE TOXICOLOGICA DE ORGANOCLORADOS EM TILAPIA DO NILO,Introdução,41,5,16,21,5,0,3,87,7
244 artigo ANALISE TOXICOLOGICA DE ORGANOCLORADOS EM TILAPIA DO NILO,Materiais e Métodos,11,0,0,2,0,0,0,38,0
244 artigo ANALISE TOXICOLOGICA DE ORGANOCLORADOS EM TILAPIA DO NILO,Resultados e Discussão,52,5,14,9,4,2,5,76,7
244 artigo ANALISE TOXICOLOGICA DE ORGANOCLORADOS EM TILAPIA DO NILO,Conclusão,12,0,5,5,1,1,0,14,0
244 artigo ANALISE TOXICOLOGICA DE ORGANOCLORADOS EM TILAPIA DO NILO,Agradecimentos,3,0,0,0,0,0,0,10,0
244 artigo ANALISE TOXICOLOGICA DE ORGANOCLORADOS EM TILAPIA DO NILO,Referências,48,16,4,11,1,0,0,188,0
245 artigo USO DE INTERNET E PREV ALENCIA DE ADICCAO ENTRE ESTUDANTES DO IFNMG,Introdução,69,4,20,21,4,2,4,114,4
245 artigo USO DE INTERNET E PREV ALENCIA DE ADICCAO ENTRE ESTUDANTES DO IFNMG,Materiais e Métodos,24,2,5,9,2,0,3,62,0
245 artigo USO DE INTERNET E PREV ALENCIA DE ADICCAO ENTRE ESTUDANTES DO IFNMG,Resultados e Discussão,77,6,45,31,35,2,6,137,5
245 artigo USO DE INTERNET E PREV ALENCIA DE ADICCAO ENTRE ESTUDANTES DO IFNMG,Conclusão,26,0,8,14,1,0,0,32,0
245 artigo USO DE INTERNET E PREV ALENCIA DE ADICCAO ENTRE ESTUDANTES DO IFNMG,Agradecimentos,6,0,0,7,0,0,0,7,0
245 artigo USO DE INTERNET E PREV ALENCIA DE ADICCAO ENTRE ESTUDANTES DO IFNMG,Referências,47,10,1,9,0,0,1,91,0
246 artigo REFLEXOS DA COVID-19 PERCEPCOES ESTUDANTIS NAS ATIVIDADES NAO,Introdução,48,2,13,18,10,1,1,70,5
246 artigo REFLEXOS DA COVID-19 PERCEPCOES ESTUDANTIS NAS ATIVIDADES NAO,Materiais e Métodos,1,0,1,0,0,0,0,0,0
246 artigo REFLEXOS DA COVID-19 PERCEPCOES ESTUDANTIS NAS ATIVIDADES NAO,Resultados e Discussão,128,2,43,42,19,1,8,155,0
246 artigo REFLEXOS DA COVID-19 PERCEPCOES ESTUDANTIS NAS ATIVIDADES NAO,Conclusão,33,0,10,12,9,0,0,42,0
246 artigo REFLEXOS DA COVID-19 PERCEPCOES ESTUDANTIS NAS ATIVIDADES NAO,Agradecimentos,5,0,0,5,0,0,0,4,0
246 artigo REFLEXOS DA COVID-19 PERCEPCOES ESTUDANTIS NAS ATIVIDADES NAO,Referências,27,16,5,7,0,0,1,82,0
247 artigo ALTERACOES FISIOLOGICAS EM EXAMES DE HEMOGRAMA DAS CADELAS,Introdução,29,2,14,11,3,1,2,37,1
247 artigo ALTERACOES FISIOLOGICAS EM EXAMES DE HEMOGRAMA DAS CADELAS,Materiais e Métodos,13,0,0,4,2,0,1,23,0
247 artigo ALTERACOES FISIOLOGICAS EM EXAMES DE HEMOGRAMA DAS CADELAS,Resultados e Discussão,88,6,27,18,5,2,9,152,1
247 artigo ALTERACOES FISIOLOGICAS EM EXAMES DE HEMOGRAMA DAS CADELAS,Conclusão,6,0,5,2,0,0,2,13,0
247 artigo ALTERACOES FISIOLOGICAS EM EXAMES DE HEMOGRAMA DAS CADELAS,Agradecimentos,0,0,0,0,0,0,0,0,0
247 artigo ALTERACOES FISIOLOGICAS EM EXAMES DE HEMOGRAMA DAS CADELAS,Referências,46,18,3,13,1,0,3,161,0
248 artigo CONTAMINACAO POR HELMINTOS ZOONOTICOS EM AMOSTRAS DE AREIAS,Introdução,49,5,15,11,2,1,3,59,3
248 artigo CONTAMINACAO POR HELMINTOS ZOONOTICOS EM AMOSTRAS DE AREIAS,Materiais e Métodos,19,1,3,4,2,0,0,51,0
248 artigo CONTAMINACAO POR HELMINTOS ZOONOTICOS EM AMOSTRAS DE AREIAS,Resultados e Discussão,48,9,11,15,2,2,1,74,3
248 artigo CONTAMINACAO POR HELMINTOS ZOONOTICOS EM AMOSTRAS DE AREIAS,Conclusão,9,0,5,2,1,2,1,20,0
248 artigo CONTAMINACAO POR HELMINTOS ZOONOTICOS EM AMOSTRAS DE AREIAS,Agradecimentos,12,1,2,2,0,0,0,17,0
248 artigo CONTAMINACAO POR HELMINTOS ZOONOTICOS EM AMOSTRAS DE AREIAS,Referências,27,10,1,17,1,0,0,120,1
249 artigo TREINAMENTO E A V ALIACAO DA REDE NEURAL CONVOLUCIONAL YOLO PARA O,Introdução,37,1,16,10,2,1,0,49,6
249 artigo TREINAMENTO E A V ALIACAO DA REDE NEURAL CONVOLUCIONAL YOLO PARA O,Materiais e Métodos,57,0,11,3,2,0,0,47,1
249 artigo TREINAMENTO E A V ALIACAO DA REDE NEURAL CONVOLUCIONAL YOLO PARA O,Resultados e Discussão,174,2,56,25,11,5,6,255,5
249 artigo TREINAMENTO E A V ALIACAO DA REDE NEURAL CONVOLUCIONAL YOLO PARA O,Conclusão,18,0,11,4,0,1,0,18,0
249 artigo TREINAMENTO E A V ALIACAO DA REDE NEURAL CONVOLUCIONAL YOLO PARA O,Agradecimentos,12,0,1,5,0,0,0,7,0
249 artigo TREINAMENTO E A V ALIACAO DA REDE NEURAL CONVOLUCIONAL YOLO PARA O,Referências,79,18,2,30,1,0,1,139,0
250 artigo INDICIOS DE ESTRESSE E ANSIEDADE EM ACADEMICOS DA GRADUACAO NO,Introdução,89,1,38,15,6,0,4,87,2
250 artigo INDICIOS DE ESTRESSE E ANSIEDADE EM ACADEMICOS DA GRADUACAO NO,Materiais e Métodos,25,1,4,5,0,0,3,21,1
250 artigo INDICIOS DE ESTRESSE E ANSIEDADE EM ACADEMICOS DA GRADUACAO NO,Resultados e Discussão,94,1,48,19,9,1,5,76,2
250 artigo INDICIOS DE ESTRESSE E ANSIEDADE EM ACADEMICOS DA GRADUACAO NO,Conclusão,41,0,15,9,2,1,1,31,0
250 artigo INDICIOS DE ESTRESSE E ANSIEDADE EM ACADEMICOS DA GRADUACAO NO,Agradecimentos,0,0,0,0,0,0,0,0,0
250 artigo INDICIOS DE ESTRESSE E ANSIEDADE EM ACADEMICOS DA GRADUACAO NO,Referências,41,1,6,8,3,0,1,48,0
251 artigo MOSQUITOS TRANSMISSORES DE FEBRE AMARELA E OUTRAS ARBOVIROSES NO,Introdução,43,2,21,20,4,1,7,65,0
251 artigo MOSQUITOS TRANSMISSORES DE FEBRE AMARELA E OUTRAS ARBOVIROSES NO,Materiais e Métodos,50,0,8,14,3,2,4,85,0
251 artigo MOSQUITOS TRANSMISSORES DE FEBRE AMARELA E OUTRAS ARBOVIROSES NO,Resultados e Discussão,61,2,27,35,7,2,3,126,5
251 artigo MOSQUITOS TRANSMISSORES DE FEBRE AMARELA E OUTRAS ARBOVIROSES NO,Conclusão,9,0,5,3,1,1,1,24,0
251 artigo MOSQUITOS TRANSMISSORES DE FEBRE AMARELA E OUTRAS ARBOVIROSES NO,Agradecimentos,0,0,0,0,0,0,0,0,0
251 artigo MOSQUITOS TRANSMISSORES DE FEBRE AMARELA E OUTRAS ARBOVIROSES NO,Referências,24,17,1,4,0,0,1,90,0
252 artigo DESENVOLVIMENTO DE SORVETE FUNCIONAL VEGANO,Introdução,64,2,20,9,6,0,2,103,3
252 artigo DESENVOLVIMENTO DE SORVETE FUNCIONAL VEGANO,Materiais e Métodos,66,1,12,8,7,1,3,89,1
252 artigo DESENVOLVIMENTO DE SORVETE FUNCIONAL VEGANO,Resultados e Discussão,36,0,21,6,9,1,1,42,0
252 artigo DESENVOLVIMENTO DE SORVETE FUNCIONAL VEGANO,Conclusão,19,0,7,9,7,1,0,36,0
252 artigo DESENVOLVIMENTO DE SORVETE FUNCIONAL VEGANO,Agradecimentos,0,0,0,0,0,0,0,0,0
252 artigo DESENVOLVIMENTO DE SORVETE FUNCIONAL VEGANO,Referências,33,2,1,9,0,0,1,54,0
253 artigo CRIACAO DE PROJETO PRATICO NA DISCIPLINA DE REDES DE COMPUTADORES,Introdução,108,1,53,18,10,1,3,111,5
253 artigo CRIACAO DE PROJETO PRATICO NA DISCIPLINA DE REDES DE COMPUTADORES,Materiais e Métodos,44,0,10,7,0,0,5,39,0
253 artigo CRIACAO DE PROJETO PRATICO NA DISCIPLINA DE REDES DE COMPUTADORES,Resultados e Discussão,54,0,20,8,3,0,3,39,0
253 artigo CRIACAO DE PROJETO PRATICO NA DISCIPLINA DE REDES DE COMPUTADORES,Conclusão,25,0,15,9,1,1,1,29,0
253 artigo CRIACAO DE PROJETO PRATICO NA DISCIPLINA DE REDES DE COMPUTADORES,Agradecimentos,0,0,0,0,0,0,0,0,0
253 artigo CRIACAO DE PROJETO PRATICO NA DISCIPLINA DE REDES DE COMPUTADORES,Referências,21,2,1,6,0,0,0,55,0
254 artigo RESIDUOS SOLIDOS E SUAS IMPLICACOES UMA ANALISE DA PERCEPCAO DOS,Introdução,39,1,24,9,3,0,4,57,4
254 artigo RESIDUOS SOLIDOS E SUAS IMPLICACOES UMA ANALISE DA PERCEPCAO DOS,Materiais e Métodos,36,2,7,8,0,0,1,44,0
254 artigo RESIDUOS SOLIDOS E SUAS IMPLICACOES UMA ANALISE DA PERCEPCAO DOS,Resultados e Discussão,78,1,37,24,11,1,4,118,2
254 artigo RESIDUOS SOLIDOS E SUAS IMPLICACOES UMA ANALISE DA PERCEPCAO DOS,Conclusão,19,0,10,4,3,0,0,19,0
254 artigo RESIDUOS SOLIDOS E SUAS IMPLICACOES UMA ANALISE DA PERCEPCAO DOS,Agradecimentos,6,0,0,3,0,0,0,13,0
254 artigo RESIDUOS SOLIDOS E SUAS IMPLICACOES UMA ANALISE DA PERCEPCAO DOS,Referências,85,6,19,37,9,0,1,132,0
255 artigo ASPECTOS PRODUTIVOS DO AMENDOIM CV . RUNNER IAC 886 SUBMETIDOS A,Introdução,33,3,8,10,5,3,5,48,4
255 artigo ASPECTOS PRODUTIVOS DO AMENDOIM CV . RUNNER IAC 886 SUBMETIDOS A,Materiais e Métodos,86,0,14,17,7,0,5,83,1
255 artigo ASPECTOS PRODUTIVOS DO AMENDOIM CV . RUNNER IAC 886 SUBMETIDOS A,Resultados e Discussão,65,2,27,14,13,2,2,63,4
255 artigo ASPECTOS PRODUTIVOS DO AMENDOIM CV . RUNNER IAC 886 SUBMETIDOS A,Conclusão,6,0,4,2,1,2,2,19,0
255 artigo ASPECTOS PRODUTIVOS DO AMENDOIM CV . RUNNER IAC 886 SUBMETIDOS A,Agradecimentos,7,0,0,0,0,0,0,7,0
255 artigo ASPECTOS PRODUTIVOS DO AMENDOIM CV . RUNNER IAC 886 SUBMETIDOS A,Referências,59,5,3,13,1,0,0,128,1
256 artigo LABCIENCIAS UMA APLICACAO WEB PROGRESSIV A PARA APOIO A,Introdução,84,0,44,28,9,1,3,144,3
256 artigo LABCIENCIAS UMA APLICACAO WEB PROGRESSIV A PARA APOIO A,Materiais e Métodos,44,0,18,9,3,1,2,114,4
256 artigo LABCIENCIAS UMA APLICACAO WEB PROGRESSIV A PARA APOIO A,Resultados e Discussão,28,0,13,7,6,0,1,59,0
256 artigo LABCIENCIAS UMA APLICACAO WEB PROGRESSIV A PARA APOIO A,Conclusão,27,0,11,8,3,1,1,28,0
256 artigo LABCIENCIAS UMA APLICACAO WEB PROGRESSIV A PARA APOIO A,Agradecimentos,0,0,0,0,0,0,0,0,0
256 artigo LABCIENCIAS UMA APLICACAO WEB PROGRESSIV A PARA APOIO A,Referências,22,6,2,4,0,0,1,67,1
257 artigo SELECAO DE BACTERIAS DE SOLO RIZOSFERICO SOLUBILIZADORAS DE,Introdução,41,3,14,14,6,1,0,39,2
257 artigo SELECAO DE BACTERIAS DE SOLO RIZOSFERICO SOLUBILIZADORAS DE,Materiais e Métodos,61,1,6,4,3,0,1,100,2
257 artigo SELECAO DE BACTERIAS DE SOLO RIZOSFERICO SOLUBILIZADORAS DE,Resultados e Discussão,35,1,13,10,1,1,0,47,2
257 artigo SELECAO DE BACTERIAS DE SOLO RIZOSFERICO SOLUBILIZADORAS DE,Conclusão,8,1,1,3,1,0,0,9,0
257 artigo SELECAO DE BACTERIAS DE SOLO RIZOSFERICO SOLUBILIZADORAS DE,Agradecimentos,0,0,0,0,0,0,0,0,0
257 artigo SELECAO DE BACTERIAS DE SOLO RIZOSFERICO SOLUBILIZADORAS DE,Referências,59,24,19,49,0,0,0,151,1
258 artigo INDICES DE NBR E DNBR APLICADOS A ANALISE DE INCENDIO AGRICOLA-,Introdução,42,3,16,15,4,0,0,71,6
258 artigo INDICES DE NBR E DNBR APLICADOS A ANALISE DE INCENDIO AGRICOLA-,Materiais e Métodos,36,0,6,5,1,0,0,52,0
258 artigo INDICES DE NBR E DNBR APLICADOS A ANALISE DE INCENDIO AGRICOLA-,Resultados e Discussão,42,0,23,18,6,1,3,59,3
258 artigo INDICES DE NBR E DNBR APLICADOS A ANALISE DE INCENDIO AGRICOLA-,Conclusão,26,1,18,12,3,1,0,65,1
258 artigo INDICES DE NBR E DNBR APLICADOS A ANALISE DE INCENDIO AGRICOLA-,Agradecimentos,4,0,0,4,0,0,0,12,0
258 artigo INDICES DE NBR E DNBR APLICADOS A ANALISE DE INCENDIO AGRICOLA-,Referências,67,14,1,12,0,0,0,121,2
259 artigo EFICIENCIA DE TRATAMENTO DE AGUA RESIDUARIA DA SUINOCULTURA SALINA,Introdução,43,2,14,11,4,1,3,65,2
259 artigo EFICIENCIA DE TRATAMENTO DE AGUA RESIDUARIA DA SUINOCULTURA SALINA,Materiais e Métodos,38,2,7,12,2,0,1,85,1
259 artigo EFICIENCIA DE TRATAMENTO DE AGUA RESIDUARIA DA SUINOCULTURA SALINA,Resultados e Discussão,73,3,36,16,10,5,5,215,4
259 artigo EFICIENCIA DE TRATAMENTO DE AGUA RESIDUARIA DA SUINOCULTURA SALINA,Conclusão,5,0,1,3,0,0,1,13,0
259 artigo EFICIENCIA DE TRATAMENTO DE AGUA RESIDUARIA DA SUINOCULTURA SALINA,Agradecimentos,5,0,0,0,0,0,0,5,0
259 artigo EFICIENCIA DE TRATAMENTO DE AGUA RESIDUARIA DA SUINOCULTURA SALINA,Referências,42,5,1,10,0,0,0,120,0
260 artigo DETETIVE X UMA A VENTURA DIGITAL NO MUNDO DE INCOGNITTA,Introdução,41,2,27,16,8,2,2,64,6
260 artigo DETETIVE X UMA A VENTURA DIGITAL NO MUNDO DE INCOGNITTA,Materiais e Métodos,65,0,27,18,2,0,7,108,2
260 artigo DETETIVE X UMA A VENTURA DIGITAL NO MUNDO DE INCOGNITTA,Resultados e Discussão,163,0,79,60,13,2,11,272,2
260 artigo DETETIVE X UMA A VENTURA DIGITAL NO MUNDO DE INCOGNITTA,Conclusão,46,0,19,11,5,1,2,30,0
260 artigo DETETIVE X UMA A VENTURA DIGITAL NO MUNDO DE INCOGNITTA,Agradecimentos,2,0,1,1,0,0,0,5,0
260 artigo DETETIVE X UMA A VENTURA DIGITAL NO MUNDO DE INCOGNITTA,Referências,107,1,7,29,0,3,2,153,5
261 artigo CONTRIBUICOES DA MONITORIA PARA A FORMACAO DOCENTE,Introdução,66,1,35,19,9,1,3,76,2
261 artigo CONTRIBUICOES DA MONITORIA PARA A FORMACAO DOCENTE,Materiais e Métodos,43,0,15,6,9,1,2,59,0
261 artigo CONTRIBUICOES DA MONITORIA PARA A FORMACAO DOCENTE,Resultados e Discussão,74,0,33,15,10,4,4,80,0
261 artigo CONTRIBUICOES DA MONITORIA PARA A FORMACAO DOCENTE,Conclusão,18,0,17,5,3,2,3,46,0
261 artigo CONTRIBUICOES DA MONITORIA PARA A FORMACAO DOCENTE,Agradecimentos,3,0,0,5,0,0,0,4,0
261 artigo CONTRIBUICOES DA MONITORIA PARA A FORMACAO DOCENTE,Referências,17,1,0,2,0,0,0,31,0
262 artigo ANALISE DE SONDAGEM MISTA NA CIDADE DE MONTES CLAROSMG,Introdução,62,1,18,10,4,0,6,84,1
262 artigo ANALISE DE SONDAGEM MISTA NA CIDADE DE MONTES CLAROSMG,Materiais e Métodos,41,0,10,7,2,0,0,65,0
262 artigo ANALISE DE SONDAGEM MISTA NA CIDADE DE MONTES CLAROSMG,Resultados e Discussão,63,0,10,22,5,1,4,56,0
262 artigo ANALISE DE SONDAGEM MISTA NA CIDADE DE MONTES CLAROSMG,Conclusão,22,0,8,8,4,2,1,30,0
262 artigo ANALISE DE SONDAGEM MISTA NA CIDADE DE MONTES CLAROSMG,Agradecimentos,4,0,1,1,0,0,0,13,0
262 artigo ANALISE DE SONDAGEM MISTA NA CIDADE DE MONTES CLAROSMG,Referências,23,0,0,11,0,0,0,34,2
263 artigo GANHO DE PESO EM OVINOS ALIMENTADOS COM FARELO DE PALMA,Introdução,54,1,18,13,3,2,2,38,1
263 artigo GANHO DE PESO EM OVINOS ALIMENTADOS COM FARELO DE PALMA,Materiais e Métodos,60,1,9,7,3,0,1,75,1
263 artigo GANHO DE PESO EM OVINOS ALIMENTADOS COM FARELO DE PALMA,Resultados e Discussão,34,0,7,4,5,1,2,31,1
263 artigo GANHO DE PESO EM OVINOS ALIMENTADOS COM FARELO DE PALMA,Conclusão,37,4,3,1,0,0,0,45,0
263 artigo GANHO DE PESO EM OVINOS ALIMENTADOS COM FARELO DE PALMA,Agradecimentos,0,0,0,0,0,0,0,0,0
263 artigo GANHO DE PESO EM OVINOS ALIMENTADOS COM FARELO DE PALMA,Referências,0,0,0,0,0,0,0,0,0
264 artigo ELABORACAO DE UM SOFTWARE EDUCACIONAL COMO UMA FERRAMENTA,Introdução,28,0,10,8,0,1,3,35,2
264 artigo ELABORACAO DE UM SOFTWARE EDUCACIONAL COMO UMA FERRAMENTA,Materiais e Métodos,65,1,21,9,2,2,1,71,1
264 artigo ELABORACAO DE UM SOFTWARE EDUCACIONAL COMO UMA FERRAMENTA,Resultados e Discussão,91,4,56,25,11,2,5,119,1
264 artigo ELABORACAO DE UM SOFTWARE EDUCACIONAL COMO UMA FERRAMENTA,Conclusão,40,0,16,4,2,0,1,30,0
264 artigo ELABORACAO DE UM SOFTWARE EDUCACIONAL COMO UMA FERRAMENTA,Agradecimentos,6,0,0,3,0,0,0,8,0
264 artigo ELABORACAO DE UM SOFTWARE EDUCACIONAL COMO UMA FERRAMENTA,Referências,41,3,1,6,3,0,2,31,0
265 artigo FORMACAO CRITICA SOB ENREDOS DE ATIVISMO DIGITAL SABERES LUTAS E,Introdução,34,0,17,7,8,1,8,52,3
265 artigo FORMACAO CRITICA SOB ENREDOS DE ATIVISMO DIGITAL SABERES LUTAS E,Materiais e Métodos,35,1,9,9,6,0,4,42,2
265 artigo FORMACAO CRITICA SOB ENREDOS DE ATIVISMO DIGITAL SABERES LUTAS E,Resultados e Discussão,121,3,43,29,20,3,14,174,4
265 artigo FORMACAO CRITICA SOB ENREDOS DE ATIVISMO DIGITAL SABERES LUTAS E,Conclusão,52,0,24,13,9,3,6,101,4
265 artigo FORMACAO CRITICA SOB ENREDOS DE ATIVISMO DIGITAL SABERES LUTAS E,Agradecimentos,0,0,0,0,0,0,0,0,0
265 artigo FORMACAO CRITICA SOB ENREDOS DE ATIVISMO DIGITAL SABERES LUTAS E,Referências,25,2,2,3,0,0,0,61,0
266 artigo PRODUTIVIDADE E CARACTERISTICAS AGRONOMICAS DE LA VOURA DE MILHO,Introdução,47,2,15,15,7,2,1,51,4
266 artigo PRODUTIVIDADE E CARACTERISTICAS AGRONOMICAS DE LA VOURA DE MILHO,Materiais e Métodos,46,1,8,7,4,0,1,59,1
266 artigo PRODUTIVIDADE E CARACTERISTICAS AGRONOMICAS DE LA VOURA DE MILHO,Resultados e Discussão,65,3,17,27,10,6,2,78,4
266 artigo PRODUTIVIDADE E CARACTERISTICAS AGRONOMICAS DE LA VOURA DE MILHO,Conclusão,4,0,2,4,0,1,1,8,0
266 artigo PRODUTIVIDADE E CARACTERISTICAS AGRONOMICAS DE LA VOURA DE MILHO,Agradecimentos,13,0,0,2,0,0,1,14,0
266 artigo PRODUTIVIDADE E CARACTERISTICAS AGRONOMICAS DE LA VOURA DE MILHO,Referências,75,8,3,12,0,0,1,117,0
267 artigo ENTOMOFAUNA ASSOCIADA A GRA VIOLA CULTIV ADA EM SISTEMA EXCLUSIVO,Introdução,74,3,30,16,6,0,3,82,3
267 artigo ENTOMOFAUNA ASSOCIADA A GRA VIOLA CULTIV ADA EM SISTEMA EXCLUSIVO,Materiais e Métodos,108,4,16,14,7,2,4,121,2
267 artigo ENTOMOFAUNA ASSOCIADA A GRA VIOLA CULTIV ADA EM SISTEMA EXCLUSIVO,Resultados e Discussão,54,0,8,18,2,2,0,41,0
267 artigo ENTOMOFAUNA ASSOCIADA A GRA VIOLA CULTIV ADA EM SISTEMA EXCLUSIVO,Conclusão,7,0,1,1,0,0,0,14,0
267 artigo ENTOMOFAUNA ASSOCIADA A GRA VIOLA CULTIV ADA EM SISTEMA EXCLUSIVO,Agradecimentos,8,0,0,1,0,0,0,15,0
267 artigo ENTOMOFAUNA ASSOCIADA A GRA VIOLA CULTIV ADA EM SISTEMA EXCLUSIVO,Referências,51,6,2,14,0,0,0,90,1
268 artigo COMPARACAO ENTRE DADOS DE PRECIPITACAO ESTIMADOS PELO SATELITE,Introdução,50,3,8,27,6,3,2,85,2
268 artigo COMPARACAO ENTRE DADOS DE PRECIPITACAO ESTIMADOS PELO SATELITE,Materiais e Métodos,40,1,7,13,2,0,0,71,1
268 artigo COMPARACAO ENTRE DADOS DE PRECIPITACAO ESTIMADOS PELO SATELITE,Resultados e Discussão,35,0,6,7,1,0,0,31,0
268 artigo COMPARACAO ENTRE DADOS DE PRECIPITACAO ESTIMADOS PELO SATELITE,Conclusão,10,0,2,4,1,0,1,21,0
268 artigo COMPARACAO ENTRE DADOS DE PRECIPITACAO ESTIMADOS PELO SATELITE,Agradecimentos,2,0,0,0,0,0,0,4,0
268 artigo COMPARACAO ENTRE DADOS DE PRECIPITACAO ESTIMADOS PELO SATELITE,Referências,56,19,4,13,0,0,1,115,0
269 artigo APLICACAO E COMPARACAO DO CHECK LIST DA RDC N 267 DE 25 DE,Introdução,32,2,6,14,3,2,2,70,1
269 artigo APLICACAO E COMPARACAO DO CHECK LIST DA RDC N 267 DE 25 DE,Materiais e Métodos,23,0,2,4,0,0,2,32,0
269 artigo APLICACAO E COMPARACAO DO CHECK LIST DA RDC N 267 DE 25 DE,Resultados e Discussão,58,0,22,14,8,5,5,83,2
269 artigo APLICACAO E COMPARACAO DO CHECK LIST DA RDC N 267 DE 25 DE,Conclusão,13,0,3,4,4,1,2,31,0
269 artigo APLICACAO E COMPARACAO DO CHECK LIST DA RDC N 267 DE 25 DE,Agradecimentos,11,0,1,1,2,0,2,10,0
269 artigo APLICACAO E COMPARACAO DO CHECK LIST DA RDC N 267 DE 25 DE,Referências,35,2,3,6,6,0,7,66,0
270 artigo DESENVOLVIMENTO E ANALISE SENSORIAL DE UMA HASTE COMESTIVEL EM,Introdução,47,1,16,10,6,1,1,64,4
270 artigo DESENVOLVIMENTO E ANALISE SENSORIAL DE UMA HASTE COMESTIVEL EM,Materiais e Métodos,55,1,13,11,0,0,3,70,1
270 artigo DESENVOLVIMENTO E ANALISE SENSORIAL DE UMA HASTE COMESTIVEL EM,Resultados e Discussão,26,0,25,5,6,2,2,42,0
270 artigo DESENVOLVIMENTO E ANALISE SENSORIAL DE UMA HASTE COMESTIVEL EM,Conclusão,30,0,11,10,5,1,0,34,0
270 artigo DESENVOLVIMENTO E ANALISE SENSORIAL DE UMA HASTE COMESTIVEL EM,Agradecimentos,15,2,2,1,3,0,1,25,0
270 artigo DESENVOLVIMENTO E ANALISE SENSORIAL DE UMA HASTE COMESTIVEL EM,Referências,37,13,2,7,0,0,0,82,0
271 artigo UTILIZACAO DE ESPECIES VEGETAIS NO BIOMONITORAMENTO DA POLUICAO,Introdução,35,2,19,13,3,1,2,44,2
271 artigo UTILIZACAO DE ESPECIES VEGETAIS NO BIOMONITORAMENTO DA POLUICAO,Materiais e Métodos,27,2,4,1,3,0,1,58,0
271 artigo UTILIZACAO DE ESPECIES VEGETAIS NO BIOMONITORAMENTO DA POLUICAO,Resultados e Discussão,45,1,12,19,10,1,7,111,2
271 artigo UTILIZACAO DE ESPECIES VEGETAIS NO BIOMONITORAMENTO DA POLUICAO,Conclusão,6,2,1,3,0,0,2,16,0
271 artigo UTILIZACAO DE ESPECIES VEGETAIS NO BIOMONITORAMENTO DA POLUICAO,Agradecimentos,2,0,0,0,0,0,0,3,0
271 artigo UTILIZACAO DE ESPECIES VEGETAIS NO BIOMONITORAMENTO DA POLUICAO,Referências,74,22,6,33,0,0,0,250,0
272 artigo SISTEMA DE GERENCIAMENTO DE ATIVIDADES COMPLEMENTARES PARA O,Introdução,83,2,22,25,5,0,0,93,5
272 artigo SISTEMA DE GERENCIAMENTO DE ATIVIDADES COMPLEMENTARES PARA O,Materiais e Métodos,37,0,5,2,2,0,0,40,0
272 artigo SISTEMA DE GERENCIAMENTO DE ATIVIDADES COMPLEMENTARES PARA O,Resultados e Discussão,30,0,7,6,3,0,0,51,0
272 artigo SISTEMA DE GERENCIAMENTO DE ATIVIDADES COMPLEMENTARES PARA O,Conclusão,26,2,7,5,0,1,0,45,0
272 artigo SISTEMA DE GERENCIAMENTO DE ATIVIDADES COMPLEMENTARES PARA O,Agradecimentos,0,0,0,0,0,0,0,0,0
272 artigo SISTEMA DE GERENCIAMENTO DE ATIVIDADES COMPLEMENTARES PARA O,Referências,36,2,0,15,0,0,1,50,7
273 artigo ESTUDO DE CAMPO A V ALIACOES DOS DOCENTES SOBRE A VISITA TECNICA.,Introdução,59,1,26,9,1,0,5,57,3
273 artigo ESTUDO DE CAMPO A V ALIACOES DOS DOCENTES SOBRE A VISITA TECNICA.,Materiais e Métodos,83,5,28,10,4,1,7,97,3
273 artigo ESTUDO DE CAMPO A V ALIACOES DOS DOCENTES SOBRE A VISITA TECNICA.,Resultados e Discussão,36,4,19,2,4,0,1,33,0
273 artigo ESTUDO DE CAMPO A V ALIACOES DOS DOCENTES SOBRE A VISITA TECNICA.,Conclusão,26,1,17,1,1,0,1,18,0
273 artigo ESTUDO DE CAMPO A V ALIACOES DOS DOCENTES SOBRE A VISITA TECNICA.,Agradecimentos,0,0,0,0,0,0,0,0,0
273 artigo ESTUDO DE CAMPO A V ALIACOES DOS DOCENTES SOBRE A VISITA TECNICA.,Referências,56,2,4,12,0,0,2,85,0
274 artigo A DISCIPLINA DE CALCULO I COMO ATIVIDADE NAO PRESENCIAL ANP NO,Introdução,35,3,3,6,3,0,1,36,1
274 artigo A DISCIPLINA DE CALCULO I COMO ATIVIDADE NAO PRESENCIAL ANP NO,Materiais e Métodos,23,0,3,5,2,0,2,41,0
274 artigo A DISCIPLINA DE CALCULO I COMO ATIVIDADE NAO PRESENCIAL ANP NO,Resultados e Discussão,175,0,79,35,25,2,13,239,0
274 artigo A DISCIPLINA DE CALCULO I COMO ATIVIDADE NAO PRESENCIAL ANP NO,Conclusão,48,1,17,8,10,2,2,40,0
274 artigo A DISCIPLINA DE CALCULO I COMO ATIVIDADE NAO PRESENCIAL ANP NO,Agradecimentos,5,0,0,5,0,0,1,5,0
274 artigo A DISCIPLINA DE CALCULO I COMO ATIVIDADE NAO PRESENCIAL ANP NO,Referências,21,6,0,7,0,0,1,40,1
275 artigo DIFICULDADES DOS DOCENTES PARA LECIONAR ATRA VES DA MODALIDADE,Introdução,62,7,22,23,5,2,6,68,3
275 artigo DIFICULDADES DOS DOCENTES PARA LECIONAR ATRA VES DA MODALIDADE,Materiais e Métodos,22,1,2,4,2,2,2,26,1
275 artigo DIFICULDADES DOS DOCENTES PARA LECIONAR ATRA VES DA MODALIDADE,Resultados e Discussão,81,1,45,23,17,0,6,86,0
275 artigo DIFICULDADES DOS DOCENTES PARA LECIONAR ATRA VES DA MODALIDADE,Conclusão,25,3,7,10,4,1,4,35,0
275 artigo DIFICULDADES DOS DOCENTES PARA LECIONAR ATRA VES DA MODALIDADE,Agradecimentos,0,0,0,0,0,0,0,0,0
275 artigo DIFICULDADES DOS DOCENTES PARA LECIONAR ATRA VES DA MODALIDADE,Referências,52,7,6,13,1,0,5,81,2
276 artigo ADICCAO EM INTERNET NO IFNMG - CAMPUS SALINAS UMA POPULACAO SEM,Introdução,82,3,30,21,8,1,5,72,4
276 artigo ADICCAO EM INTERNET NO IFNMG - CAMPUS SALINAS UMA POPULACAO SEM,Materiais e Métodos,1,0,1,0,0,0,0,0,0
276 artigo ADICCAO EM INTERNET NO IFNMG - CAMPUS SALINAS UMA POPULACAO SEM,Resultados e Discussão,106,2,28,36,9,1,5,156,0
276 artigo ADICCAO EM INTERNET NO IFNMG - CAMPUS SALINAS UMA POPULACAO SEM,Conclusão,26,0,7,9,3,0,0,30,0
276 artigo ADICCAO EM INTERNET NO IFNMG - CAMPUS SALINAS UMA POPULACAO SEM,Agradecimentos,4,0,0,4,0,0,0,3,0
276 artigo ADICCAO EM INTERNET NO IFNMG - CAMPUS SALINAS UMA POPULACAO SEM,Referências,33,5,0,7,0,0,0,35,0
277 artigo PESQUISA SOBRE O USO DE SOFTWARES DE GESTAO EMPRESARIAL NUMA,Introdução,28,0,11,12,2,0,1,36,5
277 artigo PESQUISA SOBRE O USO DE SOFTWARES DE GESTAO EMPRESARIAL NUMA,Materiais e Métodos,26,0,4,3,1,0,2,35,1
277 artigo PESQUISA SOBRE O USO DE SOFTWARES DE GESTAO EMPRESARIAL NUMA,Resultados e Discussão,103,0,38,20,7,1,3,103,1
277 artigo PESQUISA SOBRE O USO DE SOFTWARES DE GESTAO EMPRESARIAL NUMA,Conclusão,14,0,5,5,1,0,1,10,0
277 artigo PESQUISA SOBRE O USO DE SOFTWARES DE GESTAO EMPRESARIAL NUMA,Agradecimentos,10,0,0,0,0,1,0,7,0
277 artigo PESQUISA SOBRE O USO DE SOFTWARES DE GESTAO EMPRESARIAL NUMA,Referências,33,0,1,13,0,0,0,54,1
278 artigo CARACTERIZACAO FISICO QUIMICA DE MEL DE CACAU E VERIFICACAO DE,Introdução,53,5,15,15,7,1,4,58,4
278 artigo CARACTERIZACAO FISICO QUIMICA DE MEL DE CACAU E VERIFICACAO DE,Materiais e Métodos,38,0,14,8,4,1,0,92,1
278 artigo CARACTERIZACAO FISICO QUIMICA DE MEL DE CACAU E VERIFICACAO DE,Resultados e Discussão,57,0,19,11,8,1,3,72,3
278 artigo CARACTERIZACAO FISICO QUIMICA DE MEL DE CACAU E VERIFICACAO DE,Conclusão,13,1,2,0,2,0,0,20,0
278 artigo CARACTERIZACAO FISICO QUIMICA DE MEL DE CACAU E VERIFICACAO DE,Agradecimentos,4,0,1,1,0,0,0,17,0
278 artigo CARACTERIZACAO FISICO QUIMICA DE MEL DE CACAU E VERIFICACAO DE,Referências,36,2,2,12,0,0,1,82,0
279 artigo CONHECIMENTO DA POPULACAO DA REGIAO DO NORTE DE MINAS SOBRE,Introdução,40,0,22,11,3,2,5,68,1
279 artigo CONHECIMENTO DA POPULACAO DA REGIAO DO NORTE DE MINAS SOBRE,Materiais e Métodos,27,0,7,8,1,0,2,55,0
279 artigo CONHECIMENTO DA POPULACAO DA REGIAO DO NORTE DE MINAS SOBRE,Resultados e Discussão,53,1,48,21,18,2,4,112,0
279 artigo CONHECIMENTO DA POPULACAO DA REGIAO DO NORTE DE MINAS SOBRE,Conclusão,26,1,12,8,3,0,3,33,1
279 artigo CONHECIMENTO DA POPULACAO DA REGIAO DO NORTE DE MINAS SOBRE,Agradecimentos,0,0,0,0,0,0,0,0,0
279 artigo CONHECIMENTO DA POPULACAO DA REGIAO DO NORTE DE MINAS SOBRE,Referências,23,1,0,4,0,0,3,30,2
280 artigo CARACTERIZACAO FISICO QUIMICA CINZAS LIPIDIOS E UMIDADE DE,Introdução,61,2,13,17,4,0,2,79,4
280 artigo CARACTERIZACAO FISICO QUIMICA CINZAS LIPIDIOS E UMIDADE DE,Materiais e Métodos,33,0,8,5,3,0,1,59,1
280 artigo CARACTERIZACAO FISICO QUIMICA CINZAS LIPIDIOS E UMIDADE DE,Resultados e Discussão,51,0,16,11,6,2,0,77,1
280 artigo CARACTERIZACAO FISICO QUIMICA CINZAS LIPIDIOS E UMIDADE DE,Conclusão,13,0,3,3,2,0,0,12,0
280 artigo CARACTERIZACAO FISICO QUIMICA CINZAS LIPIDIOS E UMIDADE DE,Agradecimentos,6,0,1,1,0,0,0,4,0
280 artigo CARACTERIZACAO FISICO QUIMICA CINZAS LIPIDIOS E UMIDADE DE,Referências,101,9,16,22,4,0,0,175,4
281 artigo INTERFERENCIA DO TEMPO DE INSEMINACAO COLORACAO DO MUCO E,Introdução,51,3,19,22,8,0,3,63,6
281 artigo INTERFERENCIA DO TEMPO DE INSEMINACAO COLORACAO DO MUCO E,Materiais e Métodos,43,0,8,12,2,0,4,66,0
281 artigo INTERFERENCIA DO TEMPO DE INSEMINACAO COLORACAO DO MUCO E,Resultados e Discussão,111,1,31,25,7,1,6,165,1
281 artigo INTERFERENCIA DO TEMPO DE INSEMINACAO COLORACAO DO MUCO E,Conclusão,12,0,4,6,2,0,1,15,0
281 artigo INTERFERENCIA DO TEMPO DE INSEMINACAO COLORACAO DO MUCO E,Agradecimentos,0,0,0,0,0,0,0,0,0
281 artigo INTERFERENCIA DO TEMPO DE INSEMINACAO COLORACAO DO MUCO E,Referências,34,3,0,13,0,0,2,64,0
282 artigo ISOLAMENTO SOCIAL DE ESTUDANTES DURANTE A PANDEMIA DA COVID-19,Introdução,58,1,11,17,7,1,3,66,1
282 artigo ISOLAMENTO SOCIAL DE ESTUDANTES DURANTE A PANDEMIA DA COVID-19,Materiais e Métodos,46,0,6,8,1,1,4,43,0
282 artigo ISOLAMENTO SOCIAL DE ESTUDANTES DURANTE A PANDEMIA DA COVID-19,Resultados e Discussão,93,2,38,27,5,1,9,89,2
282 artigo ISOLAMENTO SOCIAL DE ESTUDANTES DURANTE A PANDEMIA DA COVID-19,Conclusão,41,0,26,16,5,0,3,40,0
282 artigo ISOLAMENTO SOCIAL DE ESTUDANTES DURANTE A PANDEMIA DA COVID-19,Agradecimentos,7,1,0,5,0,0,0,11,0
282 artigo ISOLAMENTO SOCIAL DE ESTUDANTES DURANTE A PANDEMIA DA COVID-19,Referências,49,1,6,17,2,1,3,70,0
283 artigo INFLUENCIA DE RECIPIENTES E DIFERENTES RESIDUOS ORGANICOS,Introdução,48,3,15,14,1,0,4,37,5
283 artigo INFLUENCIA DE RECIPIENTES E DIFERENTES RESIDUOS ORGANICOS,Materiais e Métodos,73,2,6,11,1,0,2,99,2
283 artigo INFLUENCIA DE RECIPIENTES E DIFERENTES RESIDUOS ORGANICOS,Resultados e Discussão,61,2,27,11,3,1,1,72,3
283 artigo INFLUENCIA DE RECIPIENTES E DIFERENTES RESIDUOS ORGANICOS,Conclusão,13,0,2,1,0,0,0,11,0
283 artigo INFLUENCIA DE RECIPIENTES E DIFERENTES RESIDUOS ORGANICOS,Agradecimentos,5,0,0,3,0,0,0,5,0
283 artigo INFLUENCIA DE RECIPIENTES E DIFERENTES RESIDUOS ORGANICOS,Referências,104,3,4,20,3,0,1,169,1
284 artigo OSTEOSSARCOMA APENDICULAR CANINO EM REGIAO DISTAL DE RADIO,Introdução,40,10,18,10,5,0,4,96,4
284 artigo OSTEOSSARCOMA APENDICULAR CANINO EM REGIAO DISTAL DE RADIO,Materiais e Métodos,33,0,4,4,4,0,0,54,0
284 artigo OSTEOSSARCOMA APENDICULAR CANINO EM REGIAO DISTAL DE RADIO,Resultados e Discussão,158,6,35,41,15,4,15,388,4
284 artigo OSTEOSSARCOMA APENDICULAR CANINO EM REGIAO DISTAL DE RADIO,Conclusão,11,0,2,3,2,0,0,18,0
284 artigo OSTEOSSARCOMA APENDICULAR CANINO EM REGIAO DISTAL DE RADIO,Agradecimentos,0,0,0,0,0,0,0,0,0
284 artigo OSTEOSSARCOMA APENDICULAR CANINO EM REGIAO DISTAL DE RADIO,Referências,257,15,86,61,29,3,12,316,6
285 artigo DESENVOLVIMENTO DE UM SISTEMA WEB PARA LEV ANTAMENTO E GESTAO DE,Introdução,54,1,27,17,5,3,5,72,3
285 artigo DESENVOLVIMENTO DE UM SISTEMA WEB PARA LEV ANTAMENTO E GESTAO DE,Materiais e Métodos,56,0,19,9,7,0,5,65,0
285 artigo DESENVOLVIMENTO DE UM SISTEMA WEB PARA LEV ANTAMENTO E GESTAO DE,Resultados e Discussão,27,0,12,5,3,1,0,21,0
285 artigo DESENVOLVIMENTO DE UM SISTEMA WEB PARA LEV ANTAMENTO E GESTAO DE,Conclusão,28,0,16,3,2,1,1,20,0
285 artigo DESENVOLVIMENTO DE UM SISTEMA WEB PARA LEV ANTAMENTO E GESTAO DE,Agradecimentos,0,0,0,0,0,0,0,0,0
285 artigo DESENVOLVIMENTO DE UM SISTEMA WEB PARA LEV ANTAMENTO E GESTAO DE,Referências,34,0,1,12,1,0,1,40,3
286 artigo UTILIZACAO DE CHIPS DE CARV ALHO COMO ALTERNATIV A PARA ACELERACAO,Introdução,83,1,33,19,13,1,4,127,0
286 artigo UTILIZACAO DE CHIPS DE CARV ALHO COMO ALTERNATIV A PARA ACELERACAO,Materiais e Métodos,27,0,2,10,2,0,0,47,0
286 artigo UTILIZACAO DE CHIPS DE CARV ALHO COMO ALTERNATIV A PARA ACELERACAO,Resultados e Discussão,21,0,5,1,2,0,0,44,1
286 artigo UTILIZACAO DE CHIPS DE CARV ALHO COMO ALTERNATIV A PARA ACELERACAO,Conclusão,7,0,3,2,1,1,1,13,0
286 artigo UTILIZACAO DE CHIPS DE CARV ALHO COMO ALTERNATIV A PARA ACELERACAO,Agradecimentos,7,0,1,3,0,0,0,3,0
286 artigo UTILIZACAO DE CHIPS DE CARV ALHO COMO ALTERNATIV A PARA ACELERACAO,Referências,25,5,2,6,1,0,0,56,1
287 artigo PRODUCAO DE AGUARDENTE COMPOSTA,Introdução,97,3,24,16,8,3,1,103,4
287 artigo PRODUCAO DE AGUARDENTE COMPOSTA,Materiais e Métodos,43,2,9,12,4,0,1,83,0
287 artigo PRODUCAO DE AGUARDENTE COMPOSTA,Resultados e Discussão,58,1,14,15,4,1,6,103,2
287 artigo PRODUCAO DE AGUARDENTE COMPOSTA,Conclusão,22,0,10,4,3,1,1,37,0
287 artigo PRODUCAO DE AGUARDENTE COMPOSTA,Agradecimentos,7,0,1,4,0,0,0,3,0
287 artigo PRODUCAO DE AGUARDENTE COMPOSTA,Referências,41,6,1,9,0,0,0,72,0
288 artigo DIAGRAMACOES CONCEITUAIS INSOLITAS DEFINICOESESPECIFICACOES,Introdução,20,0,12,5,1,0,4,44,3
288 artigo DIAGRAMACOES CONCEITUAIS INSOLITAS DEFINICOESESPECIFICACOES,Materiais e Métodos,8,0,1,3,1,0,3,12,0
288 artigo DIAGRAMACOES CONCEITUAIS INSOLITAS DEFINICOESESPECIFICACOES,Resultados e Discussão,206,1,65,82,22,7,13,290,8
288 artigo DIAGRAMACOES CONCEITUAIS INSOLITAS DEFINICOESESPECIFICACOES,Conclusão,27,0,13,9,3,1,3,40,0
288 artigo DIAGRAMACOES CONCEITUAIS INSOLITAS DEFINICOESESPECIFICACOES,Agradecimentos,0,0,0,0,0,0,0,0,0
288 artigo DIAGRAMACOES CONCEITUAIS INSOLITAS DEFINICOESESPECIFICACOES,Referências,36,3,0,4,1,0,0,72,0
289 artigo ENFRENTAMENTO A PANDEMIA NA UNIDADE REGIONAL DE SAUDE DE UNAI -,Introdução,42,2,12,18,4,0,1,48,0
289 artigo ENFRENTAMENTO A PANDEMIA NA UNIDADE REGIONAL DE SAUDE DE UNAI -,Materiais e Métodos,16,0,4,2,1,1,0,18,0
289 artigo ENFRENTAMENTO A PANDEMIA NA UNIDADE REGIONAL DE SAUDE DE UNAI -,Resultados e Discussão,107,1,32,33,8,2,7,142,3
289 artigo ENFRENTAMENTO A PANDEMIA NA UNIDADE REGIONAL DE SAUDE DE UNAI -,Conclusão,28,0,18,11,2,1,1,38,0
289 artigo ENFRENTAMENTO A PANDEMIA NA UNIDADE REGIONAL DE SAUDE DE UNAI -,Agradecimentos,0,0,0,0,0,0,0,0,0
289 artigo ENFRENTAMENTO A PANDEMIA NA UNIDADE REGIONAL DE SAUDE DE UNAI -,Referências,53,1,0,22,0,0,0,63,1
290 artigo CONHECIMENTO DA POPULACAO DE MONTES CLAROS MINAS GERAIS SOBRE,Introdução,52,6,18,16,6,1,3,97,5
290 artigo CONHECIMENTO DA POPULACAO DE MONTES CLAROS MINAS GERAIS SOBRE,Materiais e Métodos,9,0,1,3,0,0,1,18,0
290 artigo CONHECIMENTO DA POPULACAO DE MONTES CLAROS MINAS GERAIS SOBRE,Resultados e Discussão,97,5,78,17,20,2,8,185,3
290 artigo CONHECIMENTO DA POPULACAO DE MONTES CLAROS MINAS GERAIS SOBRE,Conclusão,24,0,9,10,0,0,4,35,0
290 artigo CONHECIMENTO DA POPULACAO DE MONTES CLAROS MINAS GERAIS SOBRE,Agradecimentos,3,0,0,3,0,0,0,7,0
290 artigo CONHECIMENTO DA POPULACAO DE MONTES CLAROS MINAS GERAIS SOBRE,Referências,35,20,4,5,0,0,1,121,0
291 artigo RESISTENCIA PARASITARIA AO USO DE DIFERENTES PRINCIPIOS ATIVOS EM,Introdução,6,0,3,5,2,0,0,9,0
291 artigo RESISTENCIA PARASITARIA AO USO DE DIFERENTES PRINCIPIOS ATIVOS EM,Materiais e Métodos,1,0,0,0,0,0,0,1,0
291 artigo RESISTENCIA PARASITARIA AO USO DE DIFERENTES PRINCIPIOS ATIVOS EM,Resultados e Discussão,139,7,34,34,10,1,11,201,9
291 artigo RESISTENCIA PARASITARIA AO USO DE DIFERENTES PRINCIPIOS ATIVOS EM,Conclusão,11,0,2,3,1,1,1,18,0
291 artigo RESISTENCIA PARASITARIA AO USO DE DIFERENTES PRINCIPIOS ATIVOS EM,Agradecimentos,0,0,0,0,0,0,0,0,0
291 artigo RESISTENCIA PARASITARIA AO USO DE DIFERENTES PRINCIPIOS ATIVOS EM,Referências,33,19,2,13,1,0,0,108,0
292 artigo PERCEPCAO DO MERCADO CONSUMIDOR EM RELACAO AS EMBALAGENS,Introdução,77,2,21,22,14,2,7,107,3
292 artigo PERCEPCAO DO MERCADO CONSUMIDOR EM RELACAO AS EMBALAGENS,Materiais e Métodos,26,1,3,3,2,0,2,25,1
292 artigo PERCEPCAO DO MERCADO CONSUMIDOR EM RELACAO AS EMBALAGENS,Resultados e Discussão,95,3,46,25,13,7,6,116,5
292 artigo PERCEPCAO DO MERCADO CONSUMIDOR EM RELACAO AS EMBALAGENS,Conclusão,15,0,9,5,4,0,0,12,0
292 artigo PERCEPCAO DO MERCADO CONSUMIDOR EM RELACAO AS EMBALAGENS,Agradecimentos,4,0,1,2,1,0,1,11,0
292 artigo PERCEPCAO DO MERCADO CONSUMIDOR EM RELACAO AS EMBALAGENS,Referências,46,12,8,15,8,0,2,89,0
293 artigo AS DIFICULDADES ENFRENTADAS PELOS RESIDENTES DE QUIMICA NO,Introdução,44,2,19,12,6,0,3,49,2
293 artigo AS DIFICULDADES ENFRENTADAS PELOS RESIDENTES DE QUIMICA NO,Materiais e Métodos,41,0,9,7,4,0,6,53,0
293 artigo AS DIFICULDADES ENFRENTADAS PELOS RESIDENTES DE QUIMICA NO,Resultados e Discussão,243,5,100,35,28,3,16,254,4
293 artigo AS DIFICULDADES ENFRENTADAS PELOS RESIDENTES DE QUIMICA NO,Conclusão,23,0,9,6,1,0,1,16,0
293 artigo AS DIFICULDADES ENFRENTADAS PELOS RESIDENTES DE QUIMICA NO,Agradecimentos,10,0,2,4,0,0,0,12,0
293 artigo AS DIFICULDADES ENFRENTADAS PELOS RESIDENTES DE QUIMICA NO,Referências,13,1,1,6,0,0,0,26,0
294 artigo AS REPRESENTACOES DAS PAISAGENS DO V ALE DO JEQUITINHONHA NA MUSICA,Introdução,85,1,47,28,11,4,2,120,5
294 artigo AS REPRESENTACOES DAS PAISAGENS DO V ALE DO JEQUITINHONHA NA MUSICA,Materiais e Métodos,49,0,13,10,6,2,3,84,3
294 artigo AS REPRESENTACOES DAS PAISAGENS DO V ALE DO JEQUITINHONHA NA MUSICA,Resultados e Discussão,19,0,11,7,5,1,1,30,0
294 artigo AS REPRESENTACOES DAS PAISAGENS DO V ALE DO JEQUITINHONHA NA MUSICA,Conclusão,39,0,19,14,3,1,1,59,1
294 artigo AS REPRESENTACOES DAS PAISAGENS DO V ALE DO JEQUITINHONHA NA MUSICA,Agradecimentos,2,0,0,0,0,0,0,7,0
294 artigo AS REPRESENTACOES DAS PAISAGENS DO V ALE DO JEQUITINHONHA NA MUSICA,Referências,159,2,50,44,16,2,5,226,1
295 artigo OS EFEITOS DA PANDEMIA DO COVID-19 NOS ALUNOS APTOS A PRESTAREM O,Introdução,113,1,34,20,17,0,7,116,2
295 artigo OS EFEITOS DA PANDEMIA DO COVID-19 NOS ALUNOS APTOS A PRESTAREM O,Materiais e Métodos,36,1,12,8,2,0,3,42,0
295 artigo OS EFEITOS DA PANDEMIA DO COVID-19 NOS ALUNOS APTOS A PRESTAREM O,Resultados e Discussão,130,2,71,23,17,4,7,103,5
295 artigo OS EFEITOS DA PANDEMIA DO COVID-19 NOS ALUNOS APTOS A PRESTAREM O,Conclusão,23,0,10,7,3,0,1,13,0
295 artigo OS EFEITOS DA PANDEMIA DO COVID-19 NOS ALUNOS APTOS A PRESTAREM O,Agradecimentos,9,1,1,3,0,0,0,10,0
295 artigo OS EFEITOS DA PANDEMIA DO COVID-19 NOS ALUNOS APTOS A PRESTAREM O,Referências,50,6,2,10,0,0,0,61,0
296 artigo A V ALIACAO SOBRE A QUALIDADE DO MODELO DE ENSINO A DISTANCIA,Introdução,100,3,30,30,9,4,7,124,2
296 artigo A V ALIACAO SOBRE A QUALIDADE DO MODELO DE ENSINO A DISTANCIA,Materiais e Métodos,43,0,16,9,2,1,2,31,0
296 artigo A V ALIACAO SOBRE A QUALIDADE DO MODELO DE ENSINO A DISTANCIA,Resultados e Discussão,55,0,28,12,8,4,1,54,0
296 artigo A V ALIACAO SOBRE A QUALIDADE DO MODELO DE ENSINO A DISTANCIA,Conclusão,26,0,8,6,6,1,1,30,0
296 artigo A V ALIACAO SOBRE A QUALIDADE DO MODELO DE ENSINO A DISTANCIA,Agradecimentos,5,1,0,2,0,0,0,8,0
296 artigo A V ALIACAO SOBRE A QUALIDADE DO MODELO DE ENSINO A DISTANCIA,Referências,23,2,0,9,0,0,1,32,0
297 artigo POTENCIAL GERMINATIVO E VIABILIDADE DE SEMENTES DE DIFERENTES,Introdução,32,2,8,9,2,0,2,33,2
297 artigo POTENCIAL GERMINATIVO E VIABILIDADE DE SEMENTES DE DIFERENTES,Materiais e Métodos,84,1,8,4,6,0,3,98,3
297 artigo POTENCIAL GERMINATIVO E VIABILIDADE DE SEMENTES DE DIFERENTES,Resultados e Discussão,67,2,18,7,6,0,3,66,2
297 artigo POTENCIAL GERMINATIVO E VIABILIDADE DE SEMENTES DE DIFERENTES,Conclusão,15,0,4,3,1,0,2,17,1
297 artigo POTENCIAL GERMINATIVO E VIABILIDADE DE SEMENTES DE DIFERENTES,Agradecimentos,3,0,0,0,0,0,0,15,0
297 artigo POTENCIAL GERMINATIVO E VIABILIDADE DE SEMENTES DE DIFERENTES,Referências,57,2,3,14,1,0,1,75,1
298 artigo VERIFICACAO DA CORRELACAO ENTRE UMIDADE E ACIDEZ TITULAVEL DE,Introdução,60,1,11,16,2,1,5,53,2
298 artigo VERIFICACAO DA CORRELACAO ENTRE UMIDADE E ACIDEZ TITULAVEL DE,Materiais e Métodos,43,0,7,8,0,0,2,69,1
298 artigo VERIFICACAO DA CORRELACAO ENTRE UMIDADE E ACIDEZ TITULAVEL DE,Resultados e Discussão,126,0,32,23,9,0,4,169,3
298 artigo VERIFICACAO DA CORRELACAO ENTRE UMIDADE E ACIDEZ TITULAVEL DE,Conclusão,28,0,9,6,4,0,2,34,0
298 artigo VERIFICACAO DA CORRELACAO ENTRE UMIDADE E ACIDEZ TITULAVEL DE,Agradecimentos,7,0,1,0,1,0,0,8,0
298 artigo VERIFICACAO DA CORRELACAO ENTRE UMIDADE E ACIDEZ TITULAVEL DE,Referências,74,6,2,12,0,0,0,90,0
299 artigo A V ALIACAO DO KAHOOT COMO FERRAMENTA DE ENSINO-APRENDIZAGEM DE,Introdução,52,1,16,5,7,5,0,55,1
299 artigo A V ALIACAO DO KAHOOT COMO FERRAMENTA DE ENSINO-APRENDIZAGEM DE,Materiais e Métodos,27,0,8,7,3,0,1,43,0
299 artigo A V ALIACAO DO KAHOOT COMO FERRAMENTA DE ENSINO-APRENDIZAGEM DE,Resultados e Discussão,61,0,36,10,3,3,8,58,0
299 artigo A V ALIACAO DO KAHOOT COMO FERRAMENTA DE ENSINO-APRENDIZAGEM DE,Conclusão,87,0,42,12,5,5,9,90,0
299 artigo A V ALIACAO DO KAHOOT COMO FERRAMENTA DE ENSINO-APRENDIZAGEM DE,Agradecimentos,10,0,0,5,0,0,0,14,0
299 artigo A V ALIACAO DO KAHOOT COMO FERRAMENTA DE ENSINO-APRENDIZAGEM DE,Referências,67,3,32,13,15,2,0,88,0
300 artigo AVALIACAO DO DESENVOLVIMENTO VEGETATIVO DO ACAFRAO CURCUMA,Introdução,51,4,17,13,4,1,4,73,4
300 artigo AVALIACAO DO DESENVOLVIMENTO VEGETATIVO DO ACAFRAO CURCUMA,Materiais e Métodos,69,0,9,15,3,1,0,68,1
300 artigo AVALIACAO DO DESENVOLVIMENTO VEGETATIVO DO ACAFRAO CURCUMA,Resultados e Discussão,26,0,6,6,2,0,1,38,0
300 artigo AVALIACAO DO DESENVOLVIMENTO VEGETATIVO DO ACAFRAO CURCUMA,Conclusão,17,0,8,6,2,0,1,23,0
300 artigo AVALIACAO DO DESENVOLVIMENTO VEGETATIVO DO ACAFRAO CURCUMA,Agradecimentos,0,0,0,0,0,0,0,0,0
300 artigo AVALIACAO DO DESENVOLVIMENTO VEGETATIVO DO ACAFRAO CURCUMA,Referências,183,3,31,46,14,1,6,209,3
301 artigo TEORIA DA APRENDIZAGEM SIGNIFICATIV A E MODELO DE V AN HIELE,Introdução,2,1,0,2,0,0,0,3,0
301 artigo TEORIA DA APRENDIZAGEM SIGNIFICATIV A E MODELO DE V AN HIELE,Materiais e Métodos,18,0,5,1,0,2,2,13,1
301 artigo TEORIA DA APRENDIZAGEM SIGNIFICATIV A E MODELO DE V AN HIELE,Resultados e Discussão,193,7,68,36,25,6,10,210,4
301 artigo TEORIA DA APRENDIZAGEM SIGNIFICATIV A E MODELO DE V AN HIELE,Conclusão,22,0,9,5,2,0,1,38,0
301 artigo TEORIA DA APRENDIZAGEM SIGNIFICATIV A E MODELO DE V AN HIELE,Agradecimentos,5,0,0,0,0,0,0,5,0
301 artigo TEORIA DA APRENDIZAGEM SIGNIFICATIV A E MODELO DE V AN HIELE,Referências,40,2,7,7,3,0,0,41,2
302 artigo UTILIZACAO DO SOFTWARE GEOGEBRA NO ENSINO DE UMA MATEMATICA,Introdução,1,0,2,0,0,0,0,1,0
302 artigo UTILIZACAO DO SOFTWARE GEOGEBRA NO ENSINO DE UMA MATEMATICA,Materiais e Métodos,153,1,61,36,12,4,12,186,1
302 artigo UTILIZACAO DO SOFTWARE GEOGEBRA NO ENSINO DE UMA MATEMATICA,Resultados e Discussão,47,0,36,17,7,2,1,73,0
302 artigo UTILIZACAO DO SOFTWARE GEOGEBRA NO ENSINO DE UMA MATEMATICA,Conclusão,56,0,23,11,5,5,0,33,0
302 artigo UTILIZACAO DO SOFTWARE GEOGEBRA NO ENSINO DE UMA MATEMATICA,Agradecimentos,4,0,0,5,0,0,0,5,0
302 artigo UTILIZACAO DO SOFTWARE GEOGEBRA NO ENSINO DE UMA MATEMATICA,Referências,23,0,1,8,0,0,0,38,1
303 artigo A V ALIACAO DE EXPERIMENTOS DE BAIXO CUSTO COMO ESTRATEGIA DE,Introdução,43,2,19,13,4,0,2,44,1
303 artigo A V ALIACAO DE EXPERIMENTOS DE BAIXO CUSTO COMO ESTRATEGIA DE,Materiais e Métodos,45,0,14,11,2,0,2,53,0
303 artigo A V ALIACAO DE EXPERIMENTOS DE BAIXO CUSTO COMO ESTRATEGIA DE,Resultados e Discussão,60,0,37,15,3,1,9,63,0
303 artigo A V ALIACAO DE EXPERIMENTOS DE BAIXO CUSTO COMO ESTRATEGIA DE,Conclusão,17,0,10,5,0,1,0,22,0
303 artigo A V ALIACAO DE EXPERIMENTOS DE BAIXO CUSTO COMO ESTRATEGIA DE,Agradecimentos,2,0,0,2,0,0,0,5,0
303 artigo A V ALIACAO DE EXPERIMENTOS DE BAIXO CUSTO COMO ESTRATEGIA DE,Referências,49,2,5,9,1,0,2,70,0
304 artigo O USO DA INTERNET POR ESTUDANTES DA REDE PUBLICA DE JANAUBA UMA,Introdução,57,3,23,26,7,1,4,103,7
304 artigo O USO DA INTERNET POR ESTUDANTES DA REDE PUBLICA DE JANAUBA UMA,Materiais e Métodos,6,0,2,4,0,0,0,20,0
304 artigo O USO DA INTERNET POR ESTUDANTES DA REDE PUBLICA DE JANAUBA UMA,Resultados e Discussão,76,4,17,14,3,0,7,106,1
304 artigo O USO DA INTERNET POR ESTUDANTES DA REDE PUBLICA DE JANAUBA UMA,Conclusão,28,0,11,9,5,0,1,43,0
304 artigo O USO DA INTERNET POR ESTUDANTES DA REDE PUBLICA DE JANAUBA UMA,Agradecimentos,6,0,0,4,0,0,0,3,0
304 artigo O USO DA INTERNET POR ESTUDANTES DA REDE PUBLICA DE JANAUBA UMA,Referências,61,15,3,16,0,0,1,119,2
305 artigo POLITICAS ENERGETICAS MOBILIZACAO E RESISTENCIA A CONSTRUCAO DA,Introdução,77,9,17,17,0,2,3,119,0
305 artigo POLITICAS ENERGETICAS MOBILIZACAO E RESISTENCIA A CONSTRUCAO DA,Materiais e Métodos,19,1,7,8,1,0,3,25,0
305 artigo POLITICAS ENERGETICAS MOBILIZACAO E RESISTENCIA A CONSTRUCAO DA,Resultados e Discussão,95,3,38,19,7,4,7,180,2
305 artigo POLITICAS ENERGETICAS MOBILIZACAO E RESISTENCIA A CONSTRUCAO DA,Conclusão,37,0,11,8,10,1,5,61,3
305 artigo POLITICAS ENERGETICAS MOBILIZACAO E RESISTENCIA A CONSTRUCAO DA,Agradecimentos,0,0,0,0,0,0,0,0,0
305 artigo POLITICAS ENERGETICAS MOBILIZACAO E RESISTENCIA A CONSTRUCAO DA,Referências,43,7,2,18,0,0,2,65,0
306 artigo A V ALIACAO DO USO DAS PLATAFORMAS KAHOOT E WORDWALL NO ENSINO,Introdução,67,1,26,25,4,3,5,60,4
306 artigo A V ALIACAO DO USO DAS PLATAFORMAS KAHOOT E WORDWALL NO ENSINO,Materiais e Métodos,47,1,6,9,5,1,2,53,1
306 artigo A V ALIACAO DO USO DAS PLATAFORMAS KAHOOT E WORDWALL NO ENSINO,Resultados e Discussão,143,0,54,37,22,6,10,151,5
306 artigo A V ALIACAO DO USO DAS PLATAFORMAS KAHOOT E WORDWALL NO ENSINO,Conclusão,30,0,14,5,5,2,2,25,0
306 artigo A V ALIACAO DO USO DAS PLATAFORMAS KAHOOT E WORDWALL NO ENSINO,Agradecimentos,5,1,0,2,0,0,0,8,0
306 artigo A V ALIACAO DO USO DAS PLATAFORMAS KAHOOT E WORDWALL NO ENSINO,Referências,59,6,4,22,0,0,2,67,0
307 artigo ANALISE DO USO POTENCIAL DE FRUTOS EXTRATIVISTAS NORTE MINEIRO,Introdução,35,0,9,14,9,1,3,61,0
307 artigo ANALISE DO USO POTENCIAL DE FRUTOS EXTRATIVISTAS NORTE MINEIRO,Materiais e Métodos,26,0,15,10,2,0,1,38,0
307 artigo ANALISE DO USO POTENCIAL DE FRUTOS EXTRATIVISTAS NORTE MINEIRO,Resultados e Discussão,27,0,11,12,1,1,1,73,0
307 artigo ANALISE DO USO POTENCIAL DE FRUTOS EXTRATIVISTAS NORTE MINEIRO,Conclusão,20,0,8,9,0,1,3,22,0
307 artigo ANALISE DO USO POTENCIAL DE FRUTOS EXTRATIVISTAS NORTE MINEIRO,Agradecimentos,6,0,0,3,0,0,0,1,0
307 artigo ANALISE DO USO POTENCIAL DE FRUTOS EXTRATIVISTAS NORTE MINEIRO,Referências,87,4,0,11,0,0,1,94,3
308 artigo TREM MAGNETICO UM TRATAMENTO QUALITATIVO,Introdução,95,0,34,13,11,3,10,139,3
308 artigo TREM MAGNETICO UM TRATAMENTO QUALITATIVO,Materiais e Métodos,27,0,21,10,5,1,2,50,0
308 artigo TREM MAGNETICO UM TRATAMENTO QUALITATIVO,Resultados e Discussão,5,0,5,2,2,0,1,19,0
308 artigo TREM MAGNETICO UM TRATAMENTO QUALITATIVO,Conclusão,13,0,5,3,1,0,1,12,0
308 artigo TREM MAGNETICO UM TRATAMENTO QUALITATIVO,Agradecimentos,4,0,0,1,0,0,0,8,0
308 artigo TREM MAGNETICO UM TRATAMENTO QUALITATIVO,Referências,28,0,4,5,1,0,0,40,4
309 artigo PROCESSO DE REFINO DO OLEO DE PINHAO-MANSO JATROPHA CURCAS L.,Introdução,31,5,8,16,3,0,1,58,3
309 artigo PROCESSO DE REFINO DO OLEO DE PINHAO-MANSO JATROPHA CURCAS L.,Materiais e Métodos,39,4,5,7,5,0,5,130,4
309 artigo PROCESSO DE REFINO DO OLEO DE PINHAO-MANSO JATROPHA CURCAS L.,Resultados e Discussão,30,2,15,11,3,0,2,79,2
309 artigo PROCESSO DE REFINO DO OLEO DE PINHAO-MANSO JATROPHA CURCAS L.,Conclusão,2,0,2,1,0,0,0,14,0
309 artigo PROCESSO DE REFINO DO OLEO DE PINHAO-MANSO JATROPHA CURCAS L.,Agradecimentos,2,0,0,0,0,0,0,2,0
309 artigo PROCESSO DE REFINO DO OLEO DE PINHAO-MANSO JATROPHA CURCAS L.,Referências,40,9,0,18,0,0,0,91,2
310 artigo A V ALIACAO DA ESPECIE NATIV A Magonia pubescens A.St. Hil,Introdução,52,1,20,5,3,2,3,67,1
310 artigo A V ALIACAO DA ESPECIE NATIV A Magonia pubescens A.St. Hil,Materiais e Métodos,10,0,1,4,0,0,0,12,0
310 artigo A V ALIACAO DA ESPECIE NATIV A Magonia pubescens A.St. Hil,Resultados e Discussão,80,2,18,15,11,0,1,107,2
310 artigo A V ALIACAO DA ESPECIE NATIV A Magonia pubescens A.St. Hil,Conclusão,18,0,3,4,3,0,0,15,0
310 artigo A V ALIACAO DA ESPECIE NATIV A Magonia pubescens A.St. Hil,Agradecimentos,7,0,0,1,0,0,0,8,0
310 artigo A V ALIACAO DA ESPECIE NATIV A Magonia pubescens A.St. Hil,Referências,79,1,4,14,0,0,1,105,0
311 artigo APLICACAO DE ROBOTICA MODULAR NA EDUCACAO UM AUXILIO NO,Introdução,68,2,24,20,4,2,2,72,2
311 artigo APLICACAO DE ROBOTICA MODULAR NA EDUCACAO UM AUXILIO NO,Materiais e Métodos,13,0,5,2,0,0,0,14,0
311 artigo APLICACAO DE ROBOTICA MODULAR NA EDUCACAO UM AUXILIO NO,Resultados e Discussão,148,0,67,16,8,2,8,233,0
311 artigo APLICACAO DE ROBOTICA MODULAR NA EDUCACAO UM AUXILIO NO,Conclusão,31,0,10,8,2,1,3,27,0
311 artigo APLICACAO DE ROBOTICA MODULAR NA EDUCACAO UM AUXILIO NO,Agradecimentos,0,0,0,0,0,0,0,0,0
311 artigo APLICACAO DE ROBOTICA MODULAR NA EDUCACAO UM AUXILIO NO,Referências,30,5,4,11,0,0,1,48,1
312 artigo SATISFACAO DE PROFESSORES DA AREA DE CIENCIAS BIOLOGICAS,Introdução,10,0,4,9,1,0,0,28,0
312 artigo SATISFACAO DE PROFESSORES DA AREA DE CIENCIAS BIOLOGICAS,Materiais e Métodos,15,0,4,5,0,0,1,25,0
312 artigo SATISFACAO DE PROFESSORES DA AREA DE CIENCIAS BIOLOGICAS,Resultados e Discussão,175,1,115,59,37,4,16,256,4
312 artigo SATISFACAO DE PROFESSORES DA AREA DE CIENCIAS BIOLOGICAS,Conclusão,12,0,9,7,6,0,3,22,0
312 artigo SATISFACAO DE PROFESSORES DA AREA DE CIENCIAS BIOLOGICAS,Agradecimentos,4,0,1,0,0,0,0,5,0
312 artigo SATISFACAO DE PROFESSORES DA AREA DE CIENCIAS BIOLOGICAS,Referências,18,2,1,4,0,0,0,28,1
313 artigo MEDIDAS DE COMBATE AO ESTRESSE TERMICO EM FRANGOS DE CORTE,Introdução,79,5,14,18,2,2,4,71,6
313 artigo MEDIDAS DE COMBATE AO ESTRESSE TERMICO EM FRANGOS DE CORTE,Materiais e Métodos,21,0,1,0,1,0,1,19,0
313 artigo MEDIDAS DE COMBATE AO ESTRESSE TERMICO EM FRANGOS DE CORTE,Resultados e Discussão,85,3,21,15,12,2,4,85,2
313 artigo MEDIDAS DE COMBATE AO ESTRESSE TERMICO EM FRANGOS DE CORTE,Conclusão,8,0,1,1,2,0,0,4,0
313 artigo MEDIDAS DE COMBATE AO ESTRESSE TERMICO EM FRANGOS DE CORTE,Agradecimentos,0,0,0,0,0,0,0,0,0
313 artigo MEDIDAS DE COMBATE AO ESTRESSE TERMICO EM FRANGOS DE CORTE,Referências,80,6,2,14,0,0,1,68,0
314 artigo ANALISE ESPACO-TEMPORAL DO USO E COBERTURA DA TERRA NA BACIA,Introdução,33,1,18,9,4,0,1,43,1
314 artigo ANALISE ESPACO-TEMPORAL DO USO E COBERTURA DA TERRA NA BACIA,Materiais e Métodos,49,0,11,13,4,1,0,94,2
314 artigo ANALISE ESPACO-TEMPORAL DO USO E COBERTURA DA TERRA NA BACIA,Resultados e Discussão,56,0,15,9,2,1,1,55,0
314 artigo ANALISE ESPACO-TEMPORAL DO USO E COBERTURA DA TERRA NA BACIA,Conclusão,9,0,6,2,1,0,0,12,0
314 artigo ANALISE ESPACO-TEMPORAL DO USO E COBERTURA DA TERRA NA BACIA,Agradecimentos,5,0,0,1,0,0,1,5,0
314 artigo ANALISE ESPACO-TEMPORAL DO USO E COBERTURA DA TERRA NA BACIA,Referências,42,0,0,8,0,0,0,48,1
315 artigo ADAPTACAO DA PLATAFORMA ESPINHACO PARA O FUNCIONAMENTO NO,Introdução,6,0,3,0,0,0,1,14,0
315 artigo ADAPTACAO DA PLATAFORMA ESPINHACO PARA O FUNCIONAMENTO NO,Materiais e Métodos,85,0,9,12,3,0,2,96,0
315 artigo ADAPTACAO DA PLATAFORMA ESPINHACO PARA O FUNCIONAMENTO NO,Resultados e Discussão,162,1,32,26,10,0,5,207,3
315 artigo ADAPTACAO DA PLATAFORMA ESPINHACO PARA O FUNCIONAMENTO NO,Conclusão,33,0,9,6,4,1,0,47,0
315 artigo ADAPTACAO DA PLATAFORMA ESPINHACO PARA O FUNCIONAMENTO NO,Agradecimentos,2,0,0,0,0,0,0,3,0
315 artigo ADAPTACAO DA PLATAFORMA ESPINHACO PARA O FUNCIONAMENTO NO,Referências,20,4,4,3,0,0,0,33,2
316 artigo A V ALIACAO DO CRESCIMENTO DE SALMONELLA ENTERICA SUBSP. ENTERICA,Introdução,76,10,27,25,5,0,4,126,4
316 artigo A V ALIACAO DO CRESCIMENTO DE SALMONELLA ENTERICA SUBSP. ENTERICA,Materiais e Métodos,65,3,4,3,5,0,2,101,2
316 artigo A V ALIACAO DO CRESCIMENTO DE SALMONELLA ENTERICA SUBSP. ENTERICA,Resultados e Discussão,37,4,16,5,3,0,5,65,3
316 artigo A V ALIACAO DO CRESCIMENTO DE SALMONELLA ENTERICA SUBSP. ENTERICA,Conclusão,12,0,3,0,1,0,0,27,0
316 artigo A V ALIACAO DO CRESCIMENTO DE SALMONELLA ENTERICA SUBSP. ENTERICA,Agradecimentos,4,0,0,1,0,0,0,12,0
316 artigo A V ALIACAO DO CRESCIMENTO DE SALMONELLA ENTERICA SUBSP. ENTERICA,Referências,64,25,0,12,0,0,1,124,1
317 artigo MISTURA DE HERBICIDAS NO CONTROLE DE PLANTAS DANINHAS EM AREA DE,Introdução,62,1,18,18,6,2,2,80,4
317 artigo MISTURA DE HERBICIDAS NO CONTROLE DE PLANTAS DANINHAS EM AREA DE,Materiais e Métodos,88,0,16,15,4,0,1,107,0
317 artigo MISTURA DE HERBICIDAS NO CONTROLE DE PLANTAS DANINHAS EM AREA DE,Resultados e Discussão,56,2,20,19,8,3,2,76,4
317 artigo MISTURA DE HERBICIDAS NO CONTROLE DE PLANTAS DANINHAS EM AREA DE,Conclusão,7,0,1,2,1,0,0,5,0
317 artigo MISTURA DE HERBICIDAS NO CONTROLE DE PLANTAS DANINHAS EM AREA DE,Agradecimentos,0,0,0,0,0,0,0,0,0
317 artigo MISTURA DE HERBICIDAS NO CONTROLE DE PLANTAS DANINHAS EM AREA DE,Referências,55,4,1,12,0,0,0,69,0
318 artigo EXPLORANDO A VISCOSIDADE DO AR POR MEIO DE UM OSCILADOR,Introdução,80,0,29,11,13,2,5,115,0
318 artigo EXPLORANDO A VISCOSIDADE DO AR POR MEIO DE UM OSCILADOR,Materiais e Métodos,71,0,30,11,10,0,5,72,0
318 artigo EXPLORANDO A VISCOSIDADE DO AR POR MEIO DE UM OSCILADOR,Resultados e Discussão,49,0,30,8,5,0,2,49,0
318 artigo EXPLORANDO A VISCOSIDADE DO AR POR MEIO DE UM OSCILADOR,Conclusão,45,0,18,11,1,0,2,42,0
318 artigo EXPLORANDO A VISCOSIDADE DO AR POR MEIO DE UM OSCILADOR,Agradecimentos,0,0,0,0,0,0,0,0,0
318 artigo EXPLORANDO A VISCOSIDADE DO AR POR MEIO DE UM OSCILADOR,Referências,14,4,1,3,0,0,0,41,1
319 artigo METODOS DE PROPAGACAO VEGETATIVA NO CULTIVO DA CANA-DE ACUCAR,Introdução,63,0,18,15,7,0,3,64,3
319 artigo METODOS DE PROPAGACAO VEGETATIVA NO CULTIVO DA CANA-DE ACUCAR,Materiais e Métodos,73,1,8,8,7,0,2,94,0
319 artigo METODOS DE PROPAGACAO VEGETATIVA NO CULTIVO DA CANA-DE ACUCAR,Resultados e Discussão,70,3,29,21,18,6,4,84,4
319 artigo METODOS DE PROPAGACAO VEGETATIVA NO CULTIVO DA CANA-DE ACUCAR,Conclusão,4,0,1,0,1,0,0,14,0
319 artigo METODOS DE PROPAGACAO VEGETATIVA NO CULTIVO DA CANA-DE ACUCAR,Agradecimentos,0,0,0,0,0,0,0,0,0
319 artigo METODOS DE PROPAGACAO VEGETATIVA NO CULTIVO DA CANA-DE ACUCAR,Referências,98,6,2,24,0,0,1,107,0
320 artigo APLICACAO DO SOFTWARE KSPLIT QUE INTEGRA A GEOESTATISTICA A,Introdução,21,0,4,3,1,0,1,34,1
320 artigo APLICACAO DO SOFTWARE KSPLIT QUE INTEGRA A GEOESTATISTICA A,Materiais e Métodos,24,0,13,4,0,0,1,30,1
320 artigo APLICACAO DO SOFTWARE KSPLIT QUE INTEGRA A GEOESTATISTICA A,Resultados e Discussão,67,1,32,21,8,4,2,144,2
320 artigo APLICACAO DO SOFTWARE KSPLIT QUE INTEGRA A GEOESTATISTICA A,Conclusão,18,0,5,6,0,0,1,23,0
320 artigo APLICACAO DO SOFTWARE KSPLIT QUE INTEGRA A GEOESTATISTICA A,Agradecimentos,4,0,0,4,0,0,0,2,0
320 artigo APLICACAO DO SOFTWARE KSPLIT QUE INTEGRA A GEOESTATISTICA A,Referências,41,8,0,10,0,0,0,84,2
321 artigo CONHECIMENTO DE PROFESSORES SOBRE UTILIZACAO DE PLATAFORMAS,Introdução,26,0,7,5,2,0,2,40,4
321 artigo CONHECIMENTO DE PROFESSORES SOBRE UTILIZACAO DE PLATAFORMAS,Materiais e Métodos,9,0,2,3,0,1,2,15,0
321 artigo CONHECIMENTO DE PROFESSORES SOBRE UTILIZACAO DE PLATAFORMAS,Resultados e Discussão,131,4,52,36,13,6,7,152,5
321 artigo CONHECIMENTO DE PROFESSORES SOBRE UTILIZACAO DE PLATAFORMAS,Conclusão,44,1,21,12,11,2,1,42,0
321 artigo CONHECIMENTO DE PROFESSORES SOBRE UTILIZACAO DE PLATAFORMAS,Agradecimentos,0,0,0,0,0,0,0,0,0
321 artigo CONHECIMENTO DE PROFESSORES SOBRE UTILIZACAO DE PLATAFORMAS,Referências,23,7,7,6,0,0,0,74,2
322 artigo DENSIDADE POPULACIONAL DE CULTIV ARES DE FEIJAO-CAUPI VIGNA,Introdução,40,7,5,17,3,2,2,49,5
322 artigo DENSIDADE POPULACIONAL DE CULTIV ARES DE FEIJAO-CAUPI VIGNA,Materiais e Métodos,70,0,5,10,5,0,3,92,3
322 artigo DENSIDADE POPULACIONAL DE CULTIV ARES DE FEIJAO-CAUPI VIGNA,Resultados e Discussão,45,1,20,14,14,0,2,58,1
322 artigo DENSIDADE POPULACIONAL DE CULTIV ARES DE FEIJAO-CAUPI VIGNA,Conclusão,15,0,2,5,1,0,0,17,0
322 artigo DENSIDADE POPULACIONAL DE CULTIV ARES DE FEIJAO-CAUPI VIGNA,Agradecimentos,7,0,0,1,0,0,0,9,0
322 artigo DENSIDADE POPULACIONAL DE CULTIV ARES DE FEIJAO-CAUPI VIGNA,Referências,103,7,2,16,2,0,5,132,1
323 artigo SIMBIOSE DE BACTERIAS NO CULTIVO DE FEIJAO CAUPI VIGNA UNGUICULATA,Introdução,37,4,9,12,3,4,4,70,4
323 artigo SIMBIOSE DE BACTERIAS NO CULTIVO DE FEIJAO CAUPI VIGNA UNGUICULATA,Materiais e Métodos,68,1,6,8,1,0,1,119,2
323 artigo SIMBIOSE DE BACTERIAS NO CULTIVO DE FEIJAO CAUPI VIGNA UNGUICULATA,Resultados e Discussão,39,0,7,4,5,0,3,40,1
323 artigo SIMBIOSE DE BACTERIAS NO CULTIVO DE FEIJAO CAUPI VIGNA UNGUICULATA,Conclusão,16,0,7,4,1,0,0,31,0
323 artigo SIMBIOSE DE BACTERIAS NO CULTIVO DE FEIJAO CAUPI VIGNA UNGUICULATA,Agradecimentos,7,0,0,1,0,0,0,9,0
323 artigo SIMBIOSE DE BACTERIAS NO CULTIVO DE FEIJAO CAUPI VIGNA UNGUICULATA,Referências,60,5,2,13,2,0,1,124,1
324 artigo DETERMINACAO DO TEOR DE VITAMINA C EM COMPRIMIDOS EFERVESCENTES,Introdução,39,2,15,17,6,1,2,69,3
324 artigo DETERMINACAO DO TEOR DE VITAMINA C EM COMPRIMIDOS EFERVESCENTES,Materiais e Métodos,20,0,6,7,2,0,0,58,1
324 artigo DETERMINACAO DO TEOR DE VITAMINA C EM COMPRIMIDOS EFERVESCENTES,Resultados e Discussão,35,0,18,11,1,0,2,104,5
324 artigo DETERMINACAO DO TEOR DE VITAMINA C EM COMPRIMIDOS EFERVESCENTES,Conclusão,16,0,6,6,1,2,0,25,0
324 artigo DETERMINACAO DO TEOR DE VITAMINA C EM COMPRIMIDOS EFERVESCENTES,Agradecimentos,0,0,0,0,0,0,0,14,0
324 artigo DETERMINACAO DO TEOR DE VITAMINA C EM COMPRIMIDOS EFERVESCENTES,Referências,35,7,0,11,0,0,0,93,0
325 artigo ADUBACAO QUIMICA DO FEIJAO-MUNGO-VERDE VIGNA RADIATA EM FUNCAO,Introdução,43,5,17,15,6,2,1,59,3
325 artigo ADUBACAO QUIMICA DO FEIJAO-MUNGO-VERDE VIGNA RADIATA EM FUNCAO,Materiais e Métodos,66,0,3,13,2,1,0,81,1
325 artigo ADUBACAO QUIMICA DO FEIJAO-MUNGO-VERDE VIGNA RADIATA EM FUNCAO,Resultados e Discussão,42,0,12,9,10,1,1,37,0
325 artigo ADUBACAO QUIMICA DO FEIJAO-MUNGO-VERDE VIGNA RADIATA EM FUNCAO,Conclusão,11,0,5,4,4,0,0,22,0
325 artigo ADUBACAO QUIMICA DO FEIJAO-MUNGO-VERDE VIGNA RADIATA EM FUNCAO,Agradecimentos,5,0,0,1,0,0,0,9,0
325 artigo ADUBACAO QUIMICA DO FEIJAO-MUNGO-VERDE VIGNA RADIATA EM FUNCAO,Referências,73,2,2,11,2,0,0,105,2
326 artigo A IMPORTANCIA DO USO DA MUSICA PARA A APRENDIZAGEM DOS ALUNOS DE,Introdução,1,0,2,1,0,0,0,0,0
326 artigo A IMPORTANCIA DO USO DA MUSICA PARA A APRENDIZAGEM DOS ALUNOS DE,Materiais e Métodos,25,1,4,9,2,0,1,33,6
326 artigo A IMPORTANCIA DO USO DA MUSICA PARA A APRENDIZAGEM DOS ALUNOS DE,Resultados e Discussão,214,5,93,47,17,4,14,230,10
326 artigo A IMPORTANCIA DO USO DA MUSICA PARA A APRENDIZAGEM DOS ALUNOS DE,Conclusão,33,0,10,7,3,0,2,29,0
326 artigo A IMPORTANCIA DO USO DA MUSICA PARA A APRENDIZAGEM DOS ALUNOS DE,Agradecimentos,0,0,0,0,0,0,0,0,0
326 artigo A IMPORTANCIA DO USO DA MUSICA PARA A APRENDIZAGEM DOS ALUNOS DE,Referências,45,4,2,15,0,0,1,65,0
327 artigo CORONA VIRUS OS IMPACTOS DA QUARENTENA NOS SERVIDORES DO,Introdução,44,2,7,6,2,0,2,41,0
327 artigo CORONA VIRUS OS IMPACTOS DA QUARENTENA NOS SERVIDORES DO,Materiais e Métodos,45,1,9,5,1,1,2,63,0
327 artigo CORONA VIRUS OS IMPACTOS DA QUARENTENA NOS SERVIDORES DO,Resultados e Discussão,70,0,38,18,11,2,8,85,0
327 artigo CORONA VIRUS OS IMPACTOS DA QUARENTENA NOS SERVIDORES DO,Conclusão,30,0,11,9,4,1,2,28,0
327 artigo CORONA VIRUS OS IMPACTOS DA QUARENTENA NOS SERVIDORES DO,Agradecimentos,0,0,0,0,0,0,0,0,0
327 artigo CORONA VIRUS OS IMPACTOS DA QUARENTENA NOS SERVIDORES DO,Referências,42,6,2,12,1,0,2,45,3
328 artigo OS MACROINVERTEBRADOS BENTONICOS INDICAM A QUALIDADE AMBIENTAL,Introdução,56,0,19,16,6,1,0,80,5
328 artigo OS MACROINVERTEBRADOS BENTONICOS INDICAM A QUALIDADE AMBIENTAL,Materiais e Métodos,65,2,9,12,2,0,2,88,2
328 artigo OS MACROINVERTEBRADOS BENTONICOS INDICAM A QUALIDADE AMBIENTAL,Resultados e Discussão,54,2,15,22,7,2,2,108,3
328 artigo OS MACROINVERTEBRADOS BENTONICOS INDICAM A QUALIDADE AMBIENTAL,Conclusão,14,0,7,4,1,0,2,17,0
328 artigo OS MACROINVERTEBRADOS BENTONICOS INDICAM A QUALIDADE AMBIENTAL,Agradecimentos,7,0,0,1,0,0,0,26,0
328 artigo OS MACROINVERTEBRADOS BENTONICOS INDICAM A QUALIDADE AMBIENTAL,Referências,56,10,1,23,1,0,0,153,0
329 artigo LEVANTAMENTO EPIDEMIOLOGICO DE FEBRE AMARELA EM PRIMA TAS NAO,Introdução,61,4,27,41,10,2,6,126,3
329 artigo LEVANTAMENTO EPIDEMIOLOGICO DE FEBRE AMARELA EM PRIMA TAS NAO,Materiais e Métodos,11,0,0,4,0,0,1,21,0
329 artigo LEVANTAMENTO EPIDEMIOLOGICO DE FEBRE AMARELA EM PRIMA TAS NAO,Resultados e Discussão,138,7,54,53,14,5,12,238,7
329 artigo LEVANTAMENTO EPIDEMIOLOGICO DE FEBRE AMARELA EM PRIMA TAS NAO,Conclusão,17,1,7,10,1,0,0,25,0
329 artigo LEVANTAMENTO EPIDEMIOLOGICO DE FEBRE AMARELA EM PRIMA TAS NAO,Agradecimentos,0,0,0,0,0,0,0,0,0
329 artigo LEVANTAMENTO EPIDEMIOLOGICO DE FEBRE AMARELA EM PRIMA TAS NAO,Referências,53,11,1,17,1,0,1,94,0
330 artigo INFLUENCIA DOS TEXTOS MOTIV ADORES NA CONSTRUCAO DA,Introdução,38,0,12,5,0,0,2,48,1
330 artigo INFLUENCIA DOS TEXTOS MOTIV ADORES NA CONSTRUCAO DA,Materiais e Métodos,43,0,12,6,4,0,2,64,1
330 artigo INFLUENCIA DOS TEXTOS MOTIV ADORES NA CONSTRUCAO DA,Resultados e Discussão,28,0,10,7,1,0,2,31,0
330 artigo INFLUENCIA DOS TEXTOS MOTIV ADORES NA CONSTRUCAO DA,Conclusão,22,0,8,5,1,0,1,23,0
330 artigo INFLUENCIA DOS TEXTOS MOTIV ADORES NA CONSTRUCAO DA,Agradecimentos,2,0,0,0,0,0,0,2,0
330 artigo INFLUENCIA DOS TEXTOS MOTIV ADORES NA CONSTRUCAO DA,Referências,121,3,30,30,6,1,4,149,4
331 artigo AS METODOLOGIAS ATIV AS DE APRENDIZAGEM UMA ALTERNATIV A PARA,Introdução,90,2,34,38,7,1,5,70,4
331 artigo AS METODOLOGIAS ATIV AS DE APRENDIZAGEM UMA ALTERNATIV A PARA,Materiais e Métodos,71,0,20,17,5,2,5,80,2
331 artigo AS METODOLOGIAS ATIV AS DE APRENDIZAGEM UMA ALTERNATIV A PARA,Resultados e Discussão,100,3,36,21,13,6,5,103,0
331 artigo AS METODOLOGIAS ATIV AS DE APRENDIZAGEM UMA ALTERNATIV A PARA,Conclusão,14,0,11,4,3,1,1,17,0
331 artigo AS METODOLOGIAS ATIV AS DE APRENDIZAGEM UMA ALTERNATIV A PARA,Agradecimentos,0,0,0,0,0,0,0,0,0
331 artigo AS METODOLOGIAS ATIV AS DE APRENDIZAGEM UMA ALTERNATIV A PARA,Referências,37,2,3,15,0,1,1,52,0
332 artigo COMPARACAO DE CONSUMO HIDRICO DE EUCALIPTO E CERRADO UTILIZANDO,Introdução,37,9,8,2,0,0,2,81,5
332 artigo COMPARACAO DE CONSUMO HIDRICO DE EUCALIPTO E CERRADO UTILIZANDO,Materiais e Métodos,58,4,8,3,2,1,2,71,2
332 artigo COMPARACAO DE CONSUMO HIDRICO DE EUCALIPTO E CERRADO UTILIZANDO,Resultados e Discussão,22,3,9,3,2,0,0,16,1
332 artigo COMPARACAO DE CONSUMO HIDRICO DE EUCALIPTO E CERRADO UTILIZANDO,Conclusão,8,0,3,4,1,0,1,10,0
332 artigo COMPARACAO DE CONSUMO HIDRICO DE EUCALIPTO E CERRADO UTILIZANDO,Agradecimentos,5,0,2,0,0,0,0,6,0
332 artigo COMPARACAO DE CONSUMO HIDRICO DE EUCALIPTO E CERRADO UTILIZANDO,Referências,59,25,4,5,0,0,1,160,1
333 artigo A V ALIACAO DE PESO A DESMAMA DE BEZERRAS HOLANDES x ZEBU,Introdução,54,2,18,12,0,1,0,45,4
333 artigo A V ALIACAO DE PESO A DESMAMA DE BEZERRAS HOLANDES x ZEBU,Materiais e Métodos,102,2,16,12,1,0,6,105,0
333 artigo A V ALIACAO DE PESO A DESMAMA DE BEZERRAS HOLANDES x ZEBU,Resultados e Discussão,38,3,13,8,1,2,0,23,1
333 artigo A V ALIACAO DE PESO A DESMAMA DE BEZERRAS HOLANDES x ZEBU,Conclusão,9,2,2,5,0,1,1,13,0
333 artigo A V ALIACAO DE PESO A DESMAMA DE BEZERRAS HOLANDES x ZEBU,Agradecimentos,0,0,0,0,0,0,0,0,0
333 artigo A V ALIACAO DE PESO A DESMAMA DE BEZERRAS HOLANDES x ZEBU,Referências,30,4,3,5,0,0,1,72,0
334 artigo PROPAGACAO DE PALMA FORRAGEIRA ATRA VES DO SECCIONAMENTO DAS,Introdução,70,8,10,16,2,2,2,83,3
334 artigo PROPAGACAO DE PALMA FORRAGEIRA ATRA VES DO SECCIONAMENTO DAS,Materiais e Métodos,57,1,12,8,0,0,0,56,0
334 artigo PROPAGACAO DE PALMA FORRAGEIRA ATRA VES DO SECCIONAMENTO DAS,Resultados e Discussão,106,1,26,23,4,1,0,102,0
334 artigo PROPAGACAO DE PALMA FORRAGEIRA ATRA VES DO SECCIONAMENTO DAS,Conclusão,13,0,5,8,2,1,0,11,0
334 artigo PROPAGACAO DE PALMA FORRAGEIRA ATRA VES DO SECCIONAMENTO DAS,Agradecimentos,0,0,0,0,0,0,0,0,0
334 artigo PROPAGACAO DE PALMA FORRAGEIRA ATRA VES DO SECCIONAMENTO DAS,Referências,36,4,2,4,0,0,0,60,0
335 artigo MONITORAMENTO POR CELULAR DO ESCURECIMENTO DE SUCOS DE,Introdução,59,2,19,17,7,3,4,72,3
335 artigo MONITORAMENTO POR CELULAR DO ESCURECIMENTO DE SUCOS DE,Materiais e Métodos,50,0,11,15,3,1,3,77,0
335 artigo MONITORAMENTO POR CELULAR DO ESCURECIMENTO DE SUCOS DE,Resultados e Discussão,39,1,15,17,6,2,6,59,1
335 artigo MONITORAMENTO POR CELULAR DO ESCURECIMENTO DE SUCOS DE,Conclusão,42,0,13,10,1,1,3,36,0
335 artigo MONITORAMENTO POR CELULAR DO ESCURECIMENTO DE SUCOS DE,Agradecimentos,1,0,0,0,0,0,0,7,0
335 artigo MONITORAMENTO POR CELULAR DO ESCURECIMENTO DE SUCOS DE,Referências,47,1,0,6,0,0,2,38,3
336 artigo ADITIVOS DIETETICOS ALTERNATIVOS PARA SUBSTITUIR A RACTOPAMINA NO,Introdução,42,0,24,21,8,2,1,85,2
336 artigo ADITIVOS DIETETICOS ALTERNATIVOS PARA SUBSTITUIR A RACTOPAMINA NO,Materiais e Métodos,57,1,10,14,3,0,2,107,1
336 artigo ADITIVOS DIETETICOS ALTERNATIVOS PARA SUBSTITUIR A RACTOPAMINA NO,Resultados e Discussão,124,3,26,37,12,2,2,220,2
336 artigo ADITIVOS DIETETICOS ALTERNATIVOS PARA SUBSTITUIR A RACTOPAMINA NO,Conclusão,5,0,3,0,0,0,0,19,0
336 artigo ADITIVOS DIETETICOS ALTERNATIVOS PARA SUBSTITUIR A RACTOPAMINA NO,Agradecimentos,0,0,0,0,0,0,0,0,0
336 artigo ADITIVOS DIETETICOS ALTERNATIVOS PARA SUBSTITUIR A RACTOPAMINA NO,Referências,458,35,60,118,31,3,15,680,16
337 artigo ADITIVOS DIETETICOS ALTERNATIVOS PARA SUBSTITUIR A RACTOPAMINA NO,Introdução,42,0,24,21,8,2,1,85,2
337 artigo ADITIVOS DIETETICOS ALTERNATIVOS PARA SUBSTITUIR A RACTOPAMINA NO,Materiais e Métodos,57,1,10,14,3,0,2,101,1
337 artigo ADITIVOS DIETETICOS ALTERNATIVOS PARA SUBSTITUIR A RACTOPAMINA NO,Resultados e Discussão,146,6,38,34,16,1,4,233,5
337 artigo ADITIVOS DIETETICOS ALTERNATIVOS PARA SUBSTITUIR A RACTOPAMINA NO,Conclusão,5,0,3,0,0,0,0,11,0
337 artigo ADITIVOS DIETETICOS ALTERNATIVOS PARA SUBSTITUIR A RACTOPAMINA NO,Agradecimentos,0,0,0,0,0,0,0,0,0
337 artigo ADITIVOS DIETETICOS ALTERNATIVOS PARA SUBSTITUIR A RACTOPAMINA NO,Referências,35,16,1,11,1,0,3,119,0
338 artigo AVALIACAO DE DIFERENTES PADROES DE INOCULO INICIAL NA PRODUCAO DE,Introdução,26,2,7,10,0,0,1,62,3
338 artigo AVALIACAO DE DIFERENTES PADROES DE INOCULO INICIAL NA PRODUCAO DE,Materiais e Métodos,42,2,8,5,0,0,3,73,2
338 artigo AVALIACAO DE DIFERENTES PADROES DE INOCULO INICIAL NA PRODUCAO DE,Resultados e Discussão,89,6,18,25,5,3,1,103,2
338 artigo AVALIACAO DE DIFERENTES PADROES DE INOCULO INICIAL NA PRODUCAO DE,Conclusão,10,0,4,2,1,0,0,18,0
338 artigo AVALIACAO DE DIFERENTES PADROES DE INOCULO INICIAL NA PRODUCAO DE,Agradecimentos,0,0,0,0,0,0,0,0,0
338 artigo AVALIACAO DE DIFERENTES PADROES DE INOCULO INICIAL NA PRODUCAO DE,Referências,44,13,0,6,0,0,0,130,0
339 artigo TEOR DE PROTEINA BRUTA DE SILAGEM ENSACADA,Introdução,50,2,12,16,7,2,3,55,2
339 artigo TEOR DE PROTEINA BRUTA DE SILAGEM ENSACADA,Materiais e Métodos,87,2,7,17,4,0,1,121,1
339 artigo TEOR DE PROTEINA BRUTA DE SILAGEM ENSACADA,Resultados e Discussão,41,0,8,13,3,2,1,37,0
339 artigo TEOR DE PROTEINA BRUTA DE SILAGEM ENSACADA,Conclusão,4,0,1,1,0,0,1,6,0
339 artigo TEOR DE PROTEINA BRUTA DE SILAGEM ENSACADA,Agradecimentos,13,0,0,1,0,0,1,22,0
339 artigo TEOR DE PROTEINA BRUTA DE SILAGEM ENSACADA,Referências,20,16,0,8,0,0,0,68,0
340 artigo EXTRACAO E APLICACAO DE PECTINA DA PALMA FORRAGEIRA,Introdução,60,4,13,16,15,1,3,76,4
340 artigo EXTRACAO E APLICACAO DE PECTINA DA PALMA FORRAGEIRA,Materiais e Métodos,23,1,6,2,1,0,2,48,1
340 artigo EXTRACAO E APLICACAO DE PECTINA DA PALMA FORRAGEIRA,Resultados e Discussão,47,1,15,16,6,2,8,96,4
340 artigo EXTRACAO E APLICACAO DE PECTINA DA PALMA FORRAGEIRA,Conclusão,8,0,5,5,0,1,1,5,0
340 artigo EXTRACAO E APLICACAO DE PECTINA DA PALMA FORRAGEIRA,Agradecimentos,0,0,0,0,0,0,0,6,0
340 artigo EXTRACAO E APLICACAO DE PECTINA DA PALMA FORRAGEIRA,Referências,69,4,1,17,0,0,3,92,0
341 artigo DESENVOLVIMENTO DE ESPECIES ARBOREAS NATIV AS E,Introdução,37,1,13,14,3,2,1,43,1
341 artigo DESENVOLVIMENTO DE ESPECIES ARBOREAS NATIV AS E,Materiais e Métodos,40,0,10,5,3,0,2,57,0
341 artigo DESENVOLVIMENTO DE ESPECIES ARBOREAS NATIV AS E,Resultados e Discussão,100,0,36,18,9,3,5,163,0
341 artigo DESENVOLVIMENTO DE ESPECIES ARBOREAS NATIV AS E,Conclusão,9,0,4,3,0,0,1,32,0
341 artigo DESENVOLVIMENTO DE ESPECIES ARBOREAS NATIV AS E,Agradecimentos,5,0,0,0,0,0,0,5,0
341 artigo DESENVOLVIMENTO DE ESPECIES ARBOREAS NATIV AS E,Referências,102,12,2,7,0,0,0,111,0
342 artigo O BEM VIVER O QUE PENSAM OS QUILOMBOLAS,Introdução,70,0,25,12,11,1,5,79,3
342 artigo O BEM VIVER O QUE PENSAM OS QUILOMBOLAS,Materiais e Métodos,32,0,18,6,7,0,4,59,1
342 artigo O BEM VIVER O QUE PENSAM OS QUILOMBOLAS,Resultados e Discussão,147,0,100,32,24,3,5,154,0
342 artigo O BEM VIVER O QUE PENSAM OS QUILOMBOLAS,Conclusão,14,0,12,2,4,2,2,15,0
342 artigo O BEM VIVER O QUE PENSAM OS QUILOMBOLAS,Agradecimentos,0,0,0,0,0,0,0,0,0
342 artigo O BEM VIVER O QUE PENSAM OS QUILOMBOLAS,Referências,245,14,135,47,35,5,13,317,0
343 artigo BOI DE JANEIRO MEMORIA VIV A DA POPULACAO SALINENSE,Introdução,55,1,24,18,10,1,1,72,1
343 artigo BOI DE JANEIRO MEMORIA VIV A DA POPULACAO SALINENSE,Materiais e Métodos,33,0,9,3,4,1,1,50,0
343 artigo BOI DE JANEIRO MEMORIA VIV A DA POPULACAO SALINENSE,Resultados e Discussão,31,0,8,4,1,0,0,38,0
343 artigo BOI DE JANEIRO MEMORIA VIV A DA POPULACAO SALINENSE,Conclusão,24,0,17,8,2,3,1,36,0
343 artigo BOI DE JANEIRO MEMORIA VIV A DA POPULACAO SALINENSE,Agradecimentos,8,0,3,1,0,0,0,10,0
343 artigo BOI DE JANEIRO MEMORIA VIV A DA POPULACAO SALINENSE,Referências,62,0,2,14,0,0,0,63,0
344 artigo A INTERNACIONALIZACAO DA FORMACAO DE PROFESSORES DE LINGUAS NO,Introdução,94,2,40,26,7,1,5,150,4
344 artigo A INTERNACIONALIZACAO DA FORMACAO DE PROFESSORES DE LINGUAS NO,Materiais e Métodos,36,1,24,14,2,1,5,83,1
344 artigo A INTERNACIONALIZACAO DA FORMACAO DE PROFESSORES DE LINGUAS NO,Resultados e Discussão,102,4,52,41,6,3,4,141,0
344 artigo A INTERNACIONALIZACAO DA FORMACAO DE PROFESSORES DE LINGUAS NO,Conclusão,17,1,14,10,5,2,1,58,0
344 artigo A INTERNACIONALIZACAO DA FORMACAO DE PROFESSORES DE LINGUAS NO,Agradecimentos,1,0,0,0,0,0,0,4,0
344 artigo A INTERNACIONALIZACAO DA FORMACAO DE PROFESSORES DE LINGUAS NO,Referências,48,15,2,12,0,0,0,124,0
345 artigo FARELO DE ALGODAO E SUPLEMENTACAO ENZIMATICA EM DIETAS DE,Introdução,70,3,15,12,7,0,4,76,2
345 artigo FARELO DE ALGODAO E SUPLEMENTACAO ENZIMATICA EM DIETAS DE,Materiais e Métodos,58,1,6,9,3,0,3,66,4
345 artigo FARELO DE ALGODAO E SUPLEMENTACAO ENZIMATICA EM DIETAS DE,Resultados e Discussão,32,1,11,8,3,0,1,44,0
345 artigo FARELO DE ALGODAO E SUPLEMENTACAO ENZIMATICA EM DIETAS DE,Conclusão,4,0,1,3,0,0,0,4,0
345 artigo FARELO DE ALGODAO E SUPLEMENTACAO ENZIMATICA EM DIETAS DE,Agradecimentos,8,0,0,3,0,0,0,12,0
345 artigo FARELO DE ALGODAO E SUPLEMENTACAO ENZIMATICA EM DIETAS DE,Referências,33,4,0,8,1,0,0,79,0
346 artigo ROBO SEGUIDOR DE LINHA AUTONOMO COM DETECCAO DE OBSTACULO,Introdução,31,2,19,6,2,2,3,59,3
346 artigo ROBO SEGUIDOR DE LINHA AUTONOMO COM DETECCAO DE OBSTACULO,Materiais e Métodos,70,0,24,6,2,0,1,76,0
346 artigo ROBO SEGUIDOR DE LINHA AUTONOMO COM DETECCAO DE OBSTACULO,Resultados e Discussão,28,0,17,5,5,0,1,40,0
346 artigo ROBO SEGUIDOR DE LINHA AUTONOMO COM DETECCAO DE OBSTACULO,Conclusão,26,0,10,6,3,1,0,24,0
346 artigo ROBO SEGUIDOR DE LINHA AUTONOMO COM DETECCAO DE OBSTACULO,Agradecimentos,6,0,0,4,0,0,0,5,0
346 artigo ROBO SEGUIDOR DE LINHA AUTONOMO COM DETECCAO DE OBSTACULO,Referências,30,5,0,9,0,0,0,49,2
347 artigo DESENVOLVIMENTO DE UM DISPOSITIVO PARA PRESSURIZACAO DE SISTEMA,Introdução,44,0,14,11,2,0,0,45,1
347 artigo DESENVOLVIMENTO DE UM DISPOSITIVO PARA PRESSURIZACAO DE SISTEMA,Materiais e Métodos,43,0,2,6,0,0,1,63,0
347 artigo DESENVOLVIMENTO DE UM DISPOSITIVO PARA PRESSURIZACAO DE SISTEMA,Resultados e Discussão,133,0,28,16,13,0,2,161,0
347 artigo DESENVOLVIMENTO DE UM DISPOSITIVO PARA PRESSURIZACAO DE SISTEMA,Conclusão,21,0,4,5,1,0,0,21,0
347 artigo DESENVOLVIMENTO DE UM DISPOSITIVO PARA PRESSURIZACAO DE SISTEMA,Agradecimentos,0,0,0,0,0,0,0,0,0
347 artigo DESENVOLVIMENTO DE UM DISPOSITIVO PARA PRESSURIZACAO DE SISTEMA,Referências,18,0,2,7,0,0,0,18,2
348 artigo ESTUDO TEORICO COMPUTACIONAL DAS RELACOES QUANTITATIV AS ENTRE,Introdução,42,5,17,13,1,0,1,84,3
348 artigo ESTUDO TEORICO COMPUTACIONAL DAS RELACOES QUANTITATIV AS ENTRE,Materiais e Métodos,34,2,9,15,1,1,2,138,1
348 artigo ESTUDO TEORICO COMPUTACIONAL DAS RELACOES QUANTITATIV AS ENTRE,Resultados e Discussão,23,0,15,11,3,2,1,62,0
348 artigo ESTUDO TEORICO COMPUTACIONAL DAS RELACOES QUANTITATIV AS ENTRE,Conclusão,33,2,10,18,4,0,0,84,0
348 artigo ESTUDO TEORICO COMPUTACIONAL DAS RELACOES QUANTITATIV AS ENTRE,Agradecimentos,2,0,0,2,0,0,0,5,0
348 artigo ESTUDO TEORICO COMPUTACIONAL DAS RELACOES QUANTITATIV AS ENTRE,Referências,22,10,0,12,1,0,0,75,0
349 artigo INFLUENCIA DAS PRACAS PUBLICAS NA ARBORIZACAO URBANA DA CIDADE DE,Introdução,35,4,7,13,4,3,3,57,2
349 artigo INFLUENCIA DAS PRACAS PUBLICAS NA ARBORIZACAO URBANA DA CIDADE DE,Materiais e Métodos,46,0,11,9,3,0,3,73,2
349 artigo INFLUENCIA DAS PRACAS PUBLICAS NA ARBORIZACAO URBANA DA CIDADE DE,Resultados e Discussão,52,0,21,22,4,2,4,74,0
349 artigo INFLUENCIA DAS PRACAS PUBLICAS NA ARBORIZACAO URBANA DA CIDADE DE,Conclusão,10,0,9,7,1,1,0,23,0
349 artigo INFLUENCIA DAS PRACAS PUBLICAS NA ARBORIZACAO URBANA DA CIDADE DE,Agradecimentos,5,0,0,4,0,0,0,1,0
349 artigo INFLUENCIA DAS PRACAS PUBLICAS NA ARBORIZACAO URBANA DA CIDADE DE,Referências,44,5,0,19,0,0,0,104,1
350 artigo ANSIEDADE NO MEIO ESCOLAR DISCENTES DO ENSINO MEDIO DO INSTITUTO,Introdução,28,0,5,7,2,0,0,30,0
350 artigo ANSIEDADE NO MEIO ESCOLAR DISCENTES DO ENSINO MEDIO DO INSTITUTO,Materiais e Métodos,36,0,2,3,0,0,1,30,0
350 artigo ANSIEDADE NO MEIO ESCOLAR DISCENTES DO ENSINO MEDIO DO INSTITUTO,Resultados e Discussão,77,0,35,19,4,3,2,85,0
350 artigo ANSIEDADE NO MEIO ESCOLAR DISCENTES DO ENSINO MEDIO DO INSTITUTO,Conclusão,33,0,15,13,2,2,2,31,0
350 artigo ANSIEDADE NO MEIO ESCOLAR DISCENTES DO ENSINO MEDIO DO INSTITUTO,Agradecimentos,0,0,0,0,0,0,0,0,0
350 artigo ANSIEDADE NO MEIO ESCOLAR DISCENTES DO ENSINO MEDIO DO INSTITUTO,Referências,35,0,0,13,0,0,1,46,4
351 artigo UTILIZACAO DAS TECNOLOGIAS DA INFORMACAO E DA COMUNICACAO NAS,Introdução,67,1,24,13,12,1,5,78,1
351 artigo UTILIZACAO DAS TECNOLOGIAS DA INFORMACAO E DA COMUNICACAO NAS,Materiais e Métodos,55,2,10,11,4,0,2,53,0
351 artigo UTILIZACAO DAS TECNOLOGIAS DA INFORMACAO E DA COMUNICACAO NAS,Resultados e Discussão,142,6,57,26,17,3,8,120,0
351 artigo UTILIZACAO DAS TECNOLOGIAS DA INFORMACAO E DA COMUNICACAO NAS,Conclusão,32,1,9,5,1,1,0,24,0
351 artigo UTILIZACAO DAS TECNOLOGIAS DA INFORMACAO E DA COMUNICACAO NAS,Agradecimentos,9,0,0,2,0,0,0,10,0
351 artigo UTILIZACAO DAS TECNOLOGIAS DA INFORMACAO E DA COMUNICACAO NAS,Referências,31,1,0,9,0,0,0,37,0
352 artigo USO DE OLEOS ESSENCIAIS NO TRATAMENTO DE SEMENTES DE ALGODAO,Introdução,75,3,18,19,5,1,3,83,4
352 artigo USO DE OLEOS ESSENCIAIS NO TRATAMENTO DE SEMENTES DE ALGODAO,Materiais e Métodos,84,0,16,15,5,0,6,111,1
352 artigo USO DE OLEOS ESSENCIAIS NO TRATAMENTO DE SEMENTES DE ALGODAO,Resultados e Discussão,42,6,11,11,8,1,0,54,1
352 artigo USO DE OLEOS ESSENCIAIS NO TRATAMENTO DE SEMENTES DE ALGODAO,Conclusão,11,2,4,3,2,0,1,18,0
352 artigo USO DE OLEOS ESSENCIAIS NO TRATAMENTO DE SEMENTES DE ALGODAO,Agradecimentos,0,0,0,0,0,0,0,0,0
352 artigo USO DE OLEOS ESSENCIAIS NO TRATAMENTO DE SEMENTES DE ALGODAO,Referências,96,8,3,29,5,0,1,174,0
353 artigo TESTE SENSORIAL A RESPEITO DAS CARACTERISTICAS ORGANOLOPICAS DA,Introdução,38,0,4,7,4,3,1,44,1
353 artigo TESTE SENSORIAL A RESPEITO DAS CARACTERISTICAS ORGANOLOPICAS DA,Materiais e Métodos,30,0,7,3,1,0,2,26,0
353 artigo TESTE SENSORIAL A RESPEITO DAS CARACTERISTICAS ORGANOLOPICAS DA,Resultados e Discussão,37,2,15,12,9,3,2,66,3
353 artigo TESTE SENSORIAL A RESPEITO DAS CARACTERISTICAS ORGANOLOPICAS DA,Conclusão,9,0,3,3,1,1,0,10,0
353 artigo TESTE SENSORIAL A RESPEITO DAS CARACTERISTICAS ORGANOLOPICAS DA,Agradecimentos,8,0,0,0,0,0,0,4,0
353 artigo TESTE SENSORIAL A RESPEITO DAS CARACTERISTICAS ORGANOLOPICAS DA,Referências,28,2,3,9,3,0,0,51,0
354 artigo AVALIACAO DO HIDROGEL NATURAL DA ESPECIE NATIV A Magonia pubescens A.St.,Introdução,30,0,12,8,1,0,3,64,2
354 artigo AVALIACAO DO HIDROGEL NATURAL DA ESPECIE NATIV A Magonia pubescens A.St.,Materiais e Métodos,10,0,1,4,0,0,0,12,0
354 artigo AVALIACAO DO HIDROGEL NATURAL DA ESPECIE NATIV A Magonia pubescens A.St.,Resultados e Discussão,101,2,33,21,11,0,1,134,2
354 artigo AVALIACAO DO HIDROGEL NATURAL DA ESPECIE NATIV A Magonia pubescens A.St.,Conclusão,12,0,5,4,2,0,0,22,0
354 artigo AVALIACAO DO HIDROGEL NATURAL DA ESPECIE NATIV A Magonia pubescens A.St.,Agradecimentos,7,0,0,1,0,0,0,8,0
354 artigo AVALIACAO DO HIDROGEL NATURAL DA ESPECIE NATIV A Magonia pubescens A.St.,Referências,96,1,4,14,0,0,1,146,0
355 artigo PERCEPCAO DE ESTUDANTES DE MEDICINA VETERINARIA SOBRE O USO DE,Introdução,66,9,18,18,7,1,12,106,4
355 artigo PERCEPCAO DE ESTUDANTES DE MEDICINA VETERINARIA SOBRE O USO DE,Materiais e Métodos,18,0,7,5,3,0,3,36,0
355 artigo PERCEPCAO DE ESTUDANTES DE MEDICINA VETERINARIA SOBRE O USO DE,Resultados e Discussão,102,3,49,11,14,0,2,108,2
355 artigo PERCEPCAO DE ESTUDANTES DE MEDICINA VETERINARIA SOBRE O USO DE,Conclusão,16,0,9,2,3,0,3,32,0
355 artigo PERCEPCAO DE ESTUDANTES DE MEDICINA VETERINARIA SOBRE O USO DE,Agradecimentos,4,0,0,3,0,0,0,8,0
355 artigo PERCEPCAO DE ESTUDANTES DE MEDICINA VETERINARIA SOBRE O USO DE,Referências,20,11,0,3,0,0,1,38,0
356 artigo DENSIDADE E ESTABILIDADE DIMENSIONAL DA MADEIRA DE APULEIA,Introdução,47,3,18,11,5,2,7,84,3
356 artigo DENSIDADE E ESTABILIDADE DIMENSIONAL DA MADEIRA DE APULEIA,Materiais e Métodos,29,0,5,5,2,0,1,61,2
356 artigo DENSIDADE E ESTABILIDADE DIMENSIONAL DA MADEIRA DE APULEIA,Resultados e Discussão,77,5,29,24,5,10,3,110,6
356 artigo DENSIDADE E ESTABILIDADE DIMENSIONAL DA MADEIRA DE APULEIA,Conclusão,5,0,1,3,1,0,0,11,0
356 artigo DENSIDADE E ESTABILIDADE DIMENSIONAL DA MADEIRA DE APULEIA,Agradecimentos,0,0,0,0,0,0,0,0,0
356 artigo DENSIDADE E ESTABILIDADE DIMENSIONAL DA MADEIRA DE APULEIA,Referências,26,22,1,10,0,0,0,198,1
357 artigo AREA DE ABRANGENCIA DO INSTITUTO FEDERAL DO NORTE DE MINAS,Introdução,81,1,30,26,4,1,6,136,1
357 artigo AREA DE ABRANGENCIA DO INSTITUTO FEDERAL DO NORTE DE MINAS,Materiais e Métodos,34,0,10,9,2,0,1,39,0
357 artigo AREA DE ABRANGENCIA DO INSTITUTO FEDERAL DO NORTE DE MINAS,Resultados e Discussão,38,0,15,1,2,0,4,53,0
357 artigo AREA DE ABRANGENCIA DO INSTITUTO FEDERAL DO NORTE DE MINAS,Conclusão,23,0,8,7,4,1,2,30,0
357 artigo AREA DE ABRANGENCIA DO INSTITUTO FEDERAL DO NORTE DE MINAS,Agradecimentos,8,0,4,0,1,0,0,5,0
357 artigo AREA DE ABRANGENCIA DO INSTITUTO FEDERAL DO NORTE DE MINAS,Referências,56,0,3,15,0,0,0,104,1
358 artigo METODOLOGIAS DE APRENDIZAGEM SIGNIFICATIV A QUAL SERIA A MELHOR,Introdução,51,0,31,32,9,2,3,89,3
358 artigo METODOLOGIAS DE APRENDIZAGEM SIGNIFICATIV A QUAL SERIA A MELHOR,Materiais e Métodos,30,0,14,14,5,0,1,56,0
358 artigo METODOLOGIAS DE APRENDIZAGEM SIGNIFICATIV A QUAL SERIA A MELHOR,Resultados e Discussão,87,0,48,31,12,1,11,80,1
358 artigo METODOLOGIAS DE APRENDIZAGEM SIGNIFICATIV A QUAL SERIA A MELHOR,Conclusão,24,0,16,9,5,3,1,31,1
358 artigo METODOLOGIAS DE APRENDIZAGEM SIGNIFICATIV A QUAL SERIA A MELHOR,Agradecimentos,4,0,0,3,0,0,0,7,0
358 artigo METODOLOGIAS DE APRENDIZAGEM SIGNIFICATIV A QUAL SERIA A MELHOR,Referências,331,12,74,85,26,3,9,539,10
359 artigo PERFIL EPIDEMIOLOGICO DA LEISHMANIOSE TEGUMENTAR AMERICANA EM,Introdução,36,7,14,21,4,0,4,90,5
359 artigo PERFIL EPIDEMIOLOGICO DA LEISHMANIOSE TEGUMENTAR AMERICANA EM,Materiais e Métodos,18,0,2,6,0,0,1,42,0
359 artigo PERFIL EPIDEMIOLOGICO DA LEISHMANIOSE TEGUMENTAR AMERICANA EM,Resultados e Discussão,43,1,15,13,1,1,1,38,2
359 artigo PERFIL EPIDEMIOLOGICO DA LEISHMANIOSE TEGUMENTAR AMERICANA EM,Conclusão,26,0,5,10,2,0,2,44,0
359 artigo PERFIL EPIDEMIOLOGICO DA LEISHMANIOSE TEGUMENTAR AMERICANA EM,Agradecimentos,3,0,1,1,0,0,1,6,0
359 artigo PERFIL EPIDEMIOLOGICO DA LEISHMANIOSE TEGUMENTAR AMERICANA EM,Referências,21,5,1,8,0,0,0,42,0
360 artigo INFLUENCIA DA IRRIGACAO COM AGUA MAGNETIZADA NO DESENVOLVIMENTO,Introdução,51,5,14,13,3,1,1,61,3
360 artigo INFLUENCIA DA IRRIGACAO COM AGUA MAGNETIZADA NO DESENVOLVIMENTO,Materiais e Métodos,42,0,1,10,1,0,2,43,0
360 artigo INFLUENCIA DA IRRIGACAO COM AGUA MAGNETIZADA NO DESENVOLVIMENTO,Resultados e Discussão,111,2,24,31,13,1,6,231,6
360 artigo INFLUENCIA DA IRRIGACAO COM AGUA MAGNETIZADA NO DESENVOLVIMENTO,Conclusão,6,0,4,1,0,0,0,14,0
360 artigo INFLUENCIA DA IRRIGACAO COM AGUA MAGNETIZADA NO DESENVOLVIMENTO,Agradecimentos,0,0,0,0,0,0,0,0,0
360 artigo INFLUENCIA DA IRRIGACAO COM AGUA MAGNETIZADA NO DESENVOLVIMENTO,Referências,24,27,1,11,1,0,1,123,1
361 artigo A V ALIACAO COMPORTAMENTAL DE A VES POEDEIRAS CRIADAS EM GAIOLAS,Introdução,26,1,10,10,2,0,0,27,2
361 artigo A V ALIACAO COMPORTAMENTAL DE A VES POEDEIRAS CRIADAS EM GAIOLAS,Materiais e Métodos,69,1,11,12,1,0,4,85,2
361 artigo A V ALIACAO COMPORTAMENTAL DE A VES POEDEIRAS CRIADAS EM GAIOLAS,Resultados e Discussão,50,2,20,10,3,0,2,53,4
361 artigo A V ALIACAO COMPORTAMENTAL DE A VES POEDEIRAS CRIADAS EM GAIOLAS,Conclusão,5,0,6,1,0,0,0,6,0
361 artigo A V ALIACAO COMPORTAMENTAL DE A VES POEDEIRAS CRIADAS EM GAIOLAS,Agradecimentos,4,0,0,0,0,0,0,7,0
361 artigo A V ALIACAO COMPORTAMENTAL DE A VES POEDEIRAS CRIADAS EM GAIOLAS,Referências,74,17,5,13,2,0,0,129,0
362 artigo ANALISE DA QUALIDADE DA AGUA PARA CONSUMO EM ESCOLAS PUBLICAS NOS,Introdução,40,2,13,13,4,1,1,57,2
362 artigo ANALISE DA QUALIDADE DA AGUA PARA CONSUMO EM ESCOLAS PUBLICAS NOS,Materiais e Métodos,39,0,3,7,3,0,1,70,1
362 artigo ANALISE DA QUALIDADE DA AGUA PARA CONSUMO EM ESCOLAS PUBLICAS NOS,Resultados e Discussão,55,2,23,4,6,1,6,88,3
362 artigo ANALISE DA QUALIDADE DA AGUA PARA CONSUMO EM ESCOLAS PUBLICAS NOS,Conclusão,13,1,7,1,2,0,5,26,1
362 artigo ANALISE DA QUALIDADE DA AGUA PARA CONSUMO EM ESCOLAS PUBLICAS NOS,Agradecimentos,9,0,2,3,0,0,0,5,0
362 artigo ANALISE DA QUALIDADE DA AGUA PARA CONSUMO EM ESCOLAS PUBLICAS NOS,Referências,35,2,0,10,1,0,0,94,2
363 artigo PLATAFORMA DIGITAL COLABORATIV A PARA DIVULGACAO CIENTIFICA SOBRE,Introdução,16,0,3,6,1,0,0,30,1
363 artigo PLATAFORMA DIGITAL COLABORATIV A PARA DIVULGACAO CIENTIFICA SOBRE,Materiais e Métodos,29,1,16,9,3,0,3,87,1
363 artigo PLATAFORMA DIGITAL COLABORATIV A PARA DIVULGACAO CIENTIFICA SOBRE,Resultados e Discussão,148,2,51,40,12,0,12,300,1
363 artigo PLATAFORMA DIGITAL COLABORATIV A PARA DIVULGACAO CIENTIFICA SOBRE,Conclusão,30,0,17,13,1,1,1,40,0
363 artigo PLATAFORMA DIGITAL COLABORATIV A PARA DIVULGACAO CIENTIFICA SOBRE,Agradecimentos,8,1,0,1,1,0,1,31,0
363 artigo PLATAFORMA DIGITAL COLABORATIV A PARA DIVULGACAO CIENTIFICA SOBRE,Referências,17,6,0,2,0,0,0,41,0
364 artigo AULAS REMOTAS EM TEMPOS DE PANDEMIA DESAFIOS E PERCEPCOES DOS,Introdução,62,0,29,28,6,1,6,144,2
364 artigo AULAS REMOTAS EM TEMPOS DE PANDEMIA DESAFIOS E PERCEPCOES DOS,Materiais e Métodos,16,0,3,3,4,0,1,32,0
364 artigo AULAS REMOTAS EM TEMPOS DE PANDEMIA DESAFIOS E PERCEPCOES DOS,Resultados e Discussão,101,0,66,23,12,3,6,105,0
364 artigo AULAS REMOTAS EM TEMPOS DE PANDEMIA DESAFIOS E PERCEPCOES DOS,Conclusão,17,0,5,3,3,0,1,34,0
364 artigo AULAS REMOTAS EM TEMPOS DE PANDEMIA DESAFIOS E PERCEPCOES DOS,Agradecimentos,3,0,1,1,0,0,0,9,0
364 artigo AULAS REMOTAS EM TEMPOS DE PANDEMIA DESAFIOS E PERCEPCOES DOS,Referências,25,0,4,7,0,0,8,34,1
365 artigo QUALIDADE DA AGUA EM TRECHOS DO RIACHO DA CRUZ BACIA DO ALTO,Introdução,3,0,1,1,0,1,0,6,0
365 artigo QUALIDADE DA AGUA EM TRECHOS DO RIACHO DA CRUZ BACIA DO ALTO,Materiais e Métodos,44,0,3,8,0,0,1,80,1
365 artigo QUALIDADE DA AGUA EM TRECHOS DO RIACHO DA CRUZ BACIA DO ALTO,Resultados e Discussão,142,0,31,27,6,4,11,242,2
365 artigo QUALIDADE DA AGUA EM TRECHOS DO RIACHO DA CRUZ BACIA DO ALTO,Conclusão,8,0,2,2,1,0,0,15,0
365 artigo QUALIDADE DA AGUA EM TRECHOS DO RIACHO DA CRUZ BACIA DO ALTO,Agradecimentos,5,0,0,1,0,0,0,7,0
365 artigo QUALIDADE DA AGUA EM TRECHOS DO RIACHO DA CRUZ BACIA DO ALTO,Referências,41,1,1,10,1,0,0,68,0
366 artigo PARAMETROS HIDRAULICOS DE UM DISPOSITIVO ALTERNATIVO DE,Introdução,33,0,7,4,1,1,1,40,2
366 artigo PARAMETROS HIDRAULICOS DE UM DISPOSITIVO ALTERNATIVO DE,Materiais e Métodos,42,1,10,4,4,0,2,79,1
366 artigo PARAMETROS HIDRAULICOS DE UM DISPOSITIVO ALTERNATIVO DE,Resultados e Discussão,104,1,25,15,12,2,1,68,2
366 artigo PARAMETROS HIDRAULICOS DE UM DISPOSITIVO ALTERNATIVO DE,Conclusão,24,0,8,6,0,0,1,15,0
366 artigo PARAMETROS HIDRAULICOS DE UM DISPOSITIVO ALTERNATIVO DE,Agradecimentos,0,0,0,0,0,0,0,0,0
366 artigo PARAMETROS HIDRAULICOS DE UM DISPOSITIVO ALTERNATIVO DE,Referências,31,0,0,8,0,0,0,63,0
367 artigo PROJETO LEAO CASTRACOES E GUARDA CONSCIENTE,Introdução,49,5,21,16,4,0,3,79,0
367 artigo PROJETO LEAO CASTRACOES E GUARDA CONSCIENTE,Materiais e Métodos,20,0,6,6,0,0,2,25,0
367 artigo PROJETO LEAO CASTRACOES E GUARDA CONSCIENTE,Resultados e Discussão,34,0,4,9,0,0,1,42,0
367 artigo PROJETO LEAO CASTRACOES E GUARDA CONSCIENTE,Conclusão,22,0,4,1,1,0,1,28,0
367 artigo PROJETO LEAO CASTRACOES E GUARDA CONSCIENTE,Agradecimentos,0,0,0,0,0,0,0,0,0
367 artigo PROJETO LEAO CASTRACOES E GUARDA CONSCIENTE,Referências,63,5,3,21,0,0,0,82,1
368 artigo CARACTERIZACAO DE MISTURA PARA BOLO PRONTO ELABORADO COM,Introdução,9,0,3,1,3,0,0,22,1
368 artigo CARACTERIZACAO DE MISTURA PARA BOLO PRONTO ELABORADO COM,Materiais e Métodos,49,0,10,5,6,3,4,82,1
368 artigo CARACTERIZACAO DE MISTURA PARA BOLO PRONTO ELABORADO COM,Resultados e Discussão,174,5,47,46,25,11,15,240,8
368 artigo CARACTERIZACAO DE MISTURA PARA BOLO PRONTO ELABORADO COM,Conclusão,10,0,5,5,1,1,0,16,0
368 artigo CARACTERIZACAO DE MISTURA PARA BOLO PRONTO ELABORADO COM,Agradecimentos,4,0,1,1,0,0,0,9,0
368 artigo CARACTERIZACAO DE MISTURA PARA BOLO PRONTO ELABORADO COM,Referências,50,2,2,19,2,2,0,126,1
369 artigo INFLUENCIA DE DOSES DE NITROGENIO SOBRE NODULOS DE BACTERIAS,Introdução,41,3,8,13,4,0,3,58,3
369 artigo INFLUENCIA DE DOSES DE NITROGENIO SOBRE NODULOS DE BACTERIAS,Materiais e Métodos,61,0,9,12,6,0,0,70,1
369 artigo INFLUENCIA DE DOSES DE NITROGENIO SOBRE NODULOS DE BACTERIAS,Resultados e Discussão,47,3,16,14,6,2,2,65,4
369 artigo INFLUENCIA DE DOSES DE NITROGENIO SOBRE NODULOS DE BACTERIAS,Conclusão,7,0,3,2,0,1,1,8,0
369 artigo INFLUENCIA DE DOSES DE NITROGENIO SOBRE NODULOS DE BACTERIAS,Agradecimentos,7,0,0,0,0,0,0,11,0
369 artigo INFLUENCIA DE DOSES DE NITROGENIO SOBRE NODULOS DE BACTERIAS,Referências,41,9,0,10,0,0,1,95,0
370 artigo GENERO E DOCENCIA A PRESENCA DO HOMEM NA EDUCACAO INFANTIL,Introdução,63,4,24,28,13,1,3,70,1
370 artigo GENERO E DOCENCIA A PRESENCA DO HOMEM NA EDUCACAO INFANTIL,Materiais e Métodos,25,0,4,5,4,1,2,32,0
370 artigo GENERO E DOCENCIA A PRESENCA DO HOMEM NA EDUCACAO INFANTIL,Resultados e Discussão,144,0,96,45,53,11,7,179,1
370 artigo GENERO E DOCENCIA A PRESENCA DO HOMEM NA EDUCACAO INFANTIL,Conclusão,205,1,114,58,74,14,10,259,1
370 artigo GENERO E DOCENCIA A PRESENCA DO HOMEM NA EDUCACAO INFANTIL,Agradecimentos,0,0,0,0,0,0,0,0,0
370 artigo GENERO E DOCENCIA A PRESENCA DO HOMEM NA EDUCACAO INFANTIL,Referências,14,2,0,7,0,0,0,31,0
371 artigo PIBID E PANDEMIA UM RELATO SOBRE DILEMAS VIVENCIAS E APRENDIZADOS,Introdução,42,0,15,17,8,2,2,58,0
371 artigo PIBID E PANDEMIA UM RELATO SOBRE DILEMAS VIVENCIAS E APRENDIZADOS,Materiais e Métodos,43,0,15,15,6,1,2,66,0
371 artigo PIBID E PANDEMIA UM RELATO SOBRE DILEMAS VIVENCIAS E APRENDIZADOS,Resultados e Discussão,121,1,46,29,27,11,10,139,0
371 artigo PIBID E PANDEMIA UM RELATO SOBRE DILEMAS VIVENCIAS E APRENDIZADOS,Conclusão,232,1,95,62,49,17,14,294,0
371 artigo PIBID E PANDEMIA UM RELATO SOBRE DILEMAS VIVENCIAS E APRENDIZADOS,Agradecimentos,9,0,0,6,0,0,1,10,0
371 artigo PIBID E PANDEMIA UM RELATO SOBRE DILEMAS VIVENCIAS E APRENDIZADOS,Referências,21,2,0,4,0,0,1,35,0
372 artigo ANALISE GRAFICA SIMPLIFICADA DA EVOLUCAO DA EPIDEMIA COVID-19 NA,Introdução,64,6,17,21,6,1,3,90,5
372 artigo ANALISE GRAFICA SIMPLIFICADA DA EVOLUCAO DA EPIDEMIA COVID-19 NA,Materiais e Métodos,10,0,3,1,0,0,1,11,1
372 artigo ANALISE GRAFICA SIMPLIFICADA DA EVOLUCAO DA EPIDEMIA COVID-19 NA,Resultados e Discussão,82,0,30,31,6,1,12,113,5
372 artigo ANALISE GRAFICA SIMPLIFICADA DA EVOLUCAO DA EPIDEMIA COVID-19 NA,Conclusão,8,0,3,4,0,0,0,14,0
372 artigo ANALISE GRAFICA SIMPLIFICADA DA EVOLUCAO DA EPIDEMIA COVID-19 NA,Agradecimentos,3,0,0,1,0,0,0,5,0
372 artigo ANALISE GRAFICA SIMPLIFICADA DA EVOLUCAO DA EPIDEMIA COVID-19 NA,Referências,36,3,7,5,2,0,3,77,1
373 artigo DETERMINACAO DA ACIDEZ DE CACHACAS COMERCIALIZADAS NA REGIAO DE,Introdução,22,2,2,5,0,0,1,31,0
373 artigo DETERMINACAO DA ACIDEZ DE CACHACAS COMERCIALIZADAS NA REGIAO DE,Materiais e Métodos,27,1,6,3,2,0,0,50,2
373 artigo DETERMINACAO DA ACIDEZ DE CACHACAS COMERCIALIZADAS NA REGIAO DE,Resultados e Discussão,121,1,21,15,6,1,5,193,1
373 artigo DETERMINACAO DA ACIDEZ DE CACHACAS COMERCIALIZADAS NA REGIAO DE,Conclusão,23,0,4,3,1,1,1,23,0
373 artigo DETERMINACAO DA ACIDEZ DE CACHACAS COMERCIALIZADAS NA REGIAO DE,Agradecimentos,0,0,0,0,0,0,0,0,0
373 artigo DETERMINACAO DA ACIDEZ DE CACHACAS COMERCIALIZADAS NA REGIAO DE,Referências,29,0,0,4,0,0,0,43,0
374 artigo DESGASTE DE ORGAOS ATIVOS DE IMPLEMENTOS AGRICOLAS FABRICADOS,Introdução,29,0,15,1,5,2,4,27,1
374 artigo DESGASTE DE ORGAOS ATIVOS DE IMPLEMENTOS AGRICOLAS FABRICADOS,Materiais e Métodos,28,2,5,3,1,1,1,55,0
374 artigo DESGASTE DE ORGAOS ATIVOS DE IMPLEMENTOS AGRICOLAS FABRICADOS,Resultados e Discussão,73,3,15,12,4,2,3,94,2
374 artigo DESGASTE DE ORGAOS ATIVOS DE IMPLEMENTOS AGRICOLAS FABRICADOS,Conclusão,93,1,28,12,5,2,5,72,0
374 artigo DESGASTE DE ORGAOS ATIVOS DE IMPLEMENTOS AGRICOLAS FABRICADOS,Agradecimentos,0,0,0,0,0,0,0,0,0
374 artigo DESGASTE DE ORGAOS ATIVOS DE IMPLEMENTOS AGRICOLAS FABRICADOS,Referências,19,2,0,7,0,0,0,38,1
375 artigo MORFOMETRIA DA SUB-BACIA DO RIACHO DA CRUZ,Introdução,26,3,3,9,2,1,3,51,3
375 artigo MORFOMETRIA DA SUB-BACIA DO RIACHO DA CRUZ,Materiais e Métodos,113,3,11,16,10,1,2,120,7
375 artigo MORFOMETRIA DA SUB-BACIA DO RIACHO DA CRUZ,Resultados e Discussão,39,0,6,2,2,1,6,42,5
375 artigo MORFOMETRIA DA SUB-BACIA DO RIACHO DA CRUZ,Conclusão,15,0,5,1,0,0,1,17,0
375 artigo MORFOMETRIA DA SUB-BACIA DO RIACHO DA CRUZ,Agradecimentos,7,0,0,3,0,0,0,9,0
375 artigo MORFOMETRIA DA SUB-BACIA DO RIACHO DA CRUZ,Referências,56,8,0,11,0,0,0,98,2
376 artigo INFLUENCIA DO USO DO SOLO E DA TOPOGRAFIA NA PERDA DE AGUA E SOLO,Introdução,51,0,11,12,1,0,2,52,1
376 artigo INFLUENCIA DO USO DO SOLO E DA TOPOGRAFIA NA PERDA DE AGUA E SOLO,Materiais e Métodos,114,1,16,27,6,0,6,115,3
376 artigo INFLUENCIA DO USO DO SOLO E DA TOPOGRAFIA NA PERDA DE AGUA E SOLO,Resultados e Discussão,67,0,13,14,5,0,1,58,0
376 artigo INFLUENCIA DO USO DO SOLO E DA TOPOGRAFIA NA PERDA DE AGUA E SOLO,Conclusão,30,0,9,11,4,0,1,32,0
376 artigo INFLUENCIA DO USO DO SOLO E DA TOPOGRAFIA NA PERDA DE AGUA E SOLO,Agradecimentos,6,0,0,0,0,0,0,6,0
376 artigo INFLUENCIA DO USO DO SOLO E DA TOPOGRAFIA NA PERDA DE AGUA E SOLO,Referências,44,0,0,11,0,0,1,72,0
377 artigo PROJETO TEO PROTEGIDO TRABALHO INTEGRADO ENTRE POLITICAS,Introdução,31,1,14,12,2,0,0,60,2
377 artigo PROJETO TEO PROTEGIDO TRABALHO INTEGRADO ENTRE POLITICAS,Materiais e Métodos,41,0,7,9,0,0,3,79,0
377 artigo PROJETO TEO PROTEGIDO TRABALHO INTEGRADO ENTRE POLITICAS,Resultados e Discussão,12,0,6,3,0,0,3,27,0
377 artigo PROJETO TEO PROTEGIDO TRABALHO INTEGRADO ENTRE POLITICAS,Conclusão,18,0,5,4,3,0,2,26,0
377 artigo PROJETO TEO PROTEGIDO TRABALHO INTEGRADO ENTRE POLITICAS,Agradecimentos,13,0,0,3,2,0,0,29,0
377 artigo PROJETO TEO PROTEGIDO TRABALHO INTEGRADO ENTRE POLITICAS,Referências,8,2,2,3,0,0,0,25,2
378 artigo RESIDENCIA PEDAGOGICA UM RELATO DE EXPERIENCIA COMA PLATAFORMAW O R D W A L L EM AULAS REMOTAS,Introdução,34,1,8,11,1,0,1,52,1
378 artigo RESIDENCIA PEDAGOGICA UM RELATO DE EXPERIENCIA COMA PLATAFORMAW O R D W A L L EM AULAS REMOTAS,Materiais e Métodos,98,1,27,18,8,2,7,116,1
378 artigo RESIDENCIA PEDAGOGICA UM RELATO DE EXPERIENCIA COMA PLATAFORMAW O R D W A L L EM AULAS REMOTAS,Resultados e Discussão,56,0,30,11,7,1,3,48,0
378 artigo RESIDENCIA PEDAGOGICA UM RELATO DE EXPERIENCIA COMA PLATAFORMAW O R D W A L L EM AULAS REMOTAS,Conclusão,21,0,8,4,2,1,4,16,0
378 artigo RESIDENCIA PEDAGOGICA UM RELATO DE EXPERIENCIA COMA PLATAFORMAW O R D W A L L EM AULAS REMOTAS,Agradecimentos,7,1,0,3,1,0,0,10,0
378 artigo RESIDENCIA PEDAGOGICA UM RELATO DE EXPERIENCIA COMA PLATAFORMAW O R D W A L L EM AULAS REMOTAS,Referências,36,1,1,10,0,0,1,54,0
379 artigo COR PADRAO E A EXCLUSAO DAS MULHERES PRETAS E PARDAS NA,Introdução,23,1,9,17,2,0,1,35,0
379 artigo COR PADRAO E A EXCLUSAO DAS MULHERES PRETAS E PARDAS NA,Materiais e Métodos,17,0,8,7,2,1,0,17,0
379 artigo COR PADRAO E A EXCLUSAO DAS MULHERES PRETAS E PARDAS NA,Resultados e Discussão,55,0,30,30,7,4,3,86,2
379 artigo COR PADRAO E A EXCLUSAO DAS MULHERES PRETAS E PARDAS NA,Conclusão,22,0,11,6,6,1,1,29,0
379 artigo COR PADRAO E A EXCLUSAO DAS MULHERES PRETAS E PARDAS NA,Agradecimentos,0,0,0,0,0,0,0,0,0
379 artigo COR PADRAO E A EXCLUSAO DAS MULHERES PRETAS E PARDAS NA,Referências,18,3,2,5,0,0,0,17,0
380 artigo DESENVOLVIMENTO E AVALIACAO FISICO-QUIMICA DE DOCEDE LEITE EMPASTA ACRESCIDO DE BIOMASSA DE BANANA VERDE,Introdução,54,2,13,17,6,2,1,69,4
380 artigo DESENVOLVIMENTO E AVALIACAO FISICO-QUIMICA DE DOCEDE LEITE EMPASTA ACRESCIDO DE BIOMASSA DE BANANA VERDE,Materiais e Métodos,55,0,12,14,5,0,6,71,0
380 artigo DESENVOLVIMENTO E AVALIACAO FISICO-QUIMICA DE DOCEDE LEITE EMPASTA ACRESCIDO DE BIOMASSA DE BANANA VERDE,Resultados e Discussão,62,1,25,33,6,5,7,63,3
380 artigo DESENVOLVIMENTO E AVALIACAO FISICO-QUIMICA DE DOCEDE LEITE EMPASTA ACRESCIDO DE BIOMASSA DE BANANA VERDE,Conclusão,28,0,10,10,4,1,3,44,0
380 artigo DESENVOLVIMENTO E AVALIACAO FISICO-QUIMICA DE DOCEDE LEITE EMPASTA ACRESCIDO DE BIOMASSA DE BANANA VERDE,Agradecimentos,0,0,0,0,0,0,0,0,0
380 artigo DESENVOLVIMENTO E AVALIACAO FISICO-QUIMICA DE DOCEDE LEITE EMPASTA ACRESCIDO DE BIOMASSA DE BANANA VERDE,Referências,68,8,4,20,0,0,0,79,0
381 artigo ANCESTRALIDADE PRESENTE NA OBRA ARTISTICA DE LIRA MARQUES,Introdução,60,0,15,15,3,0,3,73,0
381 artigo ANCESTRALIDADE PRESENTE NA OBRA ARTISTICA DE LIRA MARQUES,Materiais e Métodos,25,1,6,5,2,0,2,41,0
381 artigo ANCESTRALIDADE PRESENTE NA OBRA ARTISTICA DE LIRA MARQUES,Resultados e Discussão,110,1,57,23,13,5,5,127,0
381 artigo ANCESTRALIDADE PRESENTE NA OBRA ARTISTICA DE LIRA MARQUES,Conclusão,30,0,10,10,1,0,2,47,0
381 artigo ANCESTRALIDADE PRESENTE NA OBRA ARTISTICA DE LIRA MARQUES,Agradecimentos,10,0,3,0,2,0,0,20,0
381 artigo ANCESTRALIDADE PRESENTE NA OBRA ARTISTICA DE LIRA MARQUES,Referências,28,0,4,2,0,0,0,43,0
382 artigo PROJETOS DE TRABALHO EFETIV ACAO DE UMA PEDAGOGIA ALTERNATIV A,Introdução,50,0,14,6,1,2,4,70,0
382 artigo PROJETOS DE TRABALHO EFETIV ACAO DE UMA PEDAGOGIA ALTERNATIV A,Materiais e Métodos,65,0,18,10,3,0,6,101,0
382 artigo PROJETOS DE TRABALHO EFETIV ACAO DE UMA PEDAGOGIA ALTERNATIV A,Resultados e Discussão,156,0,41,22,5,2,11,224,0
382 artigo PROJETOS DE TRABALHO EFETIV ACAO DE UMA PEDAGOGIA ALTERNATIV A,Conclusão,6,0,3,3,0,0,1,11,0
382 artigo PROJETOS DE TRABALHO EFETIV ACAO DE UMA PEDAGOGIA ALTERNATIV A,Agradecimentos,0,0,0,0,0,0,0,0,0
382 artigo PROJETOS DE TRABALHO EFETIV ACAO DE UMA PEDAGOGIA ALTERNATIV A,Referências,19,0,0,3,0,0,0,19,0
383 artigo CONTRIBUICAO AO ESTUDO DA S ORIGEM NS DOS CAMPOS DE MURUNDUS NO,Introdução,25,2,7,8,7,1,2,39,2
383 artigo CONTRIBUICAO AO ESTUDO DA S ORIGEM NS DOS CAMPOS DE MURUNDUS NO,Materiais e Métodos,38,1,2,4,3,0,3,64,2
383 artigo CONTRIBUICAO AO ESTUDO DA S ORIGEM NS DOS CAMPOS DE MURUNDUS NO,Resultados e Discussão,132,1,41,34,23,9,11,216,3
383 artigo CONTRIBUICAO AO ESTUDO DA S ORIGEM NS DOS CAMPOS DE MURUNDUS NO,Conclusão,22,0,8,7,8,3,7,40,0
383 artigo CONTRIBUICAO AO ESTUDO DA S ORIGEM NS DOS CAMPOS DE MURUNDUS NO,Agradecimentos,0,0,0,0,0,0,0,0,0
383 artigo CONTRIBUICAO AO ESTUDO DA S ORIGEM NS DOS CAMPOS DE MURUNDUS NO,Referências,38,11,3,6,0,0,1,76,1
384 artigo MARKETING DIGITAL UM ESTUDO DE CASO EM UMA MICROEMPRESA DO,Introdução,160,2,75,56,21,2,10,165,8
384 artigo MARKETING DIGITAL UM ESTUDO DE CASO EM UMA MICROEMPRESA DO,Materiais e Métodos,26,0,5,7,2,1,0,22,3
384 artigo MARKETING DIGITAL UM ESTUDO DE CASO EM UMA MICROEMPRESA DO,Resultados e Discussão,95,0,47,25,18,7,5,83,0
384 artigo MARKETING DIGITAL UM ESTUDO DE CASO EM UMA MICROEMPRESA DO,Conclusão,28,0,18,11,3,1,1,38,0
384 artigo MARKETING DIGITAL UM ESTUDO DE CASO EM UMA MICROEMPRESA DO,Agradecimentos,0,0,0,0,0,0,0,0,0
384 artigo MARKETING DIGITAL UM ESTUDO DE CASO EM UMA MICROEMPRESA DO,Referências,43,1,4,14,1,0,1,77,0
385 artigo EM BUSCA DE NOVAS PRATICAS PEDAGOGICAS A IMPLEMENTACAODOSENSINAMENTOS DA ESCOLA DA PONTE EM ESCOLA MUNICIPALDA ZONARURAL,Introdução,161,2,64,40,10,8,11,169,3
385 artigo EM BUSCA DE NOVAS PRATICAS PEDAGOGICAS A IMPLEMENTACAODOSENSINAMENTOS DA ESCOLA DA PONTE EM ESCOLA MUNICIPALDA ZONARURAL,Materiais e Métodos,51,0,13,12,3,0,3,48,0
385 artigo EM BUSCA DE NOVAS PRATICAS PEDAGOGICAS A IMPLEMENTACAODOSENSINAMENTOS DA ESCOLA DA PONTE EM ESCOLA MUNICIPALDA ZONARURAL,Resultados e Discussão,61,1,23,18,7,7,4,54,0
385 artigo EM BUSCA DE NOVAS PRATICAS PEDAGOGICAS A IMPLEMENTACAODOSENSINAMENTOS DA ESCOLA DA PONTE EM ESCOLA MUNICIPALDA ZONARURAL,Conclusão,27,2,6,7,7,0,2,36,0
385 artigo EM BUSCA DE NOVAS PRATICAS PEDAGOGICAS A IMPLEMENTACAODOSENSINAMENTOS DA ESCOLA DA PONTE EM ESCOLA MUNICIPALDA ZONARURAL,Agradecimentos,0,0,0,0,0,0,0,0,0
385 artigo EM BUSCA DE NOVAS PRATICAS PEDAGOGICAS A IMPLEMENTACAODOSENSINAMENTOS DA ESCOLA DA PONTE EM ESCOLA MUNICIPALDA ZONARURAL,Referências,32,0,2,12,0,0,0,77,0
386 artigo QUALIDADE DE SEMENTES CRIOULAS DE FEIJAO ARMAZENADAS NO IFNMG,Introdução,59,1,13,14,8,1,1,67,4
386 artigo QUALIDADE DE SEMENTES CRIOULAS DE FEIJAO ARMAZENADAS NO IFNMG,Materiais e Métodos,25,0,4,6,3,0,2,31,1
386 artigo QUALIDADE DE SEMENTES CRIOULAS DE FEIJAO ARMAZENADAS NO IFNMG,Resultados e Discussão,119,2,29,17,14,1,6,134,3
386 artigo QUALIDADE DE SEMENTES CRIOULAS DE FEIJAO ARMAZENADAS NO IFNMG,Conclusão,9,0,2,6,0,0,0,17,0
386 artigo QUALIDADE DE SEMENTES CRIOULAS DE FEIJAO ARMAZENADAS NO IFNMG,Agradecimentos,0,0,0,0,0,0,0,0,0
386 artigo QUALIDADE DE SEMENTES CRIOULAS DE FEIJAO ARMAZENADAS NO IFNMG,Referências,57,1,2,7,0,0,1,190,1
