area_tematica,titulo_do_trabalho
"PIBIC-EM, PIBIC-Jr ou trabalho de pesquisa voluntário nível médio/técnico",DESENVOLVIMENTO DE UM JOGO DIGITAL EDUCATIVO PARA O ENSINO DE QUÍMICA: UMA ABORDAGEM INTERATIVA E GAMIFICADA PARA A APRENDIZAGEM DE CONCEITOS FUNDAMENTAIS
"PIBIC-EM, PIBIC-Jr ou trabalho de pesquisa voluntário nível médio/técnico",EXTRATO ALCOÓLICO DE PRÓPOLIS E ÓLEOS ESSENCIAIS COMO AGENTES DE BIOCONTROLE EM COMBATE AO FUNGO CANDIDA ALBICANS
"PIBIC-EM, PIBIC-Jr ou trabalho de pesquisa voluntário nível médio/técnico",EXPERIMENTAÇÃO COMO ESTRATÉGIA PARA O ENSINO DE FÍSICA NO IFNMG CAMPUS JANAÚBA
"PIBIC-EM, PIBIC-Jr ou trabalho de pesquisa voluntário nível médio/técnico",CAIXA DE CORES OCULTA
"PIBIC-EM, PIBIC-Jr ou trabalho de pesquisa voluntário nível médio/técnico",DETERMINAÇÃO EXPERIMENTAL DA ACELERAÇÃO DE UMA CARRINHO NO PLANO INCLINADO
"PIBIC-EM, PIBIC-Jr ou trabalho de pesquisa voluntário nível médio/técnico",INVASÃO ARBÓREA NO CERRADO: APLICAÇÃO DO ÍNDICE DE ÁREA FOLIAR (LAI) COMO INDICADOR ESTRUTURAL POR SENSORIAMENTO REMOTO
"PIBIC-EM, PIBIC-Jr ou trabalho de pesquisa voluntário nível médio/técnico",LABORATÓRIO DE PRÁTICAS PEDAGÓGICAS E METODOLOGIAS ATIVAS (LAPP) DO IFNMG/CAMPUS JANUÁRIA: UM PANORAMA DA UTILIZAÇÃO DESSE ESPAÇO DE ENSINO-APRENDIZAGEM
"PIBIC-EM, PIBIC-Jr ou trabalho de pesquisa voluntário nível médio/técnico",O CAMPO DE INDUÇÃO MAGNÉTICA COMO BENEFICIAMENTO SUSTENTÁVEL DO FEIJÃO-COMUM.
"PIBIC-EM, PIBIC-Jr ou trabalho de pesquisa voluntário nível médio/técnico",AVALIAÇÃO DO DESENVOLVIMENTO MORFOLÓGICO DO CAPIM-BUFFEL NO PERÍODO OUTONO-INVERNO
"PIBIC-EM, PIBIC-Jr ou trabalho de pesquisa voluntário nível médio/técnico",AVALIAÇÃO DAS CARACTERÍSTICAS PRODUTIVAS E ESTRUTURAIS DA PALMA FORRAGEIRA CV. IPA SERTÂNIA EM DIFERENTES FORMAS DE PROPAGAÇÃO
"PIBIC-EM, PIBIC-Jr ou trabalho de pesquisa voluntário nível médio/técnico",LEVANTAMENTO FITOSSOCIOLÓGICO DE PLANTAS DANINHAS EM PASTAGENS
"PIBIC-EM, PIBIC-Jr ou trabalho de pesquisa voluntário nível médio/técnico",AVALIAÇÃO DA QUALIDADE DE VIDA DE ESTUDANTES DE GRADUAÇÃO DE UMA INSTITUIÇÃO PÚBLICA DE ENSINO SUPERIOR POR MEIO DO WHOQOL-BREF
"PIBIC-EM, PIBIC-Jr ou trabalho de pesquisa voluntário nível médio/técnico",CONTRIBUIÇÕES DA ATIVIDADE FÍSICA PARA A QUALIDADE DE VIDA DE IDOSOS
"PIBIC-EM, PIBIC-Jr ou trabalho de pesquisa voluntário nível médio/técnico","BOI DE JANEIRO: CANÇÃO, TRADIÇÃO E CULTURA POPULAR NAS ESCOLAS DE SALINAS"
"PIBIC-EM, PIBIC-Jr ou trabalho de pesquisa voluntário nível médio/técnico","EDUCAÇÃO E IDENTIDADE QUILOMBOLA: PRÁTICAS PEDAGÓGICAS NA ESCOLA ESTADUAL MANOEL PEDRO DA SILVA, COMUNIDADE NOVA MATRONA"
"PIBIC-EM, PIBIC-Jr ou trabalho de pesquisa voluntário nível médio/técnico",PROTAGONISMO FEMININO NA EDUCAÇÃO INDÍGENA: A ATUAÇÃO DAS MULHERES DA COMUNIDADE CINTA VERMELHA JUNDIBÁ
"PIBIC-EM, PIBIC-Jr ou trabalho de pesquisa voluntário nível médio/técnico",PRESENÇA E PERMANÊNCIA DE ESTUDANTES COM DEFICIÊNCIA NO ENSINO SUPERIOR: ANÁLISE NO CONTEXTO DO IFNMG-CAMPUS PIRAPORA (2016-2025)
"PIBIC-EM, PIBIC-Jr ou trabalho de pesquisa voluntário nível médio/técnico",A REGIÃO NORTE DE MINAS GERAIS SOB ANÁLISE SINTETIZADA: O DESENVOLVIMENTO SOCIAL DOS MUNICÍPIOS
"PIBIC-EM, PIBIC-Jr ou trabalho de pesquisa voluntário nível médio/técnico",INVESTIGAÇÃO DOS MUNICÍPIOS BRASILEIROS: OS MULTIFATORES DA INFRAESTRUTURA URBANA E SEUS PADRÕES DE QUALIDADE
"PIBIC-EM, PIBIC-Jr ou trabalho de pesquisa voluntário nível médio/técnico",GEOESTATÍSTICA E REGIONALIZAÇÃO DO AGRAVAMENTO DAS INFECÇÕES POR DENGUE: O ESTADO DAS MINAS POR MEIO DA TECNOLOGIA GEOGRÁFICA
"PIBIC-EM, PIBIC-Jr ou trabalho de pesquisa voluntário nível médio/técnico",PREDISPOSIÇÃO HIERÁRQUICA PARA AS INFECÇÕES POR DENGUE: O CASO DO ESTADO DA BAHIA SOB EXAME ESTATÍSTICO
"PIBIC-EM, PIBIC-Jr ou trabalho de pesquisa voluntário nível médio/técnico",A CORRELAÇÃO DA CLASSIFICAÇÃO CLIMÁTICA DE KÖPPEN COM O ADOECIMENTO POR DENGUE: REGIONALIZAÇÃO DO BRASIL POR MEIO DE MÚLTIPLOS FATORES ESPACIAIS
"PIBIC-EM, PIBIC-Jr ou trabalho de pesquisa voluntário nível médio/técnico",PRODUÇÃO DE MATÉRIA SECA NO SISTEMA DE INTEGRAÇÃO LAVOURA-PECUÁRIA COM SORGO BRS 658 E CAPIM-PAIAGUÁS
"PIBIC-EM, PIBIC-Jr ou trabalho de pesquisa voluntário nível médio/técnico",INFLUÊNCIA DA INTENSIDADE LUMINOSA NO CRESCIMENTO MORFOLÓGICO DE FEIJÃO-CAUPI (VIGNA UNGUICULATA)
"PIBIC-EM, PIBIC-Jr ou trabalho de pesquisa voluntário nível médio/técnico",EFEITO DA ADUBAÇÃO QUÍMICA SOBRE AS CARACTERÍSTICAS ESTRUTURAIS DE CULTIVARES DE PALMA FORRAGEIRA
"PIBIC-EM, PIBIC-Jr ou trabalho de pesquisa voluntário nível médio/técnico",DIGITALIZAÇÃO E DEMOCRATIZAÇÃO DO ACESSO AOS SERVIÇOS BANCÁRIOS: UM ESTUDO EM UMA INSTITUIÇÃO FEDERAL DE ENSINO
"PIBIC-EM, PIBIC-Jr ou trabalho de pesquisa voluntário nível médio/técnico",PERFILHAMENTO DE CULTIVARES DO GÊNERO BRACHIARIA IRRIGADAS NO PERÍODO SECO
"PIBIC-EM, PIBIC-Jr ou trabalho de pesquisa voluntário nível médio/técnico",ENTREVISTA E DIÁLOGO COM AGRICULTORES FAMILIARES DA CIDADE DE JOAÍMA MINAS GERAIS.
"PIBIC-EM, PIBIC-Jr ou trabalho de pesquisa voluntário nível médio/técnico",PÓ DE ROCHA NO DESEMPENHO PRODUTIVO DE PLANTAS FORRAGEIRAS
"PIBIC-EM, PIBIC-Jr ou trabalho de pesquisa voluntário nível médio/técnico",DETERMINAÇÃO DO TEOR DE CAFEÍNA EM AMOSTRAS DE CAFÉ COM DIFERENTES TIPOS DE TORRAS COMERCIALIZADAS NO MUNICÍPIO DE MONTES CLAROS – MG
"PIBIC-EM, PIBIC-Jr ou trabalho de pesquisa voluntário nível médio/técnico","SIMULAÇÃO GLOBAL NO IFNMG-CAMPUS PIRAPORA: FORMAÇÃO CIDADÃ, CRÍTICA E GLOBAL"
"PIBIC-EM, PIBIC-Jr ou trabalho de pesquisa voluntário nível médio/técnico",DIFERENTES MÉTODOS DE CULTIVO DE IPÊ-ROSA (HANDROANTHUS HEPTAPHYLLUS) PARA ARBORIZAÇÃO E REFLORESTAMENTO
"PIBIC-EM, PIBIC-Jr ou trabalho de pesquisa voluntário nível médio/técnico",INFLUÊNCIA DE DIFERENTES RECIPIENTES NA QUALIDADE DE MUDAS E NO DESENVOLVIMENTO EM CAMPO DE KHAYA SENEGALENSIS
"PIBIC-EM, PIBIC-Jr ou trabalho de pesquisa voluntário nível médio/técnico",ESTRELAS NA NOITE DO BRASIL: MÚSICA E ENSINO DE HISTÓRIA DA DITADURA MILITAR (1964-1985)
"PIBIC-EM, PIBIC-Jr ou trabalho de pesquisa voluntário nível médio/técnico","ADICÇÃO EM INTERNET, EM REDES SOCIAIS OU EM SMARTPHONE? TERCEIRO ANO DE UMA ANÁLISE PROSPECTIVA"
"PIBIC-EM, PIBIC-Jr ou trabalho de pesquisa voluntário nível médio/técnico",DISTRIBUIÇÃO ESPAÇO-TEMPORAL DE APHIS GOSSYPII E COCCINELLIDAE EM ALGODÃO NO VALE DO JEQUITINHONHA
"PIBIC-EM, PIBIC-Jr ou trabalho de pesquisa voluntário nível médio/técnico",AVALIAÇÃO DA PERCEPÇÃO DE CONCEPÇÕES E PRÁTICAS DA COLETA SELETIVA NO MUNICÍPIO DE DIAMANTINA- MG
"PIBIC-EM, PIBIC-Jr ou trabalho de pesquisa voluntário nível médio/técnico",EFEITO DO FUNGO ENTOMOPATOGÊNICO BEAUVERIA BASSIANA EM PUPAS DE SPODOPTERA FRUGIPERDA
"PIBIC-EM, PIBIC-Jr ou trabalho de pesquisa voluntário nível médio/técnico",DETERMINAÇÃO DAS ÁREAS PRIORITÁRIAS À CONSERVAÇÃO NA BACIA DO RIO MOSQUITO
"PIBIC-EM, PIBIC-Jr ou trabalho de pesquisa voluntário nível médio/técnico",QUALIDADE FISIOLÓGICA DE SEMENTES SALVAS (S2) DE FEIJÕES CAUPI CULTIVADAS NA REGIÃO DO BAIXO JEQUITINHONHA
"PIBIC-EM, PIBIC-Jr ou trabalho de pesquisa voluntário nível médio/técnico",MODELAGEM DE UX/UI PARA UM APLICATIVO DE CREDENCIAMENTO ACADÊMICO: UMA EXPERIÊNCIA CENTRADA NO USUÁRIO
"PIBIC-EM, PIBIC-Jr ou trabalho de pesquisa voluntário nível médio/técnico",AS CARACTERÍSTICAS DO AMBIENTE E SUA RELAÇÃO COM A OCORRÊNCIA DE FOCOS DE INCÊNCIO NO CERRADO EM MINAS GERAIS
"PIBIC-EM, PIBIC-Jr ou trabalho de pesquisa voluntário nível médio/técnico",SEQUÊNCIA DIDÁTICA INVESTIGATIVA SOBRE DIFERENÇA DE QUADRADOS: UM RELATO DE PRÁTICA NO ENSINO FUNDAMENTAL
"PIBIC-EM, PIBIC-Jr ou trabalho de pesquisa voluntário nível médio/técnico",O REMANESCENTE QUILOMBOLA MARGEM DA LINHA EM TEÓFILO OTONI-MG: PRIMEIRAS APROXIMAÇÕES DE UMA PESQUISA EM CONSTRUÇÃO
"PIBIC-EM, PIBIC-Jr ou trabalho de pesquisa voluntário nível médio/técnico",DINÂMICA DA COBERTURA VEGETAL NA APA MATA DO KRAMBECK ENTRE 2015 E 2025 POR MEIO DA SUBTRAÇÃO DE IMAGENS NDVI
"PIBIC-EM, PIBIC-Jr ou trabalho de pesquisa voluntário nível médio/técnico",METODOLOGIAS ATIVAS NO ENSINO DE CIÊNCIAS: O USO DO FILME OSMOSE JONES COMO FERRAMENTA FACILITADORA DA APRENDIZAGEM.
"PIBIC-EM, PIBIC-Jr ou trabalho de pesquisa voluntário nível médio/técnico",INTELIGÊNCIA ARTIFICIAL CONTRA FAKE NEWS: A LUTA PELA VERDADE E PELA SEGURANÇA NAS REDES SOCIAIS
"PIBIC-EM, PIBIC-Jr ou trabalho de pesquisa voluntário nível médio/técnico",DINÂMICA DA COBERTURA VEGETAL NA APA DO RIO PANDEIROS ENTRE 2015 E 2025 POR MEIO DA SUBTRAÇÃO DE IMAGENS NDVI
"PIBIC-EM, PIBIC-Jr ou trabalho de pesquisa voluntário nível médio/técnico",VOZES DO VALE DO GURUTUBA: HISTÓRIAS E SABERES ANCESTRAIS
"PIBIC-EM, PIBIC-Jr ou trabalho de pesquisa voluntário nível médio/técnico",DESEMPENHO ESCOLAR DOS ESTUDANTES DO ENSINO MÉDIO: APOIO SOCIAL E FAMILIAR
"PIBIC-EM, PIBIC-Jr ou trabalho de pesquisa voluntário nível médio/técnico",DESENVOLVIMENTO E ANÁLISE DE FOGUETES DE GARRAFA PET PARA ENSINO E PESQUISA EM SUSTENTABILIDADE AMBIENTAL
"PIBIC-EM, PIBIC-Jr ou trabalho de pesquisa voluntário nível médio/técnico",COMPARAÇÃO DA REPRESENTATIVIDADE DE AMOSTRAS COMPOSTAS (ALBITA E XISTO) POR QUARTEAMENTO MANUAL DE PILHAS CÔNICAS E QUARTEADOR RIFLE.
"PIBIC-EM, PIBIC-Jr ou trabalho de pesquisa voluntário nível médio/técnico",ROBÔ TREINADOR PARA TÊNIS DE MESA
"PIBIC-EM, PIBIC-Jr ou trabalho de pesquisa voluntário nível médio/técnico",ANÁLISE COMPARATIVA ENTRE AS PROPRIEDADES DAS MADEIRAS DE PINUS E JATOBÁ PARA A APLICAÇÃO NA CONSTRUÇÃO
"PIBIC-EM, PIBIC-Jr ou trabalho de pesquisa voluntário nível médio/técnico",GERMINAÇÃO DE SEMENTES DE MIMOSA TENUIFLORA SUBMETIDAS A DIFERENTES MÉTODOS DE SUPERAÇÃO DE DORMÊNCIA
"PIBIC-EM, PIBIC-Jr ou trabalho de pesquisa voluntário nível médio/técnico",MODELAGEM MATEMÁTICA: EXPLORANDO A CONSTRUÇÃO DE UM AEROMODELO
"PIBIC-EM, PIBIC-Jr ou trabalho de pesquisa voluntário nível médio/técnico",VIABILIDADE DA GERMINAÇÃO DE SEMENTES DE AMBURANA CEARENSIS EM DIFERENTES TEMPOS DE ARMAZENAMENTO
"PIBIC-EM, PIBIC-Jr ou trabalho de pesquisa voluntário nível médio/técnico",INDICES DE INFESTAÇÃO DE MOSCAS DAS FRUTAS E SUAS INTERAÇÕES TRÓFICAS NO IFNMG - CAMPUS JANUÁRIA
"PIBIC-EM, PIBIC-Jr ou trabalho de pesquisa voluntário nível médio/técnico",INFLUÊNCIA DA TERMOTOLERÂNCIA NA GERMINAÇÃO DE CULTIVARES DE FEIJÃO CAUPI NO SEMIARIDO MINEIRO
"PIBIC-EM, PIBIC-Jr ou trabalho de pesquisa voluntário nível médio/técnico",FITOTOXICIDADE EM PLANTAS DE AMENDOIM IAC TATU EM RESPOSTA À PRESENÇA DE SILÍCIO E ALUMÍNIO EM SOLO DE CULTIVO
"PIBIC-EM, PIBIC-Jr ou trabalho de pesquisa voluntário nível médio/técnico",DETERMINAÇÃO DAS CARACTERÍSTICAS FÍSICAS E MORFOMETRIA DA BACIA HIDROGRÁFICA DA BARRAGEM DA COPASA EM DIAMANTINA/MG: ANÁLISE DO USO E OCUPAÇÃO DO SOLO EM 1985 E 2023 E ELABORAÇÃO DO MAPA HIPSOMÉTRICO
"PIBIC, PIBIC-AF, PIBIT ou trabalho de pesquisa voluntário nível superior/tecnólogo",VITRINE DE PROJETOS: UMA PLATAFORMA ACADÊMICA MODULAR PARA GESTÃO E DIVULGAÇÃO DE INICIATIVAS INSTITUCIONAIS
"PIBIC, PIBIC-AF, PIBIT ou trabalho de pesquisa voluntário nível superior/tecnólogo",ROBÓTICA E DESENVOLVIMENTO DE SOFT SKILLS EM ESTUDANTES DO ENSINO MÉDIO
"PIBIC, PIBIC-AF, PIBIT ou trabalho de pesquisa voluntário nível superior/tecnólogo",IMPACTO DO USO DE ROBÓTICA EDUCACIONAL NO ENSINO DA FÍSICA
"PIBIC, PIBIC-AF, PIBIT ou trabalho de pesquisa voluntário nível superior/tecnólogo",DESENVOLVIMENTO DE UM KIT ROBÓTICO PARA OFICINAS DE ROBÓTICA EDUCACIONAL NO ENSINO FUNDAMENTAL
"PIBIC, PIBIC-AF, PIBIT ou trabalho de pesquisa voluntário nível superior/tecnólogo",DESEMPENHO DE CLONES DE PALMA FORRAGEIRA NAS CONDIÇÕES EDAFOCLIMÁTICAS DE JANUÁRIA-MG
"PIBIC, PIBIC-AF, PIBIT ou trabalho de pesquisa voluntário nível superior/tecnólogo",EFICIÊNCIA DE MÉTODOS PRÉ-GERMINATIVOS NA REMOÇÃO DA MUCILAGEM E DO ARILO SOBRE A EMERGÊNCIA DE PLÂNTULAS DE MARACUJÁ AZEDO
"PIBIC, PIBIC-AF, PIBIT ou trabalho de pesquisa voluntário nível superior/tecnólogo",PERFIL SOCIOECONÔMICO DE CONSUMIDORES DE FRUTAS NO MUNICÍPIO DE ALMENARA-MG
"PIBIC, PIBIC-AF, PIBIT ou trabalho de pesquisa voluntário nível superior/tecnólogo",USO DE LIDAR ORBITAL (GEDI) NA AVALIAÇÃO DE ESTRUTURA DA VEGETAÇÃO NO CERRADO
"PIBIC, PIBIC-AF, PIBIT ou trabalho de pesquisa voluntário nível superior/tecnólogo",IDENTIFICAÇÃO DE PONTOS ANATÔMICOS USANDO VISÃO COMPUTACIONAL
"PIBIC, PIBIC-AF, PIBIT ou trabalho de pesquisa voluntário nível superior/tecnólogo",DESAFIOS DO ACESSO E DA PERMANÊNCIA NO ENSINO SUPERIOR: UMA ANÁLISE DO PERFIL ESTUDANTIL NO IFNMG – CAMPUS MONTES CLAROS
"PIBIC, PIBIC-AF, PIBIT ou trabalho de pesquisa voluntário nível superior/tecnólogo","LINGUAGEM PROLOG E ENSINO DE MATEMÁTICA: INTERSEÇÕES ENTRE COMPUTAÇÃO, LÓGICA E EDUCAÇÃO"
"PIBIC, PIBIC-AF, PIBIT ou trabalho de pesquisa voluntário nível superior/tecnólogo",ANÁLISE MELISSOPALINOLÓGICA DE UM APIÁRIO NO MUNICÍPIO DE ARINOS - MG
"PIBIC, PIBIC-AF, PIBIT ou trabalho de pesquisa voluntário nível superior/tecnólogo",QUALIDADE MICROBIOLÓGICA DA ÁGUA DE POÇOS ARTESIANOS E CISTERNAS DE CAPTAÇÃO DE ÁGUA DE CHUVA DE UMA COMUNIDADE RURAL DO MUNICÍPIO DE JANUÁRIA-MG
"PIBIC, PIBIC-AF, PIBIT ou trabalho de pesquisa voluntário nível superior/tecnólogo",QUALIDADE MICROBIOLÓGICA DO LEITE CRU PRODUZIDO EM UM LATICÍNIO NO MUNICÍPIO DE JANUÁRIA-MG
"PIBIC, PIBIC-AF, PIBIT ou trabalho de pesquisa voluntário nível superior/tecnólogo","AVALIAÇÃO DO NÍVEL DE CONHECIMENTO SOBRE ESQUISTOSSOMOSE EM UMA ESCOLA PÚBLICA DO DISTRITO DE SÃO JOAQUIM, MUNICÍPIO DE JANUÁRIA-MG"
"PIBIC, PIBIC-AF, PIBIT ou trabalho de pesquisa voluntário nível superior/tecnólogo",QUALIDADE MICROBIOLÓGICA DE QUEIJO MINAS FRESCAL PRODUZIDO EM UM MUNICÍPIO DA REGIÃO NORTE DO ESTADO DE MINAS GERAIS
"PIBIC, PIBIC-AF, PIBIT ou trabalho de pesquisa voluntário nível superior/tecnólogo",UTILIZAÇÃO DE LABORATÓRIOS PRÁTICOS PARA O PROCESSO DE APRENDIZAGEM DE ESTUDANTES DO CURSO DE LICENCIATURA EM CIÊNCIAS BIOLÓGICAS DO IFNMG CAMPUS JANUÁRIA
"PIBIC, PIBIC-AF, PIBIT ou trabalho de pesquisa voluntário nível superior/tecnólogo",AVALIAÇÃO DA HIGIENIZAÇÃO DAS MÃOS PARA CONTROLE DE INFECÇÃO EM UMA UNIDADE DE SAÚDE NO MUNICÍPIO DE JANUÁRIA-MG
"PIBIC, PIBIC-AF, PIBIT ou trabalho de pesquisa voluntário nível superior/tecnólogo",UTILIZAÇÃO DE EXTRATO DE CYMBOPOGON CITRATUS COMO LARVICIDA NO CONTROLE DE AEDES AEGYPTI
"PIBIC, PIBIC-AF, PIBIT ou trabalho de pesquisa voluntário nível superior/tecnólogo",QUALIDADE DO AR AMBIENTAL EM ESTABELECIMENTOS COMERCIAIS DA CIDADE DE JANUÁRIA-MG
"PIBIC, PIBIC-AF, PIBIT ou trabalho de pesquisa voluntário nível superior/tecnólogo",CONTAMINAÇÃO DE MAÇANETAS DE PORTAS EM UMA ESCOLA PÚBLICA DO MUNICÍPIO DE JANUÁRIA-MG
"PIBIC, PIBIC-AF, PIBIT ou trabalho de pesquisa voluntário nível superior/tecnólogo",QUALIDADE DA ÁGUA ARMAZENADA EM CISTERNAS DE PLACAS DE UMA COMUNIDADE RURAL DO MUNICÍPIO DE CONÊGO MARINHO-MG
"PIBIC, PIBIC-AF, PIBIT ou trabalho de pesquisa voluntário nível superior/tecnólogo",ANÁLISE MULTIVARIADA DE COMPONENTES DE RENDIMENTO DO AMENDOIM CV. IAC OL3 SOB DIFERENTES ARRANJOS DE PLANTIO
"PIBIC, PIBIC-AF, PIBIT ou trabalho de pesquisa voluntário nível superior/tecnólogo",WEB SCRAPING E VISUALIZAÇÃO DE DADOS METEOROLÓGICOS: UMA APLICAÇÃO PRÁTICA PARA INMET E ANA
"PIBIC, PIBIC-AF, PIBIT ou trabalho de pesquisa voluntário nível superior/tecnólogo",IMPACTO DA ORIENTAÇÃO E DO SOMBREAMENTO NA PERFORMANCE DE CARPORTS SOLARES: ESTUDO DE CASO NO IFNMG – CAMPUS MONTES CLAROS
"PIBIC, PIBIC-AF, PIBIT ou trabalho de pesquisa voluntário nível superior/tecnólogo",BIOETANOL DE TERCEIRA GERAÇÃO: POTENCIAL DA MICROALGA EUGLENA GRACILIS
"PIBIC, PIBIC-AF, PIBIT ou trabalho de pesquisa voluntário nível superior/tecnólogo",AVALIAÇÃO E OTIMIZAÇÃO DOS PARÂMETROS OPERACIONAIS DA PRODUÇÃO DE BIO-HIDROGÊNIO A PARTIR DE MICROALGAS
"PIBIC, PIBIC-AF, PIBIT ou trabalho de pesquisa voluntário nível superior/tecnólogo",AUTOMAÇÃO DE AR CONDICIONADOS COM CONTROLE REMOTO INTELIGENTE E BLOQUEIO DE INTERFERÊNCIAS EXTERNAS
"PIBIC, PIBIC-AF, PIBIT ou trabalho de pesquisa voluntário nível superior/tecnólogo",EFEITO DE DOSES DE FÓSFORO E ZINCO NOS CARACTERES AGRONÔMICOS E NODULAÇÃO DE BACTÉRIAS DIAZOTRÓFICAS EM AMENDOIM IAC ST TATU.
"PIBIC, PIBIC-AF, PIBIT ou trabalho de pesquisa voluntário nível superior/tecnólogo",VALIDAÇÃO DO PROCESSO DE INFERÊNCIA BAYESIANA DO SOFTWARE KSPLIT UTILIZANDO PYTHON
"PIBIC, PIBIC-AF, PIBIT ou trabalho de pesquisa voluntário nível superior/tecnólogo",DESENVOLVIMENTO DE UM SPINNER DE BAIXO CUSTO PARA DEPOSIÇÃO DE FILMES POLIMÉRICOS
"PIBIC, PIBIC-AF, PIBIT ou trabalho de pesquisa voluntário nível superior/tecnólogo",ESTUDO RETROSPECTIVO DE CASOS DE LEPTOSPIROSE NO BRASIL E NO ESTADO DE SÃO PAULO DURANTE ANOS DE 2020 A 2024
"PIBIC, PIBIC-AF, PIBIT ou trabalho de pesquisa voluntário nível superior/tecnólogo",ANÁLISE DA CONTAMINAÇÃO MICROBIOLÓGICA EM MAÇANETAS DE PORTAS DO IFNMG CAMPUS JANUÁRIA.
"PIBIC, PIBIC-AF, PIBIT ou trabalho de pesquisa voluntário nível superior/tecnólogo",ESTUDO HISTÓRICO-CONCEITUAL E TEÓRICO-APLICADO DA QED
"PIBIC, PIBIC-AF, PIBIT ou trabalho de pesquisa voluntário nível superior/tecnólogo",AVALIAÇÃO DE PAINÉIS SOLARES COM AUXÍLIO DE CÂMERAS TERMOGRÁFICAS E INTELIGÊNCIA ARTIFICIAL
"PIBIC, PIBIC-AF, PIBIT ou trabalho de pesquisa voluntário nível superior/tecnólogo",DESENVOLVIMENTO DE UM SISTEMA MODULAR DE AQUAPONIA COM IA PARA PROMOÇÃO DA AGRICULTURA SUSTENTÁVEL
"PIBIC, PIBIC-AF, PIBIT ou trabalho de pesquisa voluntário nível superior/tecnólogo",SUBSTRATOS ORGÂNICOS ASSOCIADOS AO ÁCIDO INDOLBUTÍRICO NA PRODUÇÃO DE MUDAS POR ESTAQUIA DE PITAIA DE POLPA VERMELHA EM AMBIENTE PROTEGIDO
"PIBIC, PIBIC-AF, PIBIT ou trabalho de pesquisa voluntário nível superior/tecnólogo","DESEMPENHO AGRONÔMICO E FITOTÉCNICO DAS CULTIVARES DE MANDIOCA BRS 417, 418, 419 E 420 NO VALE DO JEQUITINHONHA"
"PIBIC, PIBIC-AF, PIBIT ou trabalho de pesquisa voluntário nível superior/tecnólogo",DINÂMICA DE CARBONO ORGÂNICO EM LATOSSOLOS E CAMBISSOLOS DO BAIXO JEQUITINHONHA
"PIBIC, PIBIC-AF, PIBIT ou trabalho de pesquisa voluntário nível superior/tecnólogo","SUSCEPTIBILIDADE DE CINCO GENÓTIPOS DE BANANA À INFESTAÇÃO POR BROCA-DO-RIZOMA NAS CONDIÇÕES DO MUNICÍPIO DE ALMENARA, MINAS GERAIS"
"PIBIC, PIBIC-AF, PIBIT ou trabalho de pesquisa voluntário nível superior/tecnólogo",EFICIÊNCIA DE ARMADILHAS ATRATIVAS NO MONITORAMENTO DA BROCA-DO-RIZOMA EM BANANAL
"PIBIC, PIBIC-AF, PIBIT ou trabalho de pesquisa voluntário nível superior/tecnólogo",EFEITO DE DIFERENTES COMBINAÇÕES DE SUBSTRATOS E RECIPIENTES NO DESENVOLVIMENTO DE MUDAS DE MARACUJAZEIRO AMARELO
"PIBIC, PIBIC-AF, PIBIT ou trabalho de pesquisa voluntário nível superior/tecnólogo",QUALIDADE FÍSICA DE SEMENTES SALVAS (S2) DE FEIJÕES-CAUPI CULTIVADAS NA REGIÃO DO BAIXO JEQUITINHONHA
"PIBIC, PIBIC-AF, PIBIT ou trabalho de pesquisa voluntário nível superior/tecnólogo",AVANÇOS NA PRODUÇÃO DE ETANOL DE SEGUNDA GERAÇÃO: UMA ANÁLISE DA EVOLUÇÃO TECNOLÓGICA GLOBAL E DAS INOVAÇÕES ENZIMÁTICAS (1978–2025)
"PIBIC, PIBIC-AF, PIBIT ou trabalho de pesquisa voluntário nível superior/tecnólogo",RELATÓRIO EXPERIMENTAL: DETERMINAÇÃO DA ENTALPIA DE VAPORIZAÇÃO DA ÁGUA POR EQUILÍBRIO LÍQUIDO - VAPOR
"PIBIC, PIBIC-AF, PIBIT ou trabalho de pesquisa voluntário nível superior/tecnólogo",IDENTIFICAÇÃO E SEGMENTAÇÃO DE SEMENTES DE CAPIM-BUFFEL COM YOLOV11 PARA ANÁLISE DE PUREZA FÍSICA
"PIBIC, PIBIC-AF, PIBIT ou trabalho de pesquisa voluntário nível superior/tecnólogo",AVALIAÇÃO TOXICOLÓGICA E FARMACOCINÉTICA IN SILICO DO CEFTIOFUR NA SAÚDE HUMANA E AMBIENTAL
"PIBIC, PIBIC-AF, PIBIT ou trabalho de pesquisa voluntário nível superior/tecnólogo",CELULARES NA ESCOLA: RESTRIÇÃO LEGAL E USO PEDAGÓGICO SOB PERSPECTIVA DOCENTE E CONSIDERAÇÕES SOBRE A IMPLEMENTAÇÃO DA LEI Nº 15.100/2025 NA E.E. PROF. ONÉSIMO BASTOS NA CIDADE DE JANUÁRIA - MG
"PIBIC, PIBIC-AF, PIBIT ou trabalho de pesquisa voluntário nível superior/tecnólogo",AVALIAÇÃO COMPARATIVA DE AMOSTRAGEM ESTRATIFICADA PONDERADA VERSUS PROPORCIONAL EM REDUÇÃO DE DADOS DE MULTICLASSE EM AMBIENTES DE INTERNET DAS COISAS
"PIBIC, PIBIC-AF, PIBIT ou trabalho de pesquisa voluntário nível superior/tecnólogo",COMPARAÇÃO DA EFICIÊNCIA DE ADSORÇÃO DE HIDROGÊNIO EM MATERIAIS OBTIDOS DE FONTES RECICLÁVEIS E NÃO RECICLÁVEIS
"PIBIC, PIBIC-AF, PIBIT ou trabalho de pesquisa voluntário nível superior/tecnólogo",FAZENDA DE IMPRESSÃO 3D - UM NOVO MÉTODO DE MANUFATURA E INDÚSTRIA 4.0
"PIBIC, PIBIC-AF, PIBIT ou trabalho de pesquisa voluntário nível superior/tecnólogo",O AMOR AO DNHEIRO E SUA RELAÇÃO COM O NÍVEL DE SATISFAÇÃO SALARIAL DOS SERVIDORES PÚBLICOS DO IFNMG CAMPUS JANUÁRIA: UMA ANÁLISE ECONOMÉTRICA
"PIBIC, PIBIC-AF, PIBIT ou trabalho de pesquisa voluntário nível superior/tecnólogo",O USO DAS TECNOLOGIAS DIGITAIS DE INFORMAÇÃO E COMUNICAÇÃO NO CURSO DE CIÊNCIAS BIOLÓGICAS NA PÓS PANDEMIA: UM ESTUDO DE CASO
"PIBIC, PIBIC-AF, PIBIT ou trabalho de pesquisa voluntário nível superior/tecnólogo",O USO DAS TECNOLOGIAS DIGITAIS DE INFORMAÇÃO E COMUNICAÇÃO NO CURSO DE CIÊNCIAS BIOLÓGICAS NA PÓS PANDEMIA: UM ESTUDO DE CASO
"PIBIC, PIBIC-AF, PIBIT ou trabalho de pesquisa voluntário nível superior/tecnólogo",AVALIAÇÃO DAS PROPRIEDADES FÍSICO-QUÍMICAS DO MEL COMERCIALIZADO NOS MUNICÍPIOS DE ALMENARA E JEQUITINHONHA–MG
"PIBIC, PIBIC-AF, PIBIT ou trabalho de pesquisa voluntário nível superior/tecnólogo",VIABILIDADE ECONÔMICA DO APROVEITAMENTO DO SORO DE LEITE PARA PRODUÇÃO DE BEBIDA LÁCTEA: ESTUDO DE CASO EM UMA INSTITUIÇÃO DE ENSINO TÉCNICO E SUPERIOR
"PIBIC, PIBIC-AF, PIBIT ou trabalho de pesquisa voluntário nível superior/tecnólogo",AVALIAÇÃO DO TRATAMENTO BIOLÓGICO DE ESGOTO DE UM POSTO DE GASOLINA A PARTIR DO USO DA TECNOLOGIA BIOETE DE UMA EMPRESA DE SANEAMENTO
"PIBIC, PIBIC-AF, PIBIT ou trabalho de pesquisa voluntário nível superior/tecnólogo",AVALIAÇÃO TOXICOLÓGICA IN SILICO HUMANA E AMBIENTAL PARA O ANTIBIÓTICO ENROFLOXACINA
"PIBIC, PIBIC-AF, PIBIT ou trabalho de pesquisa voluntário nível superior/tecnólogo",CONDUTIVIDADE HIDRÁULICA E POROSIDADE DRENÁVEL DO SOLO DE UMA ÁREA DO CAMPUS - JANUÁRIA IFNMG .
"PIBIC, PIBIC-AF, PIBIT ou trabalho de pesquisa voluntário nível superior/tecnólogo",SUBSTITUIÇÃO PARCIAL DA AREIA POR RESÍDUO DE VIDRO RECICLADO EM ARGAMASSA CIMENTÍCIA
"PIBIC, PIBIC-AF, PIBIT ou trabalho de pesquisa voluntário nível superior/tecnólogo",CARACTERIZAÇÃO FÍSICO-HÍDRICA DOS SOLOS EM UMA BACIA HIDROGRÁFICA EXPERIMENTAL (RESULTADOS PRELIMINARES)
"PIBIC, PIBIC-AF, PIBIT ou trabalho de pesquisa voluntário nível superior/tecnólogo","""ENTRE O DIAGNÓSTICO E O CONTROLE: PANORAMA EPIDEMIOLÓGICO DA LEISHMANIOSE TEGUMENTAR AMERICANA EM TEÓFILO OTONI, MG (2020 A 2024)"
"PIBIC, PIBIC-AF, PIBIT ou trabalho de pesquisa voluntário nível superior/tecnólogo",PADRÕES DE OCORRÊNCIA DA FEBRE AMARELA NO BRASIL DE 2020 A 2025: ANÁLISE EPIDEMIOLÓGICA
"PIBIC, PIBIC-AF, PIBIT ou trabalho de pesquisa voluntário nível superior/tecnólogo",ANÁLISE EPIDEMIOLÓGICA DE ACIDENTES OFÍDICOS EM MINAS GERAIS: UM ESTUDO RETROSPECTIVO DE 2020 A 2024
"PIBIC, PIBIC-AF, PIBIT ou trabalho de pesquisa voluntário nível superior/tecnólogo",LEISHMANIOSE TEGUMENTAR AMERICANA EM JANUÁRIA (MG): TENDÊNCIAS E DESAFIOS ENTRE 2020 E 2024
"PIBIC, PIBIC-AF, PIBIT ou trabalho de pesquisa voluntário nível superior/tecnólogo","ANÁLISE DA CONTAMINAÇÃO BACTERIANA DO SÊMEN, PREPÚCIO E PÊNIS DE REPRODUTORES SUÍNOS"
"PIBIC, PIBIC-AF, PIBIT ou trabalho de pesquisa voluntário nível superior/tecnólogo",MODELAGEM MOLECULAR E ESTUDO TOXICOLÓGICO IN SILICO HUMANO E AMBIENTAL PARA OS ANTIBIÓTICOS TRIMETOPRIMA E SULFADOXINA
"PIBIC, PIBIC-AF, PIBIT ou trabalho de pesquisa voluntário nível superior/tecnólogo",UTILIZAÇÃO DE GEOTECNOLOGIAS PARA O MAPEAMENTO DE ÁREAS SUSCETÍVEIS AOS ALAGAMENTOS E INUNDAÇÕES NO MUNICÍPIO DE PIRAPORA
"PIBIC, PIBIC-AF, PIBIT ou trabalho de pesquisa voluntário nível superior/tecnólogo",SUPLEMENTAÇÃO A PASTO NA RECRIA E SEU IMPACTO NA TERMINAÇÃO EM CONFINAMENTO
"PIBIC, PIBIC-AF, PIBIT ou trabalho de pesquisa voluntário nível superior/tecnólogo",ADUBO VERDE COMO ESTRATÉGIA PARA MELHORIA DA QUIMICA DO SOLO NAS CONDIÇÕES EDAFOCLIMATICAS DE JANUÁRIA.
"PIBIC, PIBIC-AF, PIBIT ou trabalho de pesquisa voluntário nível superior/tecnólogo",DESEMPENHO DE NOVILHOS NELORE SUBMETIDOS A DIFERENTES NÍVEIS DE SUPLEMENTAÇÃO PROTEICO-ENERGÉTICA NA FASE DE RECRIA A PASTO.
"PIBIC, PIBIC-AF, PIBIT ou trabalho de pesquisa voluntário nível superior/tecnólogo",AVALIAÇÃO FITOQUÍMICA DO EXTRATO HIDROALCOÓLICO DE STRYPHNODENDRON ADSTRINGENS
"PIBIC, PIBIC-AF, PIBIT ou trabalho de pesquisa voluntário nível superior/tecnólogo","MULTIDISCIPLINARIDADE, FORMAÇÃO DOCENTE E ATUAÇÃO DO PROFESSOR BACHAREL NO FORTALECIMENTO DA EDUCAÇÃO PROFISSIONAL E TECNOLÓGICA: UM OLHAR A PARTIR DO IFNMG - CAMPUS JANUÁRIA"
"PIBIC, PIBIC-AF, PIBIT ou trabalho de pesquisa voluntário nível superior/tecnólogo",TRILHA CELULAR: A GAMIFICAÇÃO COMO FERRAMENTA NO ENSINO DA CITOLOGIA
"PIBIC, PIBIC-AF, PIBIT ou trabalho de pesquisa voluntário nível superior/tecnólogo",DIFERENTES CONCENTRAÇÕES DE BIOFILME A BASE DE QUITOSANA: INFLUÊNCIA NA PERDA DE MASSA DO UMBU
"PIBIC, PIBIC-AF, PIBIT ou trabalho de pesquisa voluntário nível superior/tecnólogo","ALTURA DE PLANTA, TAMANHO DO CAPÍTULO E RENDIMENTO DE GRÃOS DE HÍBRIDOS DE GIRASSOL NA REGIÃO DO SEMIÁRIO MINEIRO"
"PIBIC, PIBIC-AF, PIBIT ou trabalho de pesquisa voluntário nível superior/tecnólogo",ESTUDO PRELIMINAR SOBRE A ATUAÇÃO DA APITOXINA EM STAPHYLOCOCCUS AUREUS DE LEITE MASTÍTICO
"PIBIC, PIBIC-AF, PIBIT ou trabalho de pesquisa voluntário nível superior/tecnólogo",A BRINCADEIRA “CABRA-CEGA” NA EDUCAÇÃO INFANTIL: UM RELATO DO PIBID
"PIBIC, PIBIC-AF, PIBIT ou trabalho de pesquisa voluntário nível superior/tecnólogo",PROPRIEDADES TERMOFÍSICAS DE FRUTAS TROPICAIS: EFEITO DA DESIDRATAÇÃO E ORIENTAÇÃO ESTRUTURAL NA CONDUTIVIDADE TÉRMICA
"PIBIC, PIBIC-AF, PIBIT ou trabalho de pesquisa voluntário nível superior/tecnólogo","MODELAGEM DA CINÉTICA DE SECAGEM DE FRUTAS TROPICAIS (BANANA, MANGA E ABACAXI) UTILIZANDO O MODELO DE PAGE"
"PIBIC, PIBIC-AF, PIBIT ou trabalho de pesquisa voluntário nível superior/tecnólogo","PERFIL QUÍMICO DE CACHAÇAS PRODUZIDAS COM LEVEDURAS SELECIONADAS: DETERMINAÇÃO DE CARBAMATO DE ETILA, COBRE, ÁLCOOL REAL E ACIDEZ VOLÁTIL"
"PIBIC, PIBIC-AF, PIBIT ou trabalho de pesquisa voluntário nível superior/tecnólogo",SÍNTESE DE NANOESTRUTURAS DE ÓXIDO DE TITÂNIO E ANTIMÔNIO VIA COMBUSTÃO EM SOLUÇÃO
"PIBIC, PIBIC-AF, PIBIT ou trabalho de pesquisa voluntário nível superior/tecnólogo",ESTRATÉGIAS PARA O USO DE BIBLIOTECAS VIRTUAIS NO ENSINO DE FÍSICA: POTENCIALIZANDO A PESQUISA E O APRENDIZADO ACADÊMICO
"PIBIC, PIBIC-AF, PIBIT ou trabalho de pesquisa voluntário nível superior/tecnólogo",A FERMENTAÇÃO E FUNCIONALIDADE: O PAPEL DOS MICRORGANISMOS NA PRODUÇÃO DE ALIMENTOS: PERCEPÇÃO DOS ESTUDANTES DA ESCOLA PROFESSORA ZINA
"PIBIC, PIBIC-AF, PIBIT ou trabalho de pesquisa voluntário nível superior/tecnólogo","DESENVOLVIMENTO DO NUTRITRACK, UM SISTEMA WEB PARA MONITORAMENTO NUTRICIONAL COM CÁLCULO DE METAS CALÓRICAS DIÁRIAS PERSONALIZADAS"
"PIBIC, PIBIC-AF, PIBIT ou trabalho de pesquisa voluntário nível superior/tecnólogo",PLATAFORMA ROBÓTICA DE NAVEGAÇÃO AUTÔNOMA E BAIXO CUSTO PARA INICIAÇÃO CIENTÍFICA
"PIBIC, PIBIC-AF, PIBIT ou trabalho de pesquisa voluntário nível superior/tecnólogo",COMPORTAMENTO INGESTIVO DE NOVILHOS EM CONFINAMENTO SOB DIETAS COM E SEM VOLUMOSO
"PIBIC, PIBIC-AF, PIBIT ou trabalho de pesquisa voluntário nível superior/tecnólogo",A PERSPECTIVA DOCENTE ACERCA DO PAPEL DA LEITURA NA FORMAÇÃO HUMANA
"PIBIC, PIBIC-AF, PIBIT ou trabalho de pesquisa voluntário nível superior/tecnólogo",PREDIÇÃO DE GENE LÍDER NA INFECÇÃO POR INFLUENZA VÍRUS SUÍNO: ANÁLISE BIOINFORMÁTICA
"PIBIC, PIBIC-AF, PIBIT ou trabalho de pesquisa voluntário nível superior/tecnólogo",CARACTERIZAÇÃO MORFOMÉTRICA DA BACIA DO RIO PERUAÇU - MG
"PIBIC, PIBIC-AF, PIBIT ou trabalho de pesquisa voluntário nível superior/tecnólogo","ESTIMATIVA DE VAZÃO MÍNIMA PARA O RIO PANDEIROS -MG PELO MÉTODO Q7,10, Q90 E Q95"
"PIBIC, PIBIC-AF, PIBIT ou trabalho de pesquisa voluntário nível superior/tecnólogo",DIVULGAÇÃO CIENTÍFICA E ENGAJAMENTO SOCIAL NA ENGENHARIA FLORESTAL POR MEIO DA EXTENSÃO UNIVERSITÁRIA
"PIBIC, PIBIC-AF, PIBIT ou trabalho de pesquisa voluntário nível superior/tecnólogo",O USO DO GEOGEBRA NO ENSINO DE TRANSFORMAÇÕES LINEARES
"PIBIC, PIBIC-AF, PIBIT ou trabalho de pesquisa voluntário nível superior/tecnólogo",ZONEAMENTO AGROCLIMÁTICO DA CULTURA DO ABACAXI PARA A REGIÃO DO MÉDIO JEQUITINHONHA
"PIBIC, PIBIC-AF, PIBIT ou trabalho de pesquisa voluntário nível superior/tecnólogo",ANÁLISE DO TRABALHO EM CICLOS TERMODINÂMICOS VIA INTEGRAL DE LINHA
"PIBIC, PIBIC-AF, PIBIT ou trabalho de pesquisa voluntário nível superior/tecnólogo",ANÁLISE COMPARATIVA DA PRODUÇÃO DE ETANOL A PARTIR DA CANA-DE-AÇÚCAR E MILHO NO BRASIL
"PIBIC, PIBIC-AF, PIBIT ou trabalho de pesquisa voluntário nível superior/tecnólogo",COMPARAÇÃO DE ABORDAGENS DETERMINÍSTICAS E META-HEURÍSTICAS NO PLANEJAMENTO FLORESTAL: ALGORITMO BRANCH AND BOUND
"PIBIC, PIBIC-AF, PIBIT ou trabalho de pesquisa voluntário nível superior/tecnólogo",APLICAÇÃO DE CÁLCULO NUMÉRICO EM ELETROMAGNETISMO: SIMULAÇÃO COMPUTACIONAL DE LINHAS DE CAMPO ELÉTRICO VIA PYTHON
"PIBIC, PIBIC-AF, PIBIT ou trabalho de pesquisa voluntário nível superior/tecnólogo",BUSCA TABU COM UMA NOVA VIZINHANÇA PARA O PROBLEMA JUST-IN-TIME JOB SHOP SCHEDULING
"PIBIC, PIBIC-AF, PIBIT ou trabalho de pesquisa voluntário nível superior/tecnólogo",PREDIÇÃO DE SAÍDA DE LEITO NA PREVISÃO DE QUEDA EM IDOSOS: UM MODELO HÍBRIDO COM ENSEMBLE LEARNING E CONJUNTOS NEBULOSOS
"PIBIC, PIBIC-AF, PIBIT ou trabalho de pesquisa voluntário nível superior/tecnólogo",ÁREAS POTENCIAIS DE RECARGA NA BACIA HIDROGRÁFICA DO RIO PARDO
"PIBIC, PIBIC-AF, PIBIT ou trabalho de pesquisa voluntário nível superior/tecnólogo",INSTRUMENTAÇÃO E MODELAGEM COMPUTACIONAL DE UMA TORRE DE RESFRIAMENTO EM CFD
"PIBIC, PIBIC-AF, PIBIT ou trabalho de pesquisa voluntário nível superior/tecnólogo",ÍNDICE DE PERIGO DE INCÊNDIO FLORESTAL: APLICAÇÃO EM UMA ÁREA EXPERIMENTAL DO IFNMG – CAMPUS SALINAS
"PIBIC, PIBIC-AF, PIBIT ou trabalho de pesquisa voluntário nível superior/tecnólogo",CARACTERIZAÇÃO BIOMÉTRICA E FISIOLÓGICA DE SEMENTES DE GENÓTIPOS DE FEIJÃO-COMUM (PHASEOLUS VULGARIS L.) CULTIVADOS NO VALE DO JEQUITINHONHA – MG
"PIBIC, PIBIC-AF, PIBIT ou trabalho de pesquisa voluntário nível superior/tecnólogo",GESTSPORT: UMA SOLUÇÃO DIGITAL PARA GESTÃO DE ATIVIDADES ESPORTIVAS MUNICIPAIS
"PIBIC, PIBIC-AF, PIBIT ou trabalho de pesquisa voluntário nível superior/tecnólogo",GESTORIZE - UMA SOLUÇÃO PARA EMPRESAS EM ALMENARA
"PIBIC, PIBIC-AF, PIBIT ou trabalho de pesquisa voluntário nível superior/tecnólogo",REDESENHANDO EXPERIÊNCIAS NO SISTEMA PHARUS: UMA ABORDAGEM DE UX/UI PARA GESTÃO DE EVENTOS ACADÊMICOS
"PIBIC, PIBIC-AF, PIBIT ou trabalho de pesquisa voluntário nível superior/tecnólogo",REESTRUTURAÇÃO DO BACKEND DO SISTEMA PHARUS: BOAS PRÁTICAS DE ENGENHARIA DE SOFTWARE APLICADAS AO CONTEXTO ACADÊMICO
"PIBIC, PIBIC-AF, PIBIT ou trabalho de pesquisa voluntário nível superior/tecnólogo",ALUMÍNIO EM FRUTOS NATIVOS DO CERRADO: UMA INVESTIGAÇÃO SOBRE ACÚMULO E CONSUMO HUMANO
"PIBIC, PIBIC-AF, PIBIT ou trabalho de pesquisa voluntário nível superior/tecnólogo",ESPECIALIZAÇÃO DA OCORRÊNCIA DE FITONEMATÓIDES EM ÁREAS SEM USO AGRÍCOLA E COM PLANTIO DE FRUTÍFERAS NO IFNMG CAMPUS JANUÁRIA
"PIBIC, PIBIC-AF, PIBIT ou trabalho de pesquisa voluntário nível superior/tecnólogo",PRODUTIVIDADE DO MILHO EM RESPOSTA A APLICAÇÃO DE NITROGÊNIO E À INOCULAÇÃO COM AZOSPIRILLUM BRASILENSE E BACILLUS SUBTILIS
"PIBIC, PIBIC-AF, PIBIT ou trabalho de pesquisa voluntário nível superior/tecnólogo",COMPARAÇÃO DE DESEMPENHO DA ESPECTROSCOPIA NAS FAIXAS VIS-NIR E MIR PARA PREDIÇÃO DE ATRIBUTOS DO SOLO EM ÁREAS NATIVAS E DE MANEJO
"PIBIC, PIBIC-AF, PIBIT ou trabalho de pesquisa voluntário nível superior/tecnólogo",EFEITO DO HIDROXIMETILFURFURAL EM BACTÉRIAS TOTAIS DE LEITE MASTÍTICO: UM ESTUDO PRELIMINAR
"PIBIC, PIBIC-AF, PIBIT ou trabalho de pesquisa voluntário nível superior/tecnólogo",SISTEMA AUTOMATIZADO PARA CARACTERIZAÇÃO ELÉTRICA DE DIODOS DE POLIANILINA UTILIZANDO PLATAFORMA ARDUÍNO
"PIBIC, PIBIC-AF, PIBIT ou trabalho de pesquisa voluntário nível superior/tecnólogo",DELIMITAÇÃO DE ZONAS DE MANEJO NA CULTURA DA BANANA USANDO ATRIBUTOS FÍSICO-QUÍMICOS E TOPOGRÁFICOS DO SOLO
"PIBIC, PIBIC-AF, PIBIT ou trabalho de pesquisa voluntário nível superior/tecnólogo",PATOGENICIDADE CRUZADA DE FUSARIUM OXYSPORUM DE GRÃO-DE-BICO COM DIFERENTES MÉTODOS DE INOCULAÇÃO E A REAÇÃO DE GENÓTIPOS DE FEIJÃO-COMUM
"PIBIC, PIBIC-AF, PIBIT ou trabalho de pesquisa voluntário nível superior/tecnólogo","DESEMPENHO AGRONÔMICO DA CENOURA (DAUCUS CAROTA L.), EM SOLO NATURALMENTE INFESTADO POR FITONEMATOIDES."
"PIBIC, PIBIC-AF, PIBIT ou trabalho de pesquisa voluntário nível superior/tecnólogo","COMPARAÇÃO DA PRODUTIVIDADE DA CENOURA (DAUCUS CAROTA L.), E BETERRABA (BETA VULGARIS L.), EM SOLOS COM INFESTAÇÃO NATURAL DE NEMATÓIDES"
"PIBIC, PIBIC-AF, PIBIT ou trabalho de pesquisa voluntário nível superior/tecnólogo",RENDIMENTO DE APITOXINA PELO MÉTODO DE COLETA ELÉTRICA EM APIÁRIOS DO VALE DO JEQUITINHONHA
"PIBIC, PIBIC-AF, PIBIT ou trabalho de pesquisa voluntário nível superior/tecnólogo",FUNDAMENTOS E TENDÊNCIAS TECNOLÓGICAS PARA ANÁLISE DE SENTIMENTOS COM LLMS
"PIBIC, PIBIC-AF, PIBIT ou trabalho de pesquisa voluntário nível superior/tecnólogo",DESENVOLVIMENTO E ESTUDO DE APLICAÇÃO DE UM APLICATIVO DE COMUNICAÇÃO AUMENTATIVA E ALTERNATIVA
"PIBIC, PIBIC-AF, PIBIT ou trabalho de pesquisa voluntário nível superior/tecnólogo",USO DE MODELOS DE APRENDIZAGEM DE MÁQUINA PARA ANÁLISE E PREDIÇÃO DE VOLUME DA ÁRVORE TECTONA GRANDIS
"PIBIC, PIBIC-AF, PIBIT ou trabalho de pesquisa voluntário nível superior/tecnólogo",DIVERSIDADE DE GÊNERO E SEXUALIDADE: PERSPECTIVAS TEÓRICAS E SOCIAIS EM JOGOS DIGITAIS.
"PIBIC, PIBIC-AF, PIBIT ou trabalho de pesquisa voluntário nível superior/tecnólogo",A CRIAÇÃO DE UM JOGO DIGITAL COMO ESTRATÉGIA MOTIVACIONAL NOS CURSOS DE COMPUTAÇÃO
"PIBIC, PIBIC-AF, PIBIT ou trabalho de pesquisa voluntário nível superior/tecnólogo",A LEI DE COTAS NO IFNMG-CAMPUS JANUÁRIA: UMA REFLEXÃO NECESSÁRIA A PARTIR DOS COTISTAS
"PIBIC, PIBIC-AF, PIBIT ou trabalho de pesquisa voluntário nível superior/tecnólogo",MODELAGEM MOLECULAR E ESTUDO TOXICOLÓGICO IN SILICO AMBIENTAL E HUMANO PARA O ANTIBIÓTICO CEFOVECINA
"PIBIC, PIBIC-AF, PIBIT ou trabalho de pesquisa voluntário nível superior/tecnólogo",UTILIZAÇÃO DE MICROCONTROLADOR STM32WLE5JC COM COMUNICAÇÃO LORA PARA APLICAÇÃO EM IOT
"PIBIC, PIBIC-AF, PIBIT ou trabalho de pesquisa voluntário nível superior/tecnólogo",A EDUCAÇÃO FÍSICA NO DESENVOLVIMENTO DO PENSAMENTO GEOMÉTRICO
"PIBIC, PIBIC-AF, PIBIT ou trabalho de pesquisa voluntário nível superior/tecnólogo",CONTAÇÃO DE HISTÓRIA NO PIBID: UMA VIVÊNCIA COM A LETRA H
"PIBIC, PIBIC-AF, PIBIT ou trabalho de pesquisa voluntário nível superior/tecnólogo",PHARUS CREDENCIAMENTO – UMA APLICATIVO PARA CREDENCIAMENTO DE DE PARTICIPANTES EM EVENTOS GERENCIADOS PELO SISTEMA PHARUS
"PIBIC, PIBIC-AF, PIBIT ou trabalho de pesquisa voluntário nível superior/tecnólogo",ESTIMATIVA DE CRESCIMENTO POPULACIONAL A PARTIR DA VARIAÇÃO NO CONSUMO DE ÁGUA: IMPACTOS NO PLANEJAMENTO URBANO E SOCIOAMBIENTAL EM ARINOS-MG
"PIBIC, PIBIC-AF, PIBIT ou trabalho de pesquisa voluntário nível superior/tecnólogo",ESTIMATIVA DA EVAPOTRANSPIRAÇÃO POR MEIO DE SENSORIAMENTO REMOTO: UMA ABORDAGEM PARA O MANEJO DA ÁGUA NO NOROESTE DE MINAS GERAIS
"PIBIC, PIBIC-AF, PIBIT ou trabalho de pesquisa voluntário nível superior/tecnólogo",DITADO DIVERTIDO E A ALFABETIZAÇÃO LÚDICA: UMA EXPERIÊNCIA NO PIBID
"PIBIC, PIBIC-AF, PIBIT ou trabalho de pesquisa voluntário nível superior/tecnólogo",CRESCIMENTO E CARACTERIZAÇÃO DE CRISTAIS DA FAMÍLIA DO SAL DE TUTTON DOPADOS COM B E AG
"PIBIC, PIBIC-AF, PIBIT ou trabalho de pesquisa voluntário nível superior/tecnólogo","A MENSTRUAÇÃO EM SUAS DIMENSÕES SOCIAL, HISTÓRICA CULTURAL E A RESSIGNIFICAÇÃO DECOLONIAL"
"PIBIC, PIBIC-AF, PIBIT ou trabalho de pesquisa voluntário nível superior/tecnólogo",DESENVOLVIMENTO E IMPLEMENTAÇÃO DE UM WEBSITE PARA O LABORATÓRIO DISPLAY DO IFNMG CAMPUS JANUÁRIA: UMA PLATAFORMA DE DIVULGAÇÃO CIENTÍFICA E INTERAÇÃO COM A COMUNIDADE ACADÊMICA
"PIBIC, PIBIC-AF, PIBIT ou trabalho de pesquisa voluntário nível superior/tecnólogo",EFEITO DO TEMPO DE IMERSÃO NA EFICIÊNCIA DE EXTRAÇÃO DA POLPA DE BARU (DIPTERYX ALATA VOG.)
"PIBIC, PIBIC-AF, PIBIT ou trabalho de pesquisa voluntário nível superior/tecnólogo",A TUTORIA PRESENCIAL NA EDUCAÇÃO A DISTÂNCIA: UMA NARRATIVA A DUAS VOZES NA LICENCIATURA EM PEDAGOGIA DO POLO BOCAIUVA/IFNMG
"PIBIC, PIBIC-AF, PIBIT ou trabalho de pesquisa voluntário nível superior/tecnólogo",TERMOTOLERÂNCIA EM DIFERENTES VARIEDADES DE FEIJÃO CAUPI: EFEITO NA MASSA FRESCA DA PARTE AÉREA E DA RADICULA
"PIBIC, PIBIC-AF, PIBIT ou trabalho de pesquisa voluntário nível superior/tecnólogo","ANÁLISE DE LIVROS DIDÁTICOS DE BIOLOGIA CONSIDERANDO OS ASPECTOS CTSA (CIÊNCIA, TECNOLOGIA, SOCIEDADE E AMBIENTE)"
"PIBIC, PIBIC-AF, PIBIT ou trabalho de pesquisa voluntário nível superior/tecnólogo",MONITORAMENTO DE PIGMENTOS FOTOSSINTÉTICOS NA CULTURA DA BANANA USANDO SENSORIAMENTO REMOTO ORBITAL
"PIBIC, PIBIC-AF, PIBIT ou trabalho de pesquisa voluntário nível superior/tecnólogo",OCORRÊNCIA E PERFIL DOS ACIDENTES OFÍDICOS E ARANEÍDICOS NO ESTADO DE MINAS GERAIS
"PIBIC, PIBIC-AF, PIBIT ou trabalho de pesquisa voluntário nível superior/tecnólogo",CARACTERIZAÇÃO E NÍVEL TECNOLÓGICO DOS APICULTORES DE JANUÁRIA – MINAS GERAIS
"PIBIC, PIBIC-AF, PIBIT ou trabalho de pesquisa voluntário nível superior/tecnólogo",JOGO “UNO DA FÍSICA” : UMA PROPOSTA PARA O APRENDIZAGEM DE DINÂMICA E LEIS DE NEWTON
"PIBIC, PIBIC-AF, PIBIT ou trabalho de pesquisa voluntário nível superior/tecnólogo","JOGO ""UNO DA FÍSICA"": UMA PROPOSTA PARA APRENDIZAGEM DE DINÂMICA E LEIS DE NEWTON"
"PIBIC, PIBIC-AF, PIBIT ou trabalho de pesquisa voluntário nível superior/tecnólogo",TERMOTOLERÂNCIA EM DIFERENTES VARIEDADES DE FEIJÃO CAUPI: EFEITO NA MASSA SECA DA PARTE AÉREA E DA RADÍCULA
"PIBIC, PIBIC-AF, PIBIT ou trabalho de pesquisa voluntário nível superior/tecnólogo",AS EXPERIÊNCIAS NA PRAIA DE JANUÁRIA: AVALIAÇÃO EPERSPECTIVAS PARA O FORTALECIMENTO DO TURISMO LOCAL
"PIBIC, PIBIC-AF, PIBIT ou trabalho de pesquisa voluntário nível superior/tecnólogo",DENSIDADE DE PLANTIO NO MANEJO DO FEIJÃO MUNGO-VERDE (VIGNA RADIATA) CULTIVADO NO SEMIÁRIDO DE MINAS GERAIS
"PIBIC, PIBIC-AF, PIBIT ou trabalho de pesquisa voluntário nível superior/tecnólogo",IDENTIDADE DOCENTE EM CONSTRUÇÃO: FORMAÇÃO INICIAL E PERCURSO PROFISSIONAL DE PROFESSORES DE MATEMÁTICA EM JAPONVAR
"PIBIC, PIBIC-AF, PIBIT ou trabalho de pesquisa voluntário nível superior/tecnólogo",VARIABILIDADE ESPACIAL DE ATRIBUTOS FÍSICO-QUÍMICOS DO SOLO EM BANANAL IRRIGADO
"PIBIC, PIBIC-AF, PIBIT ou trabalho de pesquisa voluntário nível superior/tecnólogo",MELIPONICULTURA E MULHERES: FORTALECIMENTO DA CADEIA APÍCOLA DO VALE DO JEQUITINHONHA
"PIBIC, PIBIC-AF, PIBIT ou trabalho de pesquisa voluntário nível superior/tecnólogo",ANÁLISE COMPARATIVA E OPERACIONAL DO PROGRAMA DE AQUISIÇÃO DE ALIMENTOS (PAA) EM JANUÁRIA-MG
"PIBIC, PIBIC-AF, PIBIT ou trabalho de pesquisa voluntário nível superior/tecnólogo",CONCENTRAÇÃO DE LÍTIO E MONITORAMENTO DA QUALIDADE DA ÁGUA E SEDIMENTOS DO RIO PIAUÍ INFLUENCIADO POR ATIVIDADES MINERÁRIAS
"PIBIC, PIBIC-AF, PIBIT ou trabalho de pesquisa voluntário nível superior/tecnólogo",MOSCAS DAS FRUTAS E SUAS INTERAÇÕES TRITRÓFICAS NO IFNMG - CAMPUS JANUÁRIA
"PIBIC, PIBIC-AF, PIBIT ou trabalho de pesquisa voluntário nível superior/tecnólogo",ALTURA E DIÂMETRO DA HASTE PRINCIPAL DE VARIEDADES DE AMENDOIM (ARACHIS HYPOGEA L.) CULTIVADAS EM REGIME DE SEQUEIRO NO SEMIÁRIDO MINEIRO
"PIBIC, PIBIC-AF, PIBIT ou trabalho de pesquisa voluntário nível superior/tecnólogo",DESENVOLVIMENTO DE PLÂNTULAS DE ORMOSIA ARBOREA OBTIDAS EM DIFERENTES CONDIÇÕES DE TRANSPLANTE E SUBSTRATO
"PIBIC, PIBIC-AF, PIBIT ou trabalho de pesquisa voluntário nível superior/tecnólogo",CAPACIDADE DE ENRAIZAMENTO DE ESTACAS DE ESPÉCIES NATIVAS DE MATA DE GALERIA PARA USO EM OBRAS DE BIOENGENHARIA
"PIBIC, PIBIC-AF, PIBIT ou trabalho de pesquisa voluntário nível superior/tecnólogo",QUALIDADE DA ÁGUA DE DIFERENTES FONTES DE RECURSOS HÍDRICOS NA CONVIVÊNCIA COM A SECA DO SEMIÁRIDO MINEIRO
"PIBIC, PIBIC-AF, PIBIT ou trabalho de pesquisa voluntário nível superior/tecnólogo",DESENVOLVIMENTO DE FORMULAÇÕES DE MAIONESE UTILIZANDO MÉTODO ESTATÍSTICO DE MISTURA
"PIBIC, PIBIC-AF, PIBIT ou trabalho de pesquisa voluntário nível superior/tecnólogo",DESENVOLVIMENTO DE INSTRUMENTOS DE MEDIDAS PARA LABORATÓRIOS
"PIBIC, PIBIC-AF, PIBIT ou trabalho de pesquisa voluntário nível superior/tecnólogo",DETECÇÃO AUTOMATIZADA DE FAKE NEWS EM REDES SOCIAIS UTILIZANDO ALGORITMOS DE APRENDIZADO DE MÁQUINA E PROCESSAMENTO DE LINGUAGEM NATURAL.
"PIBIC, PIBIC-AF, PIBIT ou trabalho de pesquisa voluntário nível superior/tecnólogo",SÍNTESE DE ESTRUTURAS MESOPOROSAS DE VO2/PD PARA USO EM MEMBRANAS DE ELETROLISADOR DE HIDROGÊNIO VERDE
"PIBIC, PIBIC-AF, PIBIT ou trabalho de pesquisa voluntário nível superior/tecnólogo",PERFIS CULTURAIS DE ESTUDANTES COMO SUBSÍDIO À TOMADA DE DECISÃO NO ÂMBITO ESCOLAR: UMA ABORDAGEM COM CRISP-EDM
"PIBIC, PIBIC-AF, PIBIT ou trabalho de pesquisa voluntário nível superior/tecnólogo",FERRAMENTA GAMIFICADA DE GESTÃO DE LABORATÓRIOS DE PESQUISA
"PIBIC, PIBIC-AF, PIBIT ou trabalho de pesquisa voluntário nível superior/tecnólogo",ANÁLISE DE DADOS PARA PREVISÃO DE DOENÇAS CARDIOVASCULARES UTILIZANDO MACHINE LEARNING
"PIBIC, PIBIC-AF, PIBIT ou trabalho de pesquisa voluntário nível superior/tecnólogo",AVALIAÇÃO DE GRÃOS DE CULTIVARES DE FEIJÃO CAUPI PARA O NORTE DE MINAS GERAIS: SAFRA 2024
"PIBIC, PIBIC-AF, PIBIT ou trabalho de pesquisa voluntário nível superior/tecnólogo",DESENVOLVIMENTO DE JOGO DIGITAL EDUCACIONAL 3D PARA PROMOÇÃO DE ENGAJAMENTO E PREVENÇÃO DE COMPORTAMENTOS NEGATIVOS NO ENSINO FUNDAMENTAL
"PIBIC, PIBIC-AF, PIBIT ou trabalho de pesquisa voluntário nível superior/tecnólogo",PRODUTOS APÍCOLAS DO VALE DO JEQUITINHONHA COM POTENCIAL PARA INDICAÇÃO GEOGRÁFICA
"PIBIC, PIBIC-AF, PIBIT ou trabalho de pesquisa voluntário nível superior/tecnólogo",A UTILIZAÇÃO DO LIVRO DIDÁTICO POR PROFESSORES DE MATEMÁTICA NO ENSINO MÉDIO: UMA ANÁLISE NAS ESCOLAS ESTADUAIS DE JANUÁRIA (MG)
"PIBIC, PIBIC-AF, PIBIT ou trabalho de pesquisa voluntário nível superior/tecnólogo","DESENVOLVIMENTO DE CULTIVARES PARA O AGRONEGÓCIO DO FEIJÃO-CAUPI, NO SEMIÁRIDO DE MINAS GERAIS: SAFRA 2025"
"PIBIC, PIBIC-AF, PIBIT ou trabalho de pesquisa voluntário nível superior/tecnólogo",RELAÇÃO DO TEOR DE UMIDADE DE UM LATOSSOLO ARENOSO EM DIFERENTES CONDIÇÕES DE USO
"PIBIC, PIBIC-AF, PIBIT ou trabalho de pesquisa voluntário nível superior/tecnólogo",ANÁLISE DA COBERTURA VEGETAL DA APA DO LAGEDÃO ENTRE OS ANOS 2015 E 2025 POR MEIO DE IMAGENS NDVI
"PIBIC, PIBIC-AF, PIBIT ou trabalho de pesquisa voluntário nível superior/tecnólogo",AVALIAÇÃO DA COBERTURA VEGETAL NA APA DA SERRA DO SABONETAL ENTRE OS ANOS 2015 E 2025 POR MEIO DE IMAGENS NDVI
"PIBIC, PIBIC-AF, PIBIT ou trabalho de pesquisa voluntário nível superior/tecnólogo",CONTRIBUIÇÕES PARA A ANÁLISE DE ESTABILIDADE DE EDIFÍCIOS DE CONCRETO ARMADO E EFEITOS DE SEGUNDA ORDEM
"PIBIC, PIBIC-AF, PIBIT ou trabalho de pesquisa voluntário nível superior/tecnólogo",ECOS ANCESTRAIS: RESGATANDO AS RAÍZES E TECENDO MEMÓRIAS NO VALE DO GURUTUBA
"PIBIC, PIBIC-AF, PIBIT ou trabalho de pesquisa voluntário nível superior/tecnólogo",UTILIZAÇÃO DO FILME OPPENHEIMER COMO RECURSO DIDÁTICO EM AULAS DE FÍSICA MODERNA E CONTEMPORÂNEA
"PIBIC, PIBIC-AF, PIBIT ou trabalho de pesquisa voluntário nível superior/tecnólogo",DINHEIRO DE PLASTICO E ENDIVIDAMENTO ESTUDANTIL: ANÁLISE ESTATÍSTICA INFERENCIAL À LUZ DA ECONOMIA COMPORTAMENTAL E DA EDUCAÇÃO FINANCEIRA.
"PIBIC, PIBIC-AF, PIBIT ou trabalho de pesquisa voluntário nível superior/tecnólogo",DIÂMETRO DE HASTE PRINCIPAL DE CULTIVARES DE AMENDOIM NO SEMIÁRIDO MINEIRO
"PIBIC, PIBIC-AF, PIBIT ou trabalho de pesquisa voluntário nível superior/tecnólogo",CIANAMIDA HIDROGENADA NA BROTAÇÃO E FLORAÇÃO DA MACIEIRA ‘EVA’ NA REGIÃO SEMIÁRIDA DE MINAS GERAIS
"PIBIC, PIBIC-AF, PIBIT ou trabalho de pesquisa voluntário nível superior/tecnólogo",DINÂMICA DA COBERTURA VEGETAL NA TERRA INDÍGENA XAKRIABÁ RANCHARIA ENTRE 2015 E 2025 POR MEIO DA SUBTRAÇÃO DE IMAGENS NDVI
"PIBIC, PIBIC-AF, PIBIT ou trabalho de pesquisa voluntário nível superior/tecnólogo",CALIBRAÇÃO DE SENSOR DE UMIDADE DO SOLO COM MICROCONTROLADOR ARDUINO
"PIBIC, PIBIC-AF, PIBIT ou trabalho de pesquisa voluntário nível superior/tecnólogo",RELAÇÃO DA LEITURA DO CLOROFILÔMETRO NA FOLHA DO CAPIAÇU (PENNISETUMPURPUREUM) E O TEOR DE FÓSFORO DO SOLO
"PIBIC, PIBIC-AF, PIBIT ou trabalho de pesquisa voluntário nível superior/tecnólogo",INFLUÊNCIA DE ESPAÇAMENTO E DENSIDADE DE PLANTIO NA NODULAÇÃO EM VARIEDADES DE AMENDOIM CV. IAC OL3 CULTIVADO NO NORTE DE MINAS GERAIS
"PIBIC, PIBIC-AF, PIBIT ou trabalho de pesquisa voluntário nível superior/tecnólogo",ESPODULAB: KIT EDUCATIVO DE MINERAIS LITINÍFEROS DO VALE DO JEQUITINHONHA
"PIBIC, PIBIC-AF, PIBIT ou trabalho de pesquisa voluntário nível superior/tecnólogo",AVALIAÇÃO DA INFLUÊNCIA DO TEMPO DE PENEIRAMENTO EM AGITADOR DE BANCADA NA SEPARAÇÃO GRANULOMÉTRICA DE XISTO
"PIBIC, PIBIC-AF, PIBIT ou trabalho de pesquisa voluntário nível superior/tecnólogo",EFEITOS DA PANDEMIA DE COVID-19 NOS CRIMES SEXUAIS CONTRA CRIANÇAS E ADOLESCENTES: UMA DISCUSSÃO PRELIMINAR SOBRE O MUNICÍPIO DE JANUÁRIA-MG
"PIBIC, PIBIC-AF, PIBIT ou trabalho de pesquisa voluntário nível superior/tecnólogo",APLICAÇÃO DO CÁLCULO DE PH NA ENGENHARIA QUÍMICA
"PIBIC, PIBIC-AF, PIBIT ou trabalho de pesquisa voluntário nível superior/tecnólogo",LANCHE GO: SISTEMA DE GESTÃO DE ENTREGA DE LANCHES COM BIOMETRIA E ACESSO REMOTO NO IFNMG – CAMPUS PORTEIRINHA
"PIBIC, PIBIC-AF, PIBIT ou trabalho de pesquisa voluntário nível superior/tecnólogo",ESTUDO COMPARATIVO DAS COMUNIDADES MICROBIANAS EM SOLOS CULTIVADOS COM A CANA-DE-AÇÚCAR NO MUNICÍPIO DE JANUÁRIA- MG
"PIBIC, PIBIC-AF, PIBIT ou trabalho de pesquisa voluntário nível superior/tecnólogo",ENTRE CRISES E FINTECHS: UMA ANÁLISE DA INCLUSÃO FINANCEIRA BRASILEIRA SOB A ÓTICA DE UM INDICADOR
"PIBIC, PIBIC-AF, PIBIT ou trabalho de pesquisa voluntário nível superior/tecnólogo",ESTUDO INICIAL SOBRE O USO DO MODELO WRF-HYDRO PARA SIMULAÇÃO DE VARIÁVEIS HIDROMETEOROLÓGICAS EM UMA REGIÃO NA BACIA DO RIO SÃO FRANCISCO
"PIBIC, PIBIC-AF, PIBIT ou trabalho de pesquisa voluntário nível superior/tecnólogo",AVALIAÇÃO DE DIFERENTES MATERIAIS COMO ELETRODOS PARA A GERAÇÃO DE HIDROGÊNIO VIA ELETRÓLISE ALCALINA DA ÁGUA
"PIBIC, PIBIC-AF, PIBIT ou trabalho de pesquisa voluntário nível superior/tecnólogo",APLICAÇÃO DA METODOLOGIA QUALIDADE POR DESIGN ANALÍTICO (AQBD) NA OTIMIZAÇÃO DE MÉTODO DE ANÁLISE DO HERBICIDA FLORPIRAUXIFEN-BENZIL EM AMOSTRAS DE ARROZ USANDO CROMATOGRAFIA LÍQUIDA DE ALTA EFICIÊNCIA (HPLC-DAD)
"PIBIC, PIBIC-AF, PIBIT ou trabalho de pesquisa voluntário nível superior/tecnólogo",DINÂMICA EPIDEMIOLÓGICA DA SÍFILIS ADQUIRIDA EM MINAS GERAIS ENTRE 2020 A JUNHO DE 2024
"PIBIC, PIBIC-AF, PIBIT ou trabalho de pesquisa voluntário nível superior/tecnólogo",DINÂMICA DA COBERTURA VEGETAL NA APA FERNÃO DIAS ENTRE 2015 E 2025 POR MEIO DA SUBTRAÇÃO DE IMAGENS NDVI
"PIBIC, PIBIC-AF, PIBIT ou trabalho de pesquisa voluntário nível superior/tecnólogo",DINÂMICA DA COBERTURA VEGETAL NA APA ÁGUAS VERTENTES ENTRE 2016 E 2025 POR MEIO DA SUBTRAÇÃO DE IMAGENS NDVI
"PIBIC, PIBIC-AF, PIBIT ou trabalho de pesquisa voluntário nível superior/tecnólogo",DINÂMICA DA COBERTURA VEGETAL NA APA ÁGUAS VERTENTES ENTRE 2016 E 2025 POR MEIO DA SUBTRAÇÃO DE IMAGENS NDVI
"PIBIC, PIBIC-AF, PIBIT ou trabalho de pesquisa voluntário nível superior/tecnólogo",A SAÚDE MENTAL DOS ACADÊMICOS DO CURSO DE LICENCIATURA EM CIÊNCIAS BIOLÓGICAS DO INSTITUTO FEDERAL DO NORTE DE MINAS GERAIS CAMPUS JANUÁRIA NO CONTEXTO DA PANDEMIA DA COVID-19
"PIBIC, PIBIC-AF, PIBIT ou trabalho de pesquisa voluntário nível superior/tecnólogo",PROPOSTA E VALIDAÇÃO DE UM SISTEMA DE DETECÇÃO DE INTRUSÃO LEVE E ORIENTADO À PRIVACIDADE PARA REDES IOT RESIDENCIAIS BASEADO EM APRENDIZADO PROFUNDO NO GATEWAY DE REDE
"PIBIC, PIBIC-AF, PIBIT ou trabalho de pesquisa voluntário nível superior/tecnólogo",REDESIGN DO WEBSITE DO LABORATÓRIO DISPLAY: APLICAÇÃO DE UX DESIGN PARA MELHORAR A EXPERIÊNCIA DO USUÁRIO
"PIBIC, PIBIC-AF, PIBIT ou trabalho de pesquisa voluntário nível superior/tecnólogo",ESTRATÉGIAS PARA DIVULGAÇÃO CIENTÍFICA NO NORTE DE MINAS GERAIS: ANÁLISE DE PÁGINAS DE INSTITUIÇÕES DE ENSINO E PESQUISA
"PIBIC, PIBIC-AF, PIBIT ou trabalho de pesquisa voluntário nível superior/tecnólogo",O USO DO ARDUINO COMO FERRAMENTA PARA O ENSINO DE PROGRAMAÇÃO EM ROBÓTICA
"PIBIC, PIBIC-AF, PIBIT ou trabalho de pesquisa voluntário nível superior/tecnólogo",MODELAGEM MOLECULAR E ESTUDO TOXICOLÓGICO IN SILICO AMBIENTAL E HUMANO PARA O ANTIBIÓTICO CEFALEXINA
"PIBIC, PIBIC-AF, PIBIT ou trabalho de pesquisa voluntário nível superior/tecnólogo",ATIVIDADE LARVICIDA DO EXTRADO AQUOSO DAS FOLHAS DE CHENOPODIUM AMBROSIOIDES L. SOBRE AS LARVAS DE AEDES AEGYPTI
"PIBIC, PIBIC-AF, PIBIT ou trabalho de pesquisa voluntário nível superior/tecnólogo",ESTRATÉGIAS UTILIZADAS PARA CRIAR MODELOS EM 3D COM BAIXO CUSTO
"PIBIC, PIBIC-AF, PIBIT ou trabalho de pesquisa voluntário nível superior/tecnólogo",PREDIÇÃO DO TIPO DE VÍRUS DA MALÁRIA COM ÁRVORES DE DECISÃO A PARTIR DE DADOS SOCIOECONÔMICOS DESBALANCEADOS DE UGANDA.
"PIBIC, PIBIC-AF, PIBIT ou trabalho de pesquisa voluntário nível superior/tecnólogo",UTILIZAÇÃO DA CROMATOGRAFIA CIRCULAR DE PFEIFFER COMO FERRAMENTA ALTERNATIVA SOBRE A QUALIDADE DE SOLOS
"PIBIC, PIBIC-AF, PIBIT ou trabalho de pesquisa voluntário nível superior/tecnólogo",ANÁLISE COMPARATIVA DOS ESFORÇOS DE FLEXÃO EM PLACAS DELGADAS
"PIBIC, PIBIC-AF, PIBIT ou trabalho de pesquisa voluntário nível superior/tecnólogo",ESTUDO COMPARATIVO ENTRE PENEIRAMENTO DE BANCADA E PENEIRAMENTO SUSPENSO NA EFICIÊNCIA DA CLASSIFICAÇÃO GRANULOMÉTRICA DE MINÉRIO LITINÍFERO
"PIBIC, PIBIC-AF, PIBIT ou trabalho de pesquisa voluntário nível superior/tecnólogo",ENGENHARIA DE PROMPT PARA TODOS: PROPOSTA DE UM PROJETO DE APRENDIZAGEM PARA A CRIAÇÃO DE COMANDOS EFICAZES EM INTELIGÊNCIA ARTIFICIAL
"PIBIC, PIBIC-AF, PIBIT ou trabalho de pesquisa voluntário nível superior/tecnólogo",ALTURA DE PLANTA DE AMENDOIM NO NORTE DE MINAS GERAIS
"PIBIC, PIBIC-AF, PIBIT ou trabalho de pesquisa voluntário nível superior/tecnólogo",GERMINAÇÃO DE CULTIVARES DE FEIJÃO CAUPI (VIGNA UNGUICULATA - FABACEAE) EM DIFERENTES TEMPERATURAS NO SEMIARIDO MINEIRO
"PIBIC, PIBIC-AF, PIBIT ou trabalho de pesquisa voluntário nível superior/tecnólogo",FERRAMENTAS DE APOIO ÀS ASSOCIAÇÕES DE PESCADORES
"PIBIC, PIBIC-AF, PIBIT ou trabalho de pesquisa voluntário nível superior/tecnólogo",PROPOSTA DE FERRAMENTA PARA O ENSINO / APRENDIZADO DA LÍNGUA INDÍGENA
"PIBIC, PIBIC-AF, PIBIT ou trabalho de pesquisa voluntário nível superior/tecnólogo",AVALIAÇÃO DA ACEITABILIDADE DE MODELOS DE MACHINE LEARNING INTERPRETÁVEIS POR PROFISSIONAIS DA SAÚDE EM PROCESSOS DE TOMADA DE DECISÃO CLÍNICA
"PIBIC, PIBIC-AF, PIBIT ou trabalho de pesquisa voluntário nível superior/tecnólogo",EXPERIÊNCIA DE DESENVOLVIMENTO DE MODELAGEM 3D PARA INSERÇÃO EM JOGO
"PIBIC, PIBIC-AF, PIBIT ou trabalho de pesquisa voluntário nível superior/tecnólogo",IMPLEMENTAÇÃO E ANÁLISE DA BIBLIOTECA MURPHYJS PARA ANIMAÇÕES DE ROLAGEM EM PROJETOS WEB
"PIBIC, PIBIC-AF, PIBIT ou trabalho de pesquisa voluntário nível superior/tecnólogo",ARQUITETURAS DISTRIBUÍDAS PARA A INTERNET DAS COISAS ROBÓTICAS (IORT): UMA REVISÃO SISTEMÁTICA E ANÁLISE COMPARATIVA
"PIBIC, PIBIC-AF, PIBIT ou trabalho de pesquisa voluntário nível superior/tecnólogo",EXPERIÊNCIA NO DESENVOLVIMENTO DE JOGOS COOPERATIVOS E TEMÁTICAS SOCIAIS: O PROCESSO DE DESENVOLVIMENTO DE UM JOGO 3D EDUCATIVO
"PIBIC, PIBIC-AF, PIBIT ou trabalho de pesquisa voluntário nível superior/tecnólogo",DESENVOLVIMENTO E IMPLEMENTAÇÃO DE UM WEBSITE PARA O LABORATÓRIO DISPLAY: UMA PLATAFORMA ESTRATÉGICA PARA DIVULGAÇÃO CIENTÍFICA E INTERAÇÃO ACADÊMICA
"PIBIC, PIBIC-AF, PIBIT ou trabalho de pesquisa voluntário nível superior/tecnólogo",ESTUDO SOBRE A IMPLEMENTAÇÃO DE MÓDULOS DE INTERNET DAS COISAS PARA PROVER PROJETOS DE INTERNET DAS COISAS ROBÓTICAS
"PIBIC, PIBIC-AF, PIBIT ou trabalho de pesquisa voluntário nível superior/tecnólogo",CICLO DE DESENVOLVIMENTO E FLORAÇÃO DE CULTIVARES DE FEIJÃO CAUPI CULTIVADOS NO SEMIÁRIDO DE MINAS GERAIS: SAFRA 2025
"PIBIC, PIBIC-AF, PIBIT ou trabalho de pesquisa voluntário nível superior/tecnólogo",BIBLIOTECA DE JOGOS ESPORTIVOS: O CASO DO JOGOS DE VÔLEI
"PIBIC, PIBIC-AF, PIBIT ou trabalho de pesquisa voluntário nível superior/tecnólogo",ANÁLISE EPIDEMIOLÓGICA DE ACIDENTES OFÍDICOS PELO GÊNERO LACHESIS: UM ESTUDO RETROSPECTIVO DE 2020 A 2024
"PIBIC, PIBIC-AF, PIBIT ou trabalho de pesquisa voluntário nível superior/tecnólogo",PROPOSTA E AVALIAÇÃO DE ARQUITETURA PARA INTERNET DAS COISAS ROBÓTICAS APLICADA À AUTOMAÇÃO DE PROCESSOS PRODUTIVOS COM MQTT
"PIBIC, PIBIC-AF, PIBIT ou trabalho de pesquisa voluntário nível superior/tecnólogo",SISTEMAS DE IRRIGAÇÃO AUTOMATIZADOS DE BAIXO CUSTO: UMA REVISÃO DA LITERATURA PARA O SEMIÁRIDO
"PIBIC, PIBIC-AF, PIBIT ou trabalho de pesquisa voluntário nível superior/tecnólogo",REVISÃO BIBLIOGRÁFICA SOBRE O GERENCIAMENTO DE DADOS NA INTERNET DAS COISAS ROBÓTICAS: UMA ABORDAGEM HÍBRIDA COM SQL E NOSQL
"PIBIC, PIBIC-AF, PIBIT ou trabalho de pesquisa voluntário nível superior/tecnólogo",IMPACTOS DA IMPLEMENTAÇÃO DO ENSINO DA QUÍMICA VERDE NO ENSINO MÉDIO
Pesquisa em nível de Pós-graduação Stricto Sensu,TERRITÓRIO – ABRANGÊNCIA DO INSTITUTO FEDERAL DO NORTE DE MINAS - IFNMG CAMPUS ARINOS E AS COMUNIDADES QUILOMBOLAS.
Pesquisa em nível de Pós-graduação Stricto Sensu,IDENTIDADE E TERRITÓRIO NA EDUCAÇÃO: UMA ABORDAGEM CONCEITUAL PARA A ANÁLISE NA EDUCAÇÃO PROFISSIONAL E TECNOLOGICA
Pesquisa em nível de Pós-graduação Stricto Sensu,PROGRAMA DE GESTÃO E DESEMPENHO E A QUALIDADE DE VIDA NO TELETRABALHO: CONTRIBUIÇÕES AOS SERVIDORES TÉCNICO-ADMINISTRATIVOS EM EDUCAÇÃO DO IFNMG
Pesquisa em nível de Pós-graduação Stricto Sensu,PRODUÇÃO CIENTÍFICA EM CIÊNCIAS DA SAÚDE: AVALIAÇÃO E INDICADORES DOS PESQUISADORES DO CNPQ
Pesquisa em nível de Pós-graduação Stricto Sensu,COMUNICAÇÃO E ESCOLHA PROFISSIONAL: REFLEXÕES SOBRE A DIVULGAÇÃO ON-LINE DO PROCESSO SELETIVO NO IFNMG
Pesquisa em nível de Pós-graduação Stricto Sensu,SAÚDE NA ESCOLA: INTERVENÇÃO EDUCATIVA SOBRE ENGASGO
Pesquisa em nível de Pós-graduação Stricto Sensu,PRODUTIVIDADE DAS CULTIVARES DO GÊNERO BRACHIARIA IRRIGADOS NO PERÍODO SECO
Pesquisa em nível de Pós-graduação Stricto Sensu,ASPECTOS TEÓRICO-METODOLÓGICOS DE PESQUISA NO ACERVO MUSICAL DA ARQUIDIOCESE DE DIAMANTINA/MG
Pesquisa em nível de Pós-graduação Stricto Sensu,OS DESAFIOS DO PRIMEIRO SEMESTRE DO MESTRADO CONCILIANDO ESTUDOS E TRABALHO: UM RELATO DE EXPERIÊNCIA
Pesquisa em nível de Pós-graduação Stricto Sensu,O IMPACTO DAS TECNOLOGIAS DIGITAIS NO ENSINO E APRENDIZADO DA MATEMÁTICA
Pesquisa em nível de Pós-graduação Stricto Sensu,GUIA CONEXÃO LEGAL: CULTIVANDO UMA COMUNIDADE VIRTUAL DE PRÁTICA NO CURSO TÉCNICO EM SERVIÇOS JURÍDICOS
Pesquisa em nível de Pós-graduação Stricto Sensu,O USO DO ROBLOX STUDIO PARA FORMAÇÃO DE PROFESSORES NA EDUCAÇÃO PROFISSIONAL E TECNOLÓGICA
Pesquisa em nível de Pós-graduação Stricto Sensu,INTERNACIONALIZAÇÃO NO ENSINO MÉDIO INTEGRADO: O COMITÊ EM LÍNGUA INGLESA DO IFMUNDO NO IFNMG-CAMPUS PIRAPORA
Pesquisa em nível de Pós-graduação Stricto Sensu,GÊNESE E PERMANÊNCIA DA REGIÃO DO VALE DO JEQUITINHONHA NO PROCESSO HISTÓRICO: O PROBLEMA DA DESIGUALDADE REGIONAL SOB PERSPECTIVA CULTURAL E ECONÔMICA.
Pesquisa em nível de Pós-graduação Stricto Sensu,TRIAGEM DE ANSIEDADE EM ESTUDANTES DO ENSINO PROFISSIONAL E TECNOLÓGICO
Pesquisa em nível de Pós-graduação Stricto Sensu,DESAFIOS DA ERA DIGITAL: ADICÇÃO EM SMARTPHONES E INTERNET EM PROFESSORES DO ENSINO FUNDAMENTAL I DA REDE MUNICIPAL DE BOCAIUVA - MG
Pesquisa em nível de Pós-graduação Stricto Sensu,DA TEORIA À PRÁXIS: USO DE MATERIAIS ALTERNATIVOS PARA O ENSINO DE FÍSICA NA EDUCAÇÃO PROFISSIONAL E TECNOLÓGICA
Pesquisa em nível de Pós-graduação Stricto Sensu,TEMA GERADOR E A ARTICULAÇÃO ENTRE TEORIA E PRÁTICA NA EDUCAÇÃO PROFISSIONAL E TECNOLÓGICA
Pesquisa em nível de Pós-graduação Stricto Sensu,APRENDIZAGEM DE FUNÇÕES POLINOMIAIS DE 1º E DE 2º GRAUS COM O SOFTWARE MODELLUS 4.0: CONVERSÃO ENTRE DIFERENTES REGISTROS DE REPRESENTAÇÃO SEMIÓTICA
Pesquisa em nível de Pós-graduação Stricto Sensu,INTELIGÊNCIAS MÚLTIPLAS NO PROJETO EXISTENCIAL DE EMANCIPAÇÃO DO SUJEITO NA EDUCAÇÃO PROFISSIONAL E TECNOLÓGICA
Pesquisa em nível de Pós-graduação Stricto Sensu,REDAÇÃO NOTA MIL: DOCUMENTOS OFICIAIS DO ENEM E AS MÍDIAS DIGITAIS
Pesquisa em nível de Pós-graduação Stricto Sensu,META-ANÁLISE QUALITATIVA ACERCA DA APLICAÇÃO DA ESTATÍSTICA EM PROGRAMAS DE PÓS-GRADUAÇÃO STRICTO SENSU DA UNIMONTES NO DECÊNIO 2010 A 2020: DA ESCOLHA DA TÉCNICA À COMPREENSÃO DOS RESULTADOS.
Pesquisa em nível de Pós-graduação Stricto Sensu,DESENVOLVIMENTO DE BEBIDA LÁCTEA FORTIFICADA COM FERRO MICROENCAPSULADO PARA PREVENÇÃO DA ANEMIA
Pesquisa em nível de Pós-graduação Stricto Sensu,AS REPRESENTAÇÕES DA MULHER CIBORGUE NOS MANGÁS E NAS ANIMAÇÕES: MAJOR MOTOKO E NAUSICAA
Pesquisa em nível de Pós-graduação Stricto Sensu,EPT E A LEI Nº 10.639/2003: SABERES DOS POVOS DO CANDOMBLÉ DE ANGOLA PARA UMA FORMAÇÃO OMNILATERAL
Pesquisa em nível de Pós-graduação Stricto Sensu,RELATOS DE MOBILIDADE INTERNACIONAL NO IFNMG: UMA DÉCADA DE VIVÊNCIAS (2013–2023)
Pesquisa em nível de Pós-graduação Lato Sensu,ORÇAMENTO PARTICIPATIVO DA ESCOLA - OPE
Pesquisa em nível de Pós-graduação Lato Sensu,ESTIMATIVA DA PERDA DE SOLOS NA BACIA HIDROGRÁFICA DO RIO URUCUIA
Pesquisa em nível de Pós-graduação Lato Sensu,O TRABALHO COMO FUNDAMENTO DO SER HUMANO: UMA ANÁLISE DAS CONTRADIÇÕES ENTRE HUMANIZAÇÃO E DESUMANIZAÇÃO
Resultado de projeto de ensino,PARTIDA ESTRELA-TRIÂNGULO COM REVERSÃO AUTOMATIZADA APLICADA A UMA ESTEIRA INDUSTRIAL EM MONTES CLAROS/MG
Resultado de projeto de ensino,DETERMINAÇÃO DA ENTALPIA DE VAPORIZAÇÃO DA ÁGUA E DA PRESSÃO ATMOSFÉRICA PELA EQUAÇÃO DE CLAUSIUS-CLAPEYRON
Resultado de projeto de ensino,ANÁLISE DOS PARÂMETROS FÍSICO-QUÍMICOS EM ESTAÇÕES DE TRATAMENTO DE EFLUENTES
Resultado de projeto de ensino,MODELAGEM TERMODINÂMICA E SIMULAÇÃO COMPUTACIONAL DO EQUILÍBRIO LÍQUIDO‑VAPOR DE METANOL/ACETATO DE METILA
Resultado de projeto de ensino,A EXTRAÇÃO DO DNA DA BANANA COMO INSTRUMENTO DIDÁTICO PARA O ENSINO DE GENÉTICA NO ENSINO MÉDIO
Resultado de projeto de ensino,EMPREENDEDORISMO DIGITAL: TRANSFORMANDO NEGÓCIOS EM SISTEMAS DE INFORMAÇÃO – 2ª EDIÇÃO
Resultado de projeto de ensino,ANÁLISE HIDROLÓGICA DO RIO COXÁ UTILIZANDO O SISTEMA SISCAH: CONTRIBUIÇÕES PARA A GESTÃO DOS RECURSOS HÍDRICOS NA BACIA DO SÃO FRANCISCO
Resultado de projeto de ensino,"GRÊMIO ESTUDANTIL: TRAJETÓRIA, PROTAGONISMO ESTUDANTIL E PARTICIPAÇÃO DEMOCRÁTICA NO IFNMG-CAMPUS PIRAPORA"
Resultado de projeto de ensino,EXTRAÇÃO DO ÓLEO ESSENCIAL DA CASCA DA LARANJA (CITRUS SINENSIS)
Resultado de projeto de ensino,POVOS ORIGINÁRIOS DAS AMÉRICAS: FESTIVAL DA INTERCULTURALIDADE - UM RELATO DE EXPERIÊNCIA
Resultado de projeto de ensino,R.A.N.I: ROBÔ DE APOIO COM NAVEGAÇÃO INTELIGENTE
Resultado de projeto de ensino,JOGO DOS NÚMEROS INTEIROS: UMA ESTRATÉGIA LÚDICA NO ENSINO DE MATEMÁTICA
Resultado de projeto de ensino,FUNÇÃO QUADRÁTICA: UMA ABORDAGEM COM ESTUDANTES DO 1º ANO DO ENSINO MÉDIO USANDO O GEOGEBRA
Resultado de projeto de ensino,DO LABORATÓRIO À COMPETIÇÃO: ROBÓTICA COMO CAMINHO PARA A INOVAÇÃO EDUCACIONAL
Resultado de projeto de ensino,REGISTROS DE REPRESENTAÇÃO SEMIÓTICA DE DUVAL NO ENSINO DOS NÚMEROS NATURAIS NO 3º ANO DO ENSINO FUNDAMENTAL
Resultado de projeto de ensino,OFICINA DE SEMIÓTICA APLICADA À INTERAÇÃO HUMANO -COMPUTADOR: UMA ABORDAGEM INTERDISCIPLINAR PARA A LEITURA DE INTERFACES DIGITAIS
Resultado de projeto de ensino,PROPOSTAS DE ATIVIDADES EXPERIMENTAIS DE ÓPTICA PARA ENSINO DE FÍSICA PARA DEFICIENTES VISUAIS
Resultado de projeto de ensino,RESOLUÇÃO E PROPOSIÇÃO DE PROBLEMAS NA FORMAÇÃO DE PROFESSORES: UMA EXPERIÊNCIA DIDÁTICA
Resultado de projeto de ensino,PROJETO PEDAGÓGICO SOBRE O REINO PLANTAE COM ESTUDANTES DO 8°ANO
Resultado de projeto de ensino,O PAPEL DA BRINQUEDOTECA COMO AMBIENTE DE ESTIMULO A LINGUAGEM CRIATIVIDADE E DESENVOLVIMENTO NEUROPSICOLÓGICO INFANTIL
Resultado de projeto de ensino,CARCAÇA DE NOVILHOS NELORE SUBMETIDOS A DIFERENTES ESTRATÉGIAS NUTRICIONAIS
Resultado de projeto de ensino,"CERRADO, CONHECER PARA PRESERVAR, E PRESERVAR PARA SOBREVIVER"
Resultado de projeto de ensino,DESENVOLVIMENTO DE DASHBOARDS INTERATIVOS PARA ANÁLISE DE DADOS DE STREAMING E USINAGEM CNC
Resultado de projeto de ensino,A MATEMÁTICA QUE ENCANTA: A AFETIVIDADE COMO CAMINHO PARA A APRENDIZAGEM NOS ANOS INICIAIS
Resultado de projeto de ensino,UMA ABORDAGEM MATEMÁTICA: TROCADORES DE CALOR EM PROCESSOS NA INDÚSTRIA DE LATICÍNIOS
Resultado de projeto de ensino,O LÚDICO COMO ESTRATÉGIA PARA O ENSINO DA MATEMÁTICA NOS ANOS INICIAIS: UM RELATO DE EXPERIÊNCIA NO PIBID.
Resultado de projeto de ensino,A HORTA ESCOLAR COMO FERRAMENTA DE EDUCAÇÃO AMBIENTAL: ANÁLISE DA PARTICIPAÇÃO E PERCEPÇÃO DOS ALUNOS
Resultado de projeto de ensino,SIMULAÇÃO DE PROCESSO E OTIMIZAÇÃO DE COLUNA DE DESTILAÇÃO BINÁRIA COM DSWIM: APLICAÇÕES EM SISTEMAS BENZENO-TOLUENO
Resultado de projeto de ensino,GEOPROCESSAMENTO COMO FERRAMENTA DIFERENCIAL NA AVALIAÇÃO DA UNIFORMIDADE DE IRRIGAÇÃO: ESTUDO DE CASO NA OLERICULTURA DO IFNMG JANUÁRIA
Resultado de projeto de ensino,OTIMIZAÇÃO ENERGÉTICA EM REDES DE AR COMPRIMIDO VIA CONTROLADOR PID
Resultado de projeto de ensino,EXPERIMENTONDO A FÍSICA: O USO DE ARDUÍNO NO ENSINO DE MECÂNICA PARA O ENSINO MÉDIO
Resultado de projeto de ensino,A RELAÇÃO ENTRE OPERAÇÕES DE CRÉDITO E PIB MUNICIPAL: UM ESTUDO SOBRE JANUÁRIA DE 2002 A 2024
Resultado de projeto de extensão e ou extensão tecnologica,QUITANDEIRAS DO MÉDIO JEQUITINHONHA: UMA ANÁLISE DISCURSIVA EM NARRATIVAS QUE REVELAM RESISTÊNCIA E ANCESTRALIDADE
Resultado de projeto de extensão e ou extensão tecnologica,DA TECLA AO TEXTO: RELATO DE EXPERIÊNCIA DA UCE
Resultado de projeto de extensão e ou extensão tecnologica,MELHOR IDADE CONECTADA: INCLUSÃO DIGITAL PARA IDOSOS
Resultado de projeto de extensão e ou extensão tecnologica,APRENDIZAGEM NA ERA DIGITAL: USO DA TECNOLOGIA PARA AUXILIAR ALUNOS DO ENSINO FUNDAMENTAL
Resultado de projeto de extensão e ou extensão tecnologica,AVALIAÇÃO DA QUALIDADE DA ÁGUA UTILIZADA EM ÁREAS DE CULTIVO DE HORTALIÇAS NO MUNICÍPIO DE ALMENARA-MG
Resultado de projeto de extensão e ou extensão tecnologica,EXSICATAS COMO FERRAMENTA PEDAGÓGICA: AGROECOLOGIA E MELIPONICULTURA NA EFA RENASCER NO VALE DO JEQUITINHONHA
Resultado de projeto de extensão e ou extensão tecnologica,IMPACTO DA ASSISTÊNCIA TÉCNICA E GESTÃO RURAL NA BOVINOCULTURA DE LEITE: ESTUDO DE CASO NO BAIXO JEQUITINHONHA
Resultado de projeto de extensão e ou extensão tecnologica,PROGNÓSTICO DE FALHAS EM SISTEMAS DINÂMICOS: UMA ABORDAGEM INTEGRADA À DETECÇÃO DE ANOMALIAS
Resultado de projeto de extensão e ou extensão tecnologica,TÉCNICAS DE PROPAGAÇÃO MUDAS FRUTÍFERAS: UMA EXPERIÊNCIA EXTENSIONISTA NO VALE DO JEQUITINHONHA–MG
Resultado de projeto de extensão e ou extensão tecnologica,CAPACITAÇÃO PARA CANTINEIRAS QUANTO A BOAS PRÁTICAS NA PRODUÇÃO E MANIPULAÇÃO DE ALIMENTOS EM ESCOLAS PÚBLICAS DE JANAÚBA/MG
Resultado de projeto de extensão e ou extensão tecnologica,PARTILHA E VIVÊNCIA COMO PRINCÍPIOS EDUCATIVOS DO ASSENTAMENTO ARUEGA. NOTAS A PARTIR DE UMA VISITA TÉCNICA DOS ESTUDANTES DOS CURSOS TÉCNICOS DO IFNMG – CAMPUS ARAÇUAÍ
Resultado de projeto de extensão e ou extensão tecnologica,DESAFIOS COM PALITOS: UMA INTERVENÇÃO PARA O ENSINO DE GEOMETRIA NOS ANOS INICIAIS
Resultado de projeto de extensão e ou extensão tecnologica,EXPLORANDO IGUALDADE COM O SIMULADOR PHET: UMA PROPOSTA PARA O ENSINO DE MATEMÁTICA
Resultado de projeto de extensão e ou extensão tecnologica,EXPLORANDO A CIRCUNFERÊNCIA E O CÍRCULO COM ALUNOS DO PARTIU IF
Resultado de projeto de extensão e ou extensão tecnologica,"LUANDA – LABORATÓRIO ACADÊMICO E TECNOLÓGICO: INTEGRAÇÃO ENTRE ENSINO, PESQUISA E EXTENSÃO POR MEIO DA INOVAÇÃO"
Resultado de projeto de extensão e ou extensão tecnologica,A CONSTRUÇÃO DO CONCEITO DE PROBABILIDADE A PARTIR DE UM JOGO
Resultado de projeto de extensão e ou extensão tecnologica,A INFLUÊNCIA DA CULTURA LATINO-AMERICANA NO VOCABULÁRIO DOS ESTUDANTES DE ESPANHOL COMO LÍNGUA ESTRANGEIRA
Resultado de projeto de extensão e ou extensão tecnologica,LEITE A2A2: CARACTERIZAÇÃO FÍSICO-QUÍMICA E MICROBIOLÓGICA DO LEITE DE ANIMAIS PRODUTORES EM SALINAS/MG
Resultado de projeto de extensão e ou extensão tecnologica,APICULTURA 4.0: DETECÇÃO DE PADRÕES E ANOMALIAS EM DADOS DE MONITORAMENTO REMOTO DA TEMPERATURA INTERNA DE COLMEIAS
Resultado de projeto de extensão e ou extensão tecnologica,APICULTURA 4.0 E RESILIÊNCIA CLIMÁTICA NO VALE DO JEQUITINHONHA: MONITORAMENTO TÉRMICO E MANEJO ADAPTATIVO
Resultado de projeto de extensão e ou extensão tecnologica,DESAFIOS NA APRENDIZAGEM DE PENSAMENTO COMPUTACIONAL COM SCRATCH: RELATO DE EXPERIÊNCIA NO ENSINO FUNDAMENTAL
Inovação,"TESSITURA DE TRAMAS, PROSAS, TROCA DE EXPERIÊNCIAS NA SEGUNDA SEMANA DA AGROBIODIVERSIDADE NO IFNMG - CAMPUS ARAÇUAÍ"
Inovação,VIVÊNCIAS DA EDUCAÇÃO DO CAMPO NO MÉDIO VALE DO JEQUITINHONHA: A VOZ DOS PROTAGONISTAS DO PROCESSO EDUCATIVO
Inovação,A SALA DE RECURSOS MULTIFUNCIONAIS COMO ESPAÇO DE ATENDIMENTO EDUCACIONAL ESPECIALIZADO E FORMAÇÃO CONTINUADA
Inovação,PROPOSTA DE OTIMIZAÇÃO DO USO DE DISPOSITIVOS AUTOMATIZADOS PARA EFICIÊNCIA ENERGÉTICA NO PRÉDIO DE ENSINO II DO IFNMG CAMPUS MONTES CLAROS
Inovação,MATRÍCULAS POR DISCIPLINA EM CURSOS CONCOMITANTES E SUBSEQUENTES DO IFNMG - FLEXIBILIDADE E INOVAÇÃO CURRICULAR
Inovação,DESENVOLVIMENTO E OTIMIZAÇÃO DE EMULSÃO COSMÉTICA À BASE DE ÓLEO DE CALÊNDULA: UMA PROPOSTA INOVADORA PARA A INDÚSTRIA DE COSMÉTICOS
Inovação,ANÁLISE E MONITORAMENTO DA DEMANDA ENERGÉTICA FRENTE À EXPANSÃO DA ELETROMOBILIDADE NO BRASIL
Inovação,QUANTIFICAÇÃO DO TEOR DE HIDROXIMETILFURFURAL PELO MÉTODO ESPECTROFOTOMÉTRICO DE WHITE
Inovação,"ENFRENTAMENTO AO TABAGISMO COM EDUCAÇÃO, INTERSETORIALIDADE E INOVAÇÃO NO NORTE DE MINAS GERAIS"
Inovação,AS DIMENSÕES DO TRABALHO NA EPT: ENTRE A ALIENAÇÃO E A EMANCIPAÇÃO
Inovação,"COMO UM SITE ASSISTIVO PODE AUXILIAR NO DESENVOLVIMENTO SOCIAL, COGNITIVO E ESCOLAR DE CRIANÇAS DIAGNOSTICADAS COM TRANSTORNO DO ESPECTRO AUTISTA"
Inovação,ANÁLISE DO DESEMPENHO DO AERADOR HIDRÁULICO MODELO “SAMUKA” COM TUBO DE VENTURI NA OXIGENAÇÃO DE TANQUES DE PISICULTURA
Inovação,CONSTRUÇÃO DO AERADOR HIDRÁULICO MODELO “SAMUKA” COM TUBO DE VENTURI PARA OXIGENAÇÃO EM TANQUES DE PISCICULTURA
Inovação,DESENVOLVIMENTO DA FORMULAÇÃO DE UMA BALA DE GOMA UTILIZANDO O MÉTODO ESTATÍSTICO DE MISTURA
Ciências Exatas e da terra,VITRINE DE PROJETOS: UMA PLATAFORMA ACADÊMICA MODULAR PARA GESTÃO E DIVULGAÇÃO DE INICIATIVAS INSTITUCIONAIS
Ciências Exatas e da terra,ROBÓTICA E DESENVOLVIMENTO DE SOFT SKILLS EM ESTUDANTES DO ENSINO MÉDIO
Ciências Exatas e da terra,IMPACTO DO USO DE ROBÓTICA EDUCACIONAL NO ENSINO DA FÍSICA
Ciências Exatas e da terra,DESENVOLVIMENTO DE UM KIT ROBÓTICO PARA OFICINAS DE ROBÓTICA EDUCACIONAL NO ENSINO FUNDAMENTAL
Ciências Exatas e da terra,DESENVOLVIMENTO DE UM JOGO DIGITAL EDUCATIVO PARA O ENSINO DE QUÍMICA: UMA ABORDAGEM INTERATIVA E GAMIFICADA PARA A APRENDIZAGEM DE CONCEITOS FUNDAMENTAIS
Ciências Exatas e da terra,EXPERIMENTAÇÃO COMO ESTRATÉGIA PARA O ENSINO DE FÍSICA NO IFNMG CAMPUS JANAÚBA
Ciências Exatas e da terra,CAIXA DE CORES OCULTA
Ciências Exatas e da terra,DETERMINAÇÃO EXPERIMENTAL DA ACELERAÇÃO DE UMA CARRINHO NO PLANO INCLINADO
Ciências Exatas e da terra,IDENTIFICAÇÃO DE PONTOS ANATÔMICOS USANDO VISÃO COMPUTACIONAL
Ciências Exatas e da terra,"LINGUAGEM PROLOG E ENSINO DE MATEMÁTICA: INTERSEÇÕES ENTRE COMPUTAÇÃO, LÓGICA E EDUCAÇÃO"
Ciências Exatas e da terra,O CAMPO DE INDUÇÃO MAGNÉTICA COMO BENEFICIAMENTO SUSTENTÁVEL DO FEIJÃO-COMUM.
Ciências Exatas e da terra,WEB SCRAPING E VISUALIZAÇÃO DE DADOS METEOROLÓGICOS: UMA APLICAÇÃO PRÁTICA PARA INMET E ANA
Ciências Exatas e da terra,AUTOMAÇÃO DE AR CONDICIONADOS COM CONTROLE REMOTO INTELIGENTE E BLOQUEIO DE INTERFERÊNCIAS EXTERNAS
Ciências Exatas e da terra,VALIDAÇÃO DO PROCESSO DE INFERÊNCIA BAYESIANA DO SOFTWARE KSPLIT UTILIZANDO PYTHON
Ciências Exatas e da terra,DESENVOLVIMENTO DE UM SPINNER DE BAIXO CUSTO PARA DEPOSIÇÃO DE FILMES POLIMÉRICOS
Ciências Exatas e da terra,ESTUDO HISTÓRICO-CONCEITUAL E TEÓRICO-APLICADO DA QED
Ciências Exatas e da terra,AVALIAÇÃO DE PAINÉIS SOLARES COM AUXÍLIO DE CÂMERAS TERMOGRÁFICAS E INTELIGÊNCIA ARTIFICIAL
Ciências Exatas e da terra,PREDISPOSIÇÃO HIERÁRQUICA PARA AS INFECÇÕES POR DENGUE: O CASO DO ESTADO DA BAHIA SOB EXAME ESTATÍSTICO
Ciências Exatas e da terra,AVALIAÇÃO DA QUALIDADE DA ÁGUA UTILIZADA EM ÁREAS DE CULTIVO DE HORTALIÇAS NO MUNICÍPIO DE ALMENARA-MG
Ciências Exatas e da terra,PROPOSTA DE OTIMIZAÇÃO DO USO DE DISPOSITIVOS AUTOMATIZADOS PARA EFICIÊNCIA ENERGÉTICA NO PRÉDIO DE ENSINO II DO IFNMG CAMPUS MONTES CLAROS
Ciências Exatas e da terra,AVALIAÇÃO COMPARATIVA DE AMOSTRAGEM ESTRATIFICADA PONDERADA VERSUS PROPORCIONAL EM REDUÇÃO DE DADOS DE MULTICLASSE EM AMBIENTES DE INTERNET DAS COISAS
Ciências Exatas e da terra,FAZENDA DE IMPRESSÃO 3D - UM NOVO MÉTODO DE MANUFATURA E INDÚSTRIA 4.0
Ciências Exatas e da terra,UTILIZAÇÃO DE GEOTECNOLOGIAS PARA O MAPEAMENTO DE ÁREAS SUSCETÍVEIS AOS ALAGAMENTOS E INUNDAÇÕES NO MUNICÍPIO DE PIRAPORA
Ciências Exatas e da terra,DETERMINAÇÃO DO TEOR DE CAFEÍNA EM AMOSTRAS DE CAFÉ COM DIFERENTES TIPOS DE TORRAS COMERCIALIZADAS NO MUNICÍPIO DE MONTES CLAROS – MG
Ciências Exatas e da terra,SÍNTESE DE NANOESTRUTURAS DE ÓXIDO DE TITÂNIO E ANTIMÔNIO VIA COMBUSTÃO EM SOLUÇÃO
Ciências Exatas e da terra,PLATAFORMA ROBÓTICA DE NAVEGAÇÃO AUTÔNOMA E BAIXO CUSTO PARA INICIAÇÃO CIENTÍFICA
Ciências Exatas e da terra,CARACTERIZAÇÃO MORFOMÉTRICA DA BACIA DO RIO PERUAÇU - MG
Ciências Exatas e da terra,O USO DO GEOGEBRA NO ENSINO DE TRANSFORMAÇÕES LINEARES
Ciências Exatas e da terra,DA TEORIA À PRÁXIS: USO DE MATERIAIS ALTERNATIVOS PARA O ENSINO DE FÍSICA NA EDUCAÇÃO PROFISSIONAL E TECNOLÓGICA
Ciências Exatas e da terra,COMPARAÇÃO DE ABORDAGENS DETERMINÍSTICAS E META-HEURÍSTICAS NO PLANEJAMENTO FLORESTAL: ALGORITMO BRANCH AND BOUND
Ciências Exatas e da terra,BUSCA TABU COM UMA NOVA VIZINHANÇA PARA O PROBLEMA JUST-IN-TIME JOB SHOP SCHEDULING
Ciências Exatas e da terra,DESAFIOS COM PALITOS: UMA INTERVENÇÃO PARA O ENSINO DE GEOMETRIA NOS ANOS INICIAIS
Ciências Exatas e da terra,GESTSPORT: UMA SOLUÇÃO DIGITAL PARA GESTÃO DE ATIVIDADES ESPORTIVAS MUNICIPAIS
Ciências Exatas e da terra,GESTORIZE - UMA SOLUÇÃO PARA EMPRESAS EM ALMENARA
Ciências Exatas e da terra,MODELAGEM DE UX/UI PARA UM APLICATIVO DE CREDENCIAMENTO ACADÊMICO: UMA EXPERIÊNCIA CENTRADA NO USUÁRIO
Ciências Exatas e da terra,REDESENHANDO EXPERIÊNCIAS NO SISTEMA PHARUS: UMA ABORDAGEM DE UX/UI PARA GESTÃO DE EVENTOS ACADÊMICOS
Ciências Exatas e da terra,REESTRUTURAÇÃO DO BACKEND DO SISTEMA PHARUS: BOAS PRÁTICAS DE ENGENHARIA DE SOFTWARE APLICADAS AO CONTEXTO ACADÊMICO
Ciências Exatas e da terra,JOGO DOS NÚMEROS INTEIROS: UMA ESTRATÉGIA LÚDICA NO ENSINO DE MATEMÁTICA
Ciências Exatas e da terra,EXPLORANDO IGUALDADE COM O SIMULADOR PHET: UMA PROPOSTA PARA O ENSINO DE MATEMÁTICA
Ciências Exatas e da terra,EXPLORANDO A CIRCUNFERÊNCIA E O CÍRCULO COM ALUNOS DO PARTIU IF
Ciências Exatas e da terra,SISTEMA AUTOMATIZADO PARA CARACTERIZAÇÃO ELÉTRICA DE DIODOS DE POLIANILINA UTILIZANDO PLATAFORMA ARDUÍNO
Ciências Exatas e da terra,SEQUÊNCIA DIDÁTICA INVESTIGATIVA SOBRE DIFERENÇA DE QUADRADOS: UM RELATO DE PRÁTICA NO ENSINO FUNDAMENTAL
Ciências Exatas e da terra,FUNÇÃO QUADRÁTICA: UMA ABORDAGEM COM ESTUDANTES DO 1º ANO DO ENSINO MÉDIO USANDO O GEOGEBRA
Ciências Exatas e da terra,FUNDAMENTOS E TENDÊNCIAS TECNOLÓGICAS PARA ANÁLISE DE SENTIMENTOS COM LLMS
Ciências Exatas e da terra,DESENVOLVIMENTO E ESTUDO DE APLICAÇÃO DE UM APLICATIVO DE COMUNICAÇÃO AUMENTATIVA E ALTERNATIVA
Ciências Exatas e da terra,USO DE MODELOS DE APRENDIZAGEM DE MÁQUINA PARA ANÁLISE E PREDIÇÃO DE VOLUME DA ÁRVORE TECTONA GRANDIS
Ciências Exatas e da terra,DIVERSIDADE DE GÊNERO E SEXUALIDADE: PERSPECTIVAS TEÓRICAS E SOCIAIS EM JOGOS DIGITAIS.
Ciências Exatas e da terra,A CRIAÇÃO DE UM JOGO DIGITAL COMO ESTRATÉGIA MOTIVACIONAL NOS CURSOS DE COMPUTAÇÃO
Ciências Exatas e da terra,MODELAGEM MOLECULAR E ESTUDO TOXICOLÓGICO IN SILICO AMBIENTAL E HUMANO PARA O ANTIBIÓTICO CEFOVECINA
Ciências Exatas e da terra,DO LABORATÓRIO À COMPETIÇÃO: ROBÓTICA COMO CAMINHO PARA A INOVAÇÃO EDUCACIONAL
Ciências Exatas e da terra,A EDUCAÇÃO FÍSICA NO DESENVOLVIMENTO DO PENSAMENTO GEOMÉTRICO
Ciências Exatas e da terra,APRENDIZAGEM DE FUNÇÕES POLINOMIAIS DE 1º E DE 2º GRAUS COM O SOFTWARE MODELLUS 4.0: CONVERSÃO ENTRE DIFERENTES REGISTROS DE REPRESENTAÇÃO SEMIÓTICA
Ciências Exatas e da terra,PHARUS CREDENCIAMENTO – UMA APLICATIVO PARA CREDENCIAMENTO DE DE PARTICIPANTES EM EVENTOS GERENCIADOS PELO SISTEMA PHARUS
Ciências Exatas e da terra,"LUANDA – LABORATÓRIO ACADÊMICO E TECNOLÓGICO: INTEGRAÇÃO ENTRE ENSINO, PESQUISA E EXTENSÃO POR MEIO DA INOVAÇÃO"
Ciências Exatas e da terra,A CONSTRUÇÃO DO CONCEITO DE PROBABILIDADE A PARTIR DE UM JOGO
Ciências Exatas e da terra,PROPOSTAS DE ATIVIDADES EXPERIMENTAIS DE ÓPTICA PARA ENSINO DE FÍSICA PARA DEFICIENTES VISUAIS
Ciências Exatas e da terra,CRESCIMENTO E CARACTERIZAÇÃO DE CRISTAIS DA FAMÍLIA DO SAL DE TUTTON DOPADOS COM B E AG
Ciências Exatas e da terra,DESENVOLVIMENTO E IMPLEMENTAÇÃO DE UM WEBSITE PARA O LABORATÓRIO DISPLAY DO IFNMG CAMPUS JANUÁRIA: UMA PLATAFORMA DE DIVULGAÇÃO CIENTÍFICA E INTERAÇÃO COM A COMUNIDADE ACADÊMICA
Ciências Exatas e da terra,META-ANÁLISE QUALITATIVA ACERCA DA APLICAÇÃO DA ESTATÍSTICA EM PROGRAMAS DE PÓS-GRADUAÇÃO STRICTO SENSU DA UNIMONTES NO DECÊNIO 2010 A 2020: DA ESCOLHA DA TÉCNICA À COMPREENSÃO DOS RESULTADOS.
Ciências Exatas e da terra,RESOLUÇÃO E PROPOSIÇÃO DE PROBLEMAS NA FORMAÇÃO DE PROFESSORES: UMA EXPERIÊNCIA DIDÁTICA
Ciências Exatas e da terra,JOGO “UNO DA FÍSICA” : UMA PROPOSTA PARA O APRENDIZAGEM DE DINÂMICA E LEIS DE NEWTON
Ciências Exatas e da terra,"JOGO ""UNO DA FÍSICA"": UMA PROPOSTA PARA APRENDIZAGEM DE DINÂMICA E LEIS DE NEWTON"
Ciências Exatas e da terra,IDENTIDADE DOCENTE EM CONSTRUÇÃO: FORMAÇÃO INICIAL E PERCURSO PROFISSIONAL DE PROFESSORES DE MATEMÁTICA EM JAPONVAR
Ciências Exatas e da terra,A MATEMÁTICA QUE ENCANTA: A AFETIVIDADE COMO CAMINHO PARA A APRENDIZAGEM NOS ANOS INICIAIS
Ciências Exatas e da terra,DESENVOLVIMENTO DE INSTRUMENTOS DE MEDIDAS PARA LABORATÓRIOS
Ciências Exatas e da terra,DETECÇÃO AUTOMATIZADA DE FAKE NEWS EM REDES SOCIAIS UTILIZANDO ALGORITMOS DE APRENDIZADO DE MÁQUINA E PROCESSAMENTO DE LINGUAGEM NATURAL.
Ciências Exatas e da terra,SÍNTESE DE ESTRUTURAS MESOPOROSAS DE VO2/PD PARA USO EM MEMBRANAS DE ELETROLISADOR DE HIDROGÊNIO VERDE
Ciências Exatas e da terra,PERFIS CULTURAIS DE ESTUDANTES COMO SUBSÍDIO À TOMADA DE DECISÃO NO ÂMBITO ESCOLAR: UMA ABORDAGEM COM CRISP-EDM
Ciências Exatas e da terra,FERRAMENTA GAMIFICADA DE GESTÃO DE LABORATÓRIOS DE PESQUISA
Ciências Exatas e da terra,ANÁLISE DE DADOS PARA PREVISÃO DE DOENÇAS CARDIOVASCULARES UTILIZANDO MACHINE LEARNING
Ciências Exatas e da terra,APICULTURA 4.0: DETECÇÃO DE PADRÕES E ANOMALIAS EM DADOS DE MONITORAMENTO REMOTO DA TEMPERATURA INTERNA DE COLMEIAS
Ciências Exatas e da terra,A UTILIZAÇÃO DO LIVRO DIDÁTICO POR PROFESSORES DE MATEMÁTICA NO ENSINO MÉDIO: UMA ANÁLISE NAS ESCOLAS ESTADUAIS DE JANUÁRIA (MG)
Ciências Exatas e da terra,ANÁLISE DA COBERTURA VEGETAL DA APA DO LAGEDÃO ENTRE OS ANOS 2015 E 2025 POR MEIO DE IMAGENS NDVI
Ciências Exatas e da terra,AVALIAÇÃO DA COBERTURA VEGETAL NA APA DA SERRA DO SABONETAL ENTRE OS ANOS 2015 E 2025 POR MEIO DE IMAGENS NDVI
Ciências Exatas e da terra,UTILIZAÇÃO DO FILME OPPENHEIMER COMO RECURSO DIDÁTICO EM AULAS DE FÍSICA MODERNA E CONTEMPORÂNEA
Ciências Exatas e da terra,COMPARAÇÃO DA REPRESENTATIVIDADE DE AMOSTRAS COMPOSTAS (ALBITA E XISTO) POR QUARTEAMENTO MANUAL DE PILHAS CÔNICAS E QUARTEADOR RIFLE.
Ciências Exatas e da terra,APLICAÇÃO DA METODOLOGIA QUALIDADE POR DESIGN ANALÍTICO (AQBD) NA OTIMIZAÇÃO DE MÉTODO DE ANÁLISE DO HERBICIDA FLORPIRAUXIFEN-BENZIL EM AMOSTRAS DE ARROZ USANDO CROMATOGRAFIA LÍQUIDA DE ALTA EFICIÊNCIA (HPLC-DAD)
Ciências Exatas e da terra,DESAFIOS NA APRENDIZAGEM DE PENSAMENTO COMPUTACIONAL COM SCRATCH: RELATO DE EXPERIÊNCIA NO ENSINO FUNDAMENTAL
Ciências Exatas e da terra,REDESIGN DO WEBSITE DO LABORATÓRIO DISPLAY: APLICAÇÃO DE UX DESIGN PARA MELHORAR A EXPERIÊNCIA DO USUÁRIO
Ciências Exatas e da terra,ESTRATÉGIAS PARA DIVULGAÇÃO CIENTÍFICA NO NORTE DE MINAS GERAIS: ANÁLISE DE PÁGINAS DE INSTITUIÇÕES DE ENSINO E PESQUISA
Ciências Exatas e da terra,O USO DO ARDUINO COMO FERRAMENTA PARA O ENSINO DE PROGRAMAÇÃO EM ROBÓTICA
Ciências Exatas e da terra,ESTRATÉGIAS UTILIZADAS PARA CRIAR MODELOS EM 3D COM BAIXO CUSTO
Ciências Exatas e da terra,PREDIÇÃO DO TIPO DE VÍRUS DA MALÁRIA COM ÁRVORES DE DECISÃO A PARTIR DE DADOS SOCIOECONÔMICOS DESBALANCEADOS DE UGANDA.
Ciências Exatas e da terra,ESTUDO COMPARATIVO ENTRE PENEIRAMENTO DE BANCADA E PENEIRAMENTO SUSPENSO NA EFICIÊNCIA DA CLASSIFICAÇÃO GRANULOMÉTRICA DE MINÉRIO LITINÍFERO
Ciências Exatas e da terra,MODELAGEM MATEMÁTICA: EXPLORANDO A CONSTRUÇÃO DE UM AEROMODELO
Ciências Exatas e da terra,FERRAMENTAS DE APOIO ÀS ASSOCIAÇÕES DE PESCADORES
Ciências Exatas e da terra,PROPOSTA DE FERRAMENTA PARA O ENSINO / APRENDIZADO DA LÍNGUA INDÍGENA
Ciências Exatas e da terra,AVALIAÇÃO DA ACEITABILIDADE DE MODELOS DE MACHINE LEARNING INTERPRETÁVEIS POR PROFISSIONAIS DA SAÚDE EM PROCESSOS DE TOMADA DE DECISÃO CLÍNICA
Ciências Exatas e da terra,EXPERIÊNCIA DE DESENVOLVIMENTO DE MODELAGEM 3D PARA INSERÇÃO EM JOGO
Ciências Exatas e da terra,IMPLEMENTAÇÃO E ANÁLISE DA BIBLIOTECA MURPHYJS PARA ANIMAÇÕES DE ROLAGEM EM PROJETOS WEB
Ciências Exatas e da terra,ARQUITETURAS DISTRIBUÍDAS PARA A INTERNET DAS COISAS ROBÓTICAS (IORT): UMA REVISÃO SISTEMÁTICA E ANÁLISE COMPARATIVA
Ciências Exatas e da terra,EXPERIÊNCIA NO DESENVOLVIMENTO DE JOGOS COOPERATIVOS E TEMÁTICAS SOCIAIS: O PROCESSO DE DESENVOLVIMENTO DE UM JOGO 3D EDUCATIVO
Ciências Exatas e da terra,DESENVOLVIMENTO E IMPLEMENTAÇÃO DE UM WEBSITE PARA O LABORATÓRIO DISPLAY: UMA PLATAFORMA ESTRATÉGICA PARA DIVULGAÇÃO CIENTÍFICA E INTERAÇÃO ACADÊMICA
Ciências Exatas e da terra,ESTUDO SOBRE A IMPLEMENTAÇÃO DE MÓDULOS DE INTERNET DAS COISAS PARA PROVER PROJETOS DE INTERNET DAS COISAS ROBÓTICAS
Ciências Exatas e da terra,EXPERIMENTONDO A FÍSICA: O USO DE ARDUÍNO NO ENSINO DE MECÂNICA PARA O ENSINO MÉDIO
Ciências Exatas e da terra,PROPOSTA E AVALIAÇÃO DE ARQUITETURA PARA INTERNET DAS COISAS ROBÓTICAS APLICADA À AUTOMAÇÃO DE PROCESSOS PRODUTIVOS COM MQTT
Ciências Exatas e da terra,SISTEMAS DE IRRIGAÇÃO AUTOMATIZADOS DE BAIXO CUSTO: UMA REVISÃO DA LITERATURA PARA O SEMIÁRIDO
Ciências Exatas e da terra,REVISÃO BIBLIOGRÁFICA SOBRE O GERENCIAMENTO DE DADOS NA INTERNET DAS COISAS ROBÓTICAS: UMA ABORDAGEM HÍBRIDA COM SQL E NOSQL
Ciências Exatas e da terra,IMPACTOS DA IMPLEMENTAÇÃO DO ENSINO DA QUÍMICA VERDE NO ENSINO MÉDIO
Ciências Agrárias,DESEMPENHO DE CLONES DE PALMA FORRAGEIRA NAS CONDIÇÕES EDAFOCLIMÁTICAS DE JANUÁRIA-MG
Ciências Agrárias,EFICIÊNCIA DE MÉTODOS PRÉ-GERMINATIVOS NA REMOÇÃO DA MUCILAGEM E DO ARILO SOBRE A EMERGÊNCIA DE PLÂNTULAS DE MARACUJÁ AZEDO
Ciências Agrárias,INVASÃO ARBÓREA NO CERRADO: APLICAÇÃO DO ÍNDICE DE ÁREA FOLIAR (LAI) COMO INDICADOR ESTRUTURAL POR SENSORIAMENTO REMOTO
Ciências Agrárias,ANÁLISE MELISSOPALINOLÓGICA DE UM APIÁRIO NO MUNICÍPIO DE ARINOS - MG
Ciências Agrárias,QUALIDADE MICROBIOLÓGICA DO LEITE CRU PRODUZIDO EM UM LATICÍNIO NO MUNICÍPIO DE JANUÁRIA-MG
Ciências Agrárias,QUALIDADE MICROBIOLÓGICA DE QUEIJO MINAS FRESCAL PRODUZIDO EM UM MUNICÍPIO DA REGIÃO NORTE DO ESTADO DE MINAS GERAIS
Ciências Agrárias,AVALIAÇÃO DO DESENVOLVIMENTO MORFOLÓGICO DO CAPIM-BUFFEL NO PERÍODO OUTONO-INVERNO
Ciências Agrárias,AVALIAÇÃO DAS CARACTERÍSTICAS PRODUTIVAS E ESTRUTURAIS DA PALMA FORRAGEIRA CV. IPA SERTÂNIA EM DIFERENTES FORMAS DE PROPAGAÇÃO
Ciências Agrárias,LEVANTAMENTO FITOSSOCIOLÓGICO DE PLANTAS DANINHAS EM PASTAGENS
Ciências Agrárias,ANÁLISE MULTIVARIADA DE COMPONENTES DE RENDIMENTO DO AMENDOIM CV. IAC OL3 SOB DIFERENTES ARRANJOS DE PLANTIO
Ciências Agrárias,PRODUTIVIDADE DAS CULTIVARES DO GÊNERO BRACHIARIA IRRIGADOS NO PERÍODO SECO
Ciências Agrárias,EFEITO DE DOSES DE FÓSFORO E ZINCO NOS CARACTERES AGRONÔMICOS E NODULAÇÃO DE BACTÉRIAS DIAZOTRÓFICAS EM AMENDOIM IAC ST TATU.
Ciências Agrárias,SUBSTRATOS ORGÂNICOS ASSOCIADOS AO ÁCIDO INDOLBUTÍRICO NA PRODUÇÃO DE MUDAS POR ESTAQUIA DE PITAIA DE POLPA VERMELHA EM AMBIENTE PROTEGIDO
Ciências Agrárias,"DESEMPENHO AGRONÔMICO E FITOTÉCNICO DAS CULTIVARES DE MANDIOCA BRS 417, 418, 419 E 420 NO VALE DO JEQUITINHONHA"
Ciências Agrárias,DINÂMICA DE CARBONO ORGÂNICO EM LATOSSOLOS E CAMBISSOLOS DO BAIXO JEQUITINHONHA
Ciências Agrárias,"SUSCEPTIBILIDADE DE CINCO GENÓTIPOS DE BANANA À INFESTAÇÃO POR BROCA-DO-RIZOMA NAS CONDIÇÕES DO MUNICÍPIO DE ALMENARA, MINAS GERAIS"
Ciências Agrárias,EXSICATAS COMO FERRAMENTA PEDAGÓGICA: AGROECOLOGIA E MELIPONICULTURA NA EFA RENASCER NO VALE DO JEQUITINHONHA
Ciências Agrárias,EFICIÊNCIA DE ARMADILHAS ATRATIVAS NO MONITORAMENTO DA BROCA-DO-RIZOMA EM BANANAL
Ciências Agrárias,EFEITO DE DIFERENTES COMBINAÇÕES DE SUBSTRATOS E RECIPIENTES NO DESENVOLVIMENTO DE MUDAS DE MARACUJAZEIRO AMARELO
Ciências Agrárias,QUALIDADE FÍSICA DE SEMENTES SALVAS (S2) DE FEIJÕES-CAUPI CULTIVADAS NA REGIÃO DO BAIXO JEQUITINHONHA
Ciências Agrárias,IMPACTO DA ASSISTÊNCIA TÉCNICA E GESTÃO RURAL NA BOVINOCULTURA DE LEITE: ESTUDO DE CASO NO BAIXO JEQUITINHONHA
Ciências Agrárias,PRODUÇÃO DE MATÉRIA SECA NO SISTEMA DE INTEGRAÇÃO LAVOURA-PECUÁRIA COM SORGO BRS 658 E CAPIM-PAIAGUÁS
Ciências Agrárias,INFLUÊNCIA DA INTENSIDADE LUMINOSA NO CRESCIMENTO MORFOLÓGICO DE FEIJÃO-CAUPI (VIGNA UNGUICULATA)
Ciências Agrárias,TÉCNICAS DE PROPAGAÇÃO MUDAS FRUTÍFERAS: UMA EXPERIÊNCIA EXTENSIONISTA NO VALE DO JEQUITINHONHA–MG
Ciências Agrárias,AVALIAÇÃO DAS PROPRIEDADES FÍSICO-QUÍMICAS DO MEL COMERCIALIZADO NOS MUNICÍPIOS DE ALMENARA E JEQUITINHONHA–MG
Ciências Agrárias,CONDUTIVIDADE HIDRÁULICA E POROSIDADE DRENÁVEL DO SOLO DE UMA ÁREA DO CAMPUS - JANUÁRIA IFNMG .
Ciências Agrárias,"ANÁLISE DA CONTAMINAÇÃO BACTERIANA DO SÊMEN, PREPÚCIO E PÊNIS DE REPRODUTORES SUÍNOS"
Ciências Agrárias,ANÁLISE HIDROLÓGICA DO RIO COXÁ UTILIZANDO O SISTEMA SISCAH: CONTRIBUIÇÕES PARA A GESTÃO DOS RECURSOS HÍDRICOS NA BACIA DO SÃO FRANCISCO
Ciências Agrárias,SUPLEMENTAÇÃO A PASTO NA RECRIA E SEU IMPACTO NA TERMINAÇÃO EM CONFINAMENTO
Ciências Agrárias,ADUBO VERDE COMO ESTRATÉGIA PARA MELHORIA DA QUIMICA DO SOLO NAS CONDIÇÕES EDAFOCLIMATICAS DE JANUÁRIA.
Ciências Agrárias,DESEMPENHO DE NOVILHOS NELORE SUBMETIDOS A DIFERENTES NÍVEIS DE SUPLEMENTAÇÃO PROTEICO-ENERGÉTICA NA FASE DE RECRIA A PASTO.
Ciências Agrárias,DIFERENTES CONCENTRAÇÕES DE BIOFILME A BASE DE QUITOSANA: INFLUÊNCIA NA PERDA DE MASSA DO UMBU
Ciências Agrárias,"ALTURA DE PLANTA, TAMANHO DO CAPÍTULO E RENDIMENTO DE GRÃOS DE HÍBRIDOS DE GIRASSOL NA REGIÃO DO SEMIÁRIO MINEIRO"
Ciências Agrárias,EFEITO DA ADUBAÇÃO QUÍMICA SOBRE AS CARACTERÍSTICAS ESTRUTURAIS DE CULTIVARES DE PALMA FORRAGEIRA
Ciências Agrárias,PERFILHAMENTO DE CULTIVARES DO GÊNERO BRACHIARIA IRRIGADAS NO PERÍODO SECO
Ciências Agrárias,ENTREVISTA E DIÁLOGO COM AGRICULTORES FAMILIARES DA CIDADE DE JOAÍMA MINAS GERAIS.
Ciências Agrárias,ESTUDO PRELIMINAR SOBRE A ATUAÇÃO DA APITOXINA EM STAPHYLOCOCCUS AUREUS DE LEITE MASTÍTICO
Ciências Agrárias,PÓ DE ROCHA NO DESEMPENHO PRODUTIVO DE PLANTAS FORRAGEIRAS
Ciências Agrárias,"PERFIL QUÍMICO DE CACHAÇAS PRODUZIDAS COM LEVEDURAS SELECIONADAS: DETERMINAÇÃO DE CARBAMATO DE ETILA, COBRE, ÁLCOOL REAL E ACIDEZ VOLÁTIL"
Ciências Agrárias,DIFERENTES MÉTODOS DE CULTIVO DE IPÊ-ROSA (HANDROANTHUS HEPTAPHYLLUS) PARA ARBORIZAÇÃO E REFLORESTAMENTO
Ciências Agrárias,INFLUÊNCIA DE DIFERENTES RECIPIENTES NA QUALIDADE DE MUDAS E NO DESENVOLVIMENTO EM CAMPO DE KHAYA SENEGALENSIS
Ciências Agrárias,COMPORTAMENTO INGESTIVO DE NOVILHOS EM CONFINAMENTO SOB DIETAS COM E SEM VOLUMOSO
Ciências Agrárias,PREDIÇÃO DE GENE LÍDER NA INFECÇÃO POR INFLUENZA VÍRUS SUÍNO: ANÁLISE BIOINFORMÁTICA
Ciências Agrárias,DIVULGAÇÃO CIENTÍFICA E ENGAJAMENTO SOCIAL NA ENGENHARIA FLORESTAL POR MEIO DA EXTENSÃO UNIVERSITÁRIA
Ciências Agrárias,ZONEAMENTO AGROCLIMÁTICO DA CULTURA DO ABACAXI PARA A REGIÃO DO MÉDIO JEQUITINHONHA
Ciências Agrárias,EXTRAÇÃO DO ÓLEO ESSENCIAL DA CASCA DA LARANJA (CITRUS SINENSIS)
Ciências Agrárias,DISTRIBUIÇÃO ESPAÇO-TEMPORAL DE APHIS GOSSYPII E COCCINELLIDAE EM ALGODÃO NO VALE DO JEQUITINHONHA
Ciências Agrárias,EFEITO DO FUNGO ENTOMOPATOGÊNICO BEAUVERIA BASSIANA EM PUPAS DE SPODOPTERA FRUGIPERDA
Ciências Agrárias,ÍNDICE DE PERIGO DE INCÊNDIO FLORESTAL: APLICAÇÃO EM UMA ÁREA EXPERIMENTAL DO IFNMG – CAMPUS SALINAS
Ciências Agrárias,CARACTERIZAÇÃO BIOMÉTRICA E FISIOLÓGICA DE SEMENTES DE GENÓTIPOS DE FEIJÃO-COMUM (PHASEOLUS VULGARIS L.) CULTIVADOS NO VALE DO JEQUITINHONHA – MG
Ciências Agrárias,QUALIDADE FISIOLÓGICA DE SEMENTES SALVAS (S2) DE FEIJÕES CAUPI CULTIVADAS NA REGIÃO DO BAIXO JEQUITINHONHA
Ciências Agrárias,AS CARACTERÍSTICAS DO AMBIENTE E SUA RELAÇÃO COM A OCORRÊNCIA DE FOCOS DE INCÊNCIO NO CERRADO EM MINAS GERAIS
Ciências Agrárias,ESTIMATIVA DA PERDA DE SOLOS NA BACIA HIDROGRÁFICA DO RIO URUCUIA
Ciências Agrárias,PRODUTIVIDADE DO MILHO EM RESPOSTA A APLICAÇÃO DE NITROGÊNIO E À INOCULAÇÃO COM AZOSPIRILLUM BRASILENSE E BACILLUS SUBTILIS
Ciências Agrárias,QUANTIFICAÇÃO DO TEOR DE HIDROXIMETILFURFURAL PELO MÉTODO ESPECTROFOTOMÉTRICO DE WHITE
Ciências Agrárias,COMPARAÇÃO DE DESEMPENHO DA ESPECTROSCOPIA NAS FAIXAS VIS-NIR E MIR PARA PREDIÇÃO DE ATRIBUTOS DO SOLO EM ÁREAS NATIVAS E DE MANEJO
Ciências Agrárias,EFEITO DO HIDROXIMETILFURFURAL EM BACTÉRIAS TOTAIS DE LEITE MASTÍTICO: UM ESTUDO PRELIMINAR
Ciências Agrárias,DELIMITAÇÃO DE ZONAS DE MANEJO NA CULTURA DA BANANA USANDO ATRIBUTOS FÍSICO-QUÍMICOS E TOPOGRÁFICOS DO SOLO
Ciências Agrárias,PATOGENICIDADE CRUZADA DE FUSARIUM OXYSPORUM DE GRÃO-DE-BICO COM DIFERENTES MÉTODOS DE INOCULAÇÃO E A REAÇÃO DE GENÓTIPOS DE FEIJÃO-COMUM
Ciências Agrárias,"DESEMPENHO AGRONÔMICO DA CENOURA (DAUCUS CAROTA L.), EM SOLO NATURALMENTE INFESTADO POR FITONEMATOIDES."
Ciências Agrárias,"COMPARAÇÃO DA PRODUTIVIDADE DA CENOURA (DAUCUS CAROTA L.), E BETERRABA (BETA VULGARIS L.), EM SOLOS COM INFESTAÇÃO NATURAL DE NEMATÓIDES"
Ciências Agrárias,RENDIMENTO DE APITOXINA PELO MÉTODO DE COLETA ELÉTRICA EM APIÁRIOS DO VALE DO JEQUITINHONHA
Ciências Agrárias,ESTIMATIVA DA EVAPOTRANSPIRAÇÃO POR MEIO DE SENSORIAMENTO REMOTO: UMA ABORDAGEM PARA O MANEJO DA ÁGUA NO NOROESTE DE MINAS GERAIS
Ciências Agrárias,DINÂMICA DA COBERTURA VEGETAL NA APA MATA DO KRAMBECK ENTRE 2015 E 2025 POR MEIO DA SUBTRAÇÃO DE IMAGENS NDVI
Ciências Agrárias,EFEITO DO TEMPO DE IMERSÃO NA EFICIÊNCIA DE EXTRAÇÃO DA POLPA DE BARU (DIPTERYX ALATA VOG.)
Ciências Agrárias,TERMOTOLERÂNCIA EM DIFERENTES VARIEDADES DE FEIJÃO CAUPI: EFEITO NA MASSA FRESCA DA PARTE AÉREA E DA RADICULA
Ciências Agrárias,MONITORAMENTO DE PIGMENTOS FOTOSSINTÉTICOS NA CULTURA DA BANANA USANDO SENSORIAMENTO REMOTO ORBITAL
Ciências Agrárias,CARACTERIZAÇÃO E NÍVEL TECNOLÓGICO DOS APICULTORES DE JANUÁRIA – MINAS GERAIS
Ciências Agrárias,TERMOTOLERÂNCIA EM DIFERENTES VARIEDADES DE FEIJÃO CAUPI: EFEITO NA MASSA SECA DA PARTE AÉREA E DA RADÍCULA
Ciências Agrárias,DENSIDADE DE PLANTIO NO MANEJO DO FEIJÃO MUNGO-VERDE (VIGNA RADIATA) CULTIVADO NO SEMIÁRIDO DE MINAS GERAIS
Ciências Agrárias,VARIABILIDADE ESPACIAL DE ATRIBUTOS FÍSICO-QUÍMICOS DO SOLO EM BANANAL IRRIGADO
Ciências Agrárias,CARCAÇA DE NOVILHOS NELORE SUBMETIDOS A DIFERENTES ESTRATÉGIAS NUTRICIONAIS
Ciências Agrárias,MELIPONICULTURA E MULHERES: FORTALECIMENTO DA CADEIA APÍCOLA DO VALE DO JEQUITINHONHA
Ciências Agrárias,ANÁLISE COMPARATIVA E OPERACIONAL DO PROGRAMA DE AQUISIÇÃO DE ALIMENTOS (PAA) EM JANUÁRIA-MG
Ciências Agrárias,LEITE A2A2: CARACTERIZAÇÃO FÍSICO-QUÍMICA E MICROBIOLÓGICA DO LEITE DE ANIMAIS PRODUTORES EM SALINAS/MG
Ciências Agrárias,MOSCAS DAS FRUTAS E SUAS INTERAÇÕES TRITRÓFICAS NO IFNMG - CAMPUS JANUÁRIA
Ciências Agrárias,ALTURA E DIÂMETRO DA HASTE PRINCIPAL DE VARIEDADES DE AMENDOIM (ARACHIS HYPOGEA L.) CULTIVADAS EM REGIME DE SEQUEIRO NO SEMIÁRIDO MINEIRO
Ciências Agrárias,DESENVOLVIMENTO DE PLÂNTULAS DE ORMOSIA ARBOREA OBTIDAS EM DIFERENTES CONDIÇÕES DE TRANSPLANTE E SUBSTRATO
Ciências Agrárias,CAPACIDADE DE ENRAIZAMENTO DE ESTACAS DE ESPÉCIES NATIVAS DE MATA DE GALERIA PARA USO EM OBRAS DE BIOENGENHARIA
Ciências Agrárias,QUALIDADE DA ÁGUA DE DIFERENTES FONTES DE RECURSOS HÍDRICOS NA CONVIVÊNCIA COM A SECA DO SEMIÁRIDO MINEIRO
Ciências Agrárias,AVALIAÇÃO DE GRÃOS DE CULTIVARES DE FEIJÃO CAUPI PARA O NORTE DE MINAS GERAIS: SAFRA 2024
Ciências Agrárias,PRODUTOS APÍCOLAS DO VALE DO JEQUITINHONHA COM POTENCIAL PARA INDICAÇÃO GEOGRÁFICA
Ciências Agrárias,"DESENVOLVIMENTO DE CULTIVARES PARA O AGRONEGÓCIO DO FEIJÃO-CAUPI, NO SEMIÁRIDO DE MINAS GERAIS: SAFRA 2025"
Ciências Agrárias,RELAÇÃO DO TEOR DE UMIDADE DE UM LATOSSOLO ARENOSO EM DIFERENTES CONDIÇÕES DE USO
Ciências Agrárias,DINÂMICA DA COBERTURA VEGETAL NA APA DO RIO PANDEIROS ENTRE 2015 E 2025 POR MEIO DA SUBTRAÇÃO DE IMAGENS NDVI
Ciências Agrárias,DIÂMETRO DE HASTE PRINCIPAL DE CULTIVARES DE AMENDOIM NO SEMIÁRIDO MINEIRO
Ciências Agrárias,CIANAMIDA HIDROGENADA NA BROTAÇÃO E FLORAÇÃO DA MACIEIRA ‘EVA’ NA REGIÃO SEMIÁRIDA DE MINAS GERAIS
Ciências Agrárias,DINÂMICA DA COBERTURA VEGETAL NA TERRA INDÍGENA XAKRIABÁ RANCHARIA ENTRE 2015 E 2025 POR MEIO DA SUBTRAÇÃO DE IMAGENS NDVI
Ciências Agrárias,CALIBRAÇÃO DE SENSOR DE UMIDADE DO SOLO COM MICROCONTROLADOR ARDUINO
Ciências Agrárias,RELAÇÃO DA LEITURA DO CLOROFILÔMETRO NA FOLHA DO CAPIAÇU (PENNISETUMPURPUREUM) E O TEOR DE FÓSFORO DO SOLO
Ciências Agrárias,INFLUÊNCIA DE ESPAÇAMENTO E DENSIDADE DE PLANTIO NA NODULAÇÃO EM VARIEDADES DE AMENDOIM CV. IAC OL3 CULTIVADO NO NORTE DE MINAS GERAIS
Ciências Agrárias,DINÂMICA DA COBERTURA VEGETAL NA APA FERNÃO DIAS ENTRE 2015 E 2025 POR MEIO DA SUBTRAÇÃO DE IMAGENS NDVI
Ciências Agrárias,DINÂMICA DA COBERTURA VEGETAL NA APA ÁGUAS VERTENTES ENTRE 2016 E 2025 POR MEIO DA SUBTRAÇÃO DE IMAGENS NDVI
Ciências Agrárias,DINÂMICA DA COBERTURA VEGETAL NA APA ÁGUAS VERTENTES ENTRE 2016 E 2025 POR MEIO DA SUBTRAÇÃO DE IMAGENS NDVI
Ciências Agrárias,GERMINAÇÃO DE SEMENTES DE MIMOSA TENUIFLORA SUBMETIDAS A DIFERENTES MÉTODOS DE SUPERAÇÃO DE DORMÊNCIA
Ciências Agrárias,UTILIZAÇÃO DA CROMATOGRAFIA CIRCULAR DE PFEIFFER COMO FERRAMENTA ALTERNATIVA SOBRE A QUALIDADE DE SOLOS
Ciências Agrárias,VIABILIDADE DA GERMINAÇÃO DE SEMENTES DE AMBURANA CEARENSIS EM DIFERENTES TEMPOS DE ARMAZENAMENTO
Ciências Agrárias,ALTURA DE PLANTA DE AMENDOIM NO NORTE DE MINAS GERAIS
Ciências Agrárias,GERMINAÇÃO DE CULTIVARES DE FEIJÃO CAUPI (VIGNA UNGUICULATA - FABACEAE) EM DIFERENTES TEMPERATURAS NO SEMIARIDO MINEIRO
Ciências Agrárias,ANÁLISE DO DESEMPENHO DO AERADOR HIDRÁULICO MODELO “SAMUKA” COM TUBO DE VENTURI NA OXIGENAÇÃO DE TANQUES DE PISICULTURA
Ciências Agrárias,GEOPROCESSAMENTO COMO FERRAMENTA DIFERENCIAL NA AVALIAÇÃO DA UNIFORMIDADE DE IRRIGAÇÃO: ESTUDO DE CASO NA OLERICULTURA DO IFNMG JANUÁRIA
Ciências Agrárias,CONSTRUÇÃO DO AERADOR HIDRÁULICO MODELO “SAMUKA” COM TUBO DE VENTURI PARA OXIGENAÇÃO EM TANQUES DE PISCICULTURA
Ciências Agrárias,INFLUÊNCIA DA TERMOTOLERÂNCIA NA GERMINAÇÃO DE CULTIVARES DE FEIJÃO CAUPI NO SEMIARIDO MINEIRO
Ciências Agrárias,FITOTOXICIDADE EM PLANTAS DE AMENDOIM IAC TATU EM RESPOSTA À PRESENÇA DE SILÍCIO E ALUMÍNIO EM SOLO DE CULTIVO
Ciências Agrárias,CICLO DE DESENVOLVIMENTO E FLORAÇÃO DE CULTIVARES DE FEIJÃO CAUPI CULTIVADOS NO SEMIÁRIDO DE MINAS GERAIS: SAFRA 2025
Ciências Agrárias,DETERMINAÇÃO DAS CARACTERÍSTICAS FÍSICAS E MORFOMETRIA DA BACIA HIDROGRÁFICA DA BARRAGEM DA COPASA EM DIAMANTINA/MG: ANÁLISE DO USO E OCUPAÇÃO DO SOLO EM 1985 E 2023 E ELABORAÇÃO DO MAPA HIPSOMÉTRICO
Ciências Biológicas,EXTRATO ALCOÓLICO DE PRÓPOLIS E ÓLEOS ESSENCIAIS COMO AGENTES DE BIOCONTROLE EM COMBATE AO FUNGO CANDIDA ALBICANS
Ciências Biológicas,QUALIDADE MICROBIOLÓGICA DA ÁGUA DE POÇOS ARTESIANOS E CISTERNAS DE CAPTAÇÃO DE ÁGUA DE CHUVA DE UMA COMUNIDADE RURAL DO MUNICÍPIO DE JANUÁRIA-MG
Ciências Biológicas,"AVALIAÇÃO DO NÍVEL DE CONHECIMENTO SOBRE ESQUISTOSSOMOSE EM UMA ESCOLA PÚBLICA DO DISTRITO DE SÃO JOAQUIM, MUNICÍPIO DE JANUÁRIA-MG"
Ciências Biológicas,UTILIZAÇÃO DE LABORATÓRIOS PRÁTICOS PARA O PROCESSO DE APRENDIZAGEM DE ESTUDANTES DO CURSO DE LICENCIATURA EM CIÊNCIAS BIOLÓGICAS DO IFNMG CAMPUS JANUÁRIA
Ciências Biológicas,UTILIZAÇÃO DE EXTRATO DE CYMBOPOGON CITRATUS COMO LARVICIDA NO CONTROLE DE AEDES AEGYPTI
Ciências Biológicas,QUALIDADE DO AR AMBIENTAL EM ESTABELECIMENTOS COMERCIAIS DA CIDADE DE JANUÁRIA-MG
Ciências Biológicas,CONTAMINAÇÃO DE MAÇANETAS DE PORTAS EM UMA ESCOLA PÚBLICA DO MUNICÍPIO DE JANUÁRIA-MG
Ciências Biológicas,QUALIDADE DA ÁGUA ARMAZENADA EM CISTERNAS DE PLACAS DE UMA COMUNIDADE RURAL DO MUNICÍPIO DE CONÊGO MARINHO-MG
Ciências Biológicas,ANÁLISE DA CONTAMINAÇÃO MICROBIOLÓGICA EM MAÇANETAS DE PORTAS DO IFNMG CAMPUS JANUÁRIA.
Ciências Biológicas,A EXTRAÇÃO DO DNA DA BANANA COMO INSTRUMENTO DIDÁTICO PARA O ENSINO DE GENÉTICA NO ENSINO MÉDIO
Ciências Biológicas,AVALIAÇÃO FITOQUÍMICA DO EXTRATO HIDROALCOÓLICO DE STRYPHNODENDRON ADSTRINGENS
Ciências Biológicas,TRILHA CELULAR: A GAMIFICAÇÃO COMO FERRAMENTA NO ENSINO DA CITOLOGIA
Ciências Biológicas,A FERMENTAÇÃO E FUNCIONALIDADE: O PAPEL DOS MICRORGANISMOS NA PRODUÇÃO DE ALIMENTOS: PERCEPÇÃO DOS ESTUDANTES DA ESCOLA PROFESSORA ZINA
Ciências Biológicas,ALUMÍNIO EM FRUTOS NATIVOS DO CERRADO: UMA INVESTIGAÇÃO SOBRE ACÚMULO E CONSUMO HUMANO
Ciências Biológicas,ESPECIALIZAÇÃO DA OCORRÊNCIA DE FITONEMATÓIDES EM ÁREAS SEM USO AGRÍCOLA E COM PLANTIO DE FRUTÍFERAS NO IFNMG CAMPUS JANUÁRIA
Ciências Biológicas,PROJETO PEDAGÓGICO SOBRE O REINO PLANTAE COM ESTUDANTES DO 8°ANO
Ciências Biológicas,"CERRADO, CONHECER PARA PRESERVAR, E PRESERVAR PARA SOBREVIVER"
Ciências Biológicas,METODOLOGIAS ATIVAS NO ENSINO DE CIÊNCIAS: O USO DO FILME OSMOSE JONES COMO FERRAMENTA FACILITADORA DA APRENDIZAGEM.
Ciências Biológicas,A HORTA ESCOLAR COMO FERRAMENTA DE EDUCAÇÃO AMBIENTAL: ANÁLISE DA PARTICIPAÇÃO E PERCEPÇÃO DOS ALUNOS
Ciências Biológicas,ESTUDO COMPARATIVO DAS COMUNIDADES MICROBIANAS EM SOLOS CULTIVADOS COM A CANA-DE-AÇÚCAR NO MUNICÍPIO DE JANUÁRIA- MG
Ciências Biológicas,A SAÚDE MENTAL DOS ACADÊMICOS DO CURSO DE LICENCIATURA EM CIÊNCIAS BIOLÓGICAS DO INSTITUTO FEDERAL DO NORTE DE MINAS GERAIS CAMPUS JANUÁRIA NO CONTEXTO DA PANDEMIA DA COVID-19
Ciências Biológicas,ATIVIDADE LARVICIDA DO EXTRADO AQUOSO DAS FOLHAS DE CHENOPODIUM AMBROSIOIDES L. SOBRE AS LARVAS DE AEDES AEGYPTI
Ciências Biológicas,INDICES DE INFESTAÇÃO DE MOSCAS DAS FRUTAS E SUAS INTERAÇÕES TRÓFICAS NO IFNMG - CAMPUS JANUÁRIA
Ciências da Saúde,PRODUÇÃO CIENTÍFICA EM CIÊNCIAS DA SAÚDE: AVALIAÇÃO E INDICADORES DOS PESQUISADORES DO CNPQ
Ciências da Saúde,AVALIAÇÃO DA HIGIENIZAÇÃO DAS MÃOS PARA CONTROLE DE INFECÇÃO EM UMA UNIDADE DE SAÚDE NO MUNICÍPIO DE JANUÁRIA-MG
Ciências da Saúde,AVALIAÇÃO DA QUALIDADE DE VIDA DE ESTUDANTES DE GRADUAÇÃO DE UMA INSTITUIÇÃO PÚBLICA DE ENSINO SUPERIOR POR MEIO DO WHOQOL-BREF
Ciências da Saúde,CONTRIBUIÇÕES DA ATIVIDADE FÍSICA PARA A QUALIDADE DE VIDA DE IDOSOS
Ciências da Saúde,ESTUDO RETROSPECTIVO DE CASOS DE LEPTOSPIROSE NO BRASIL E NO ESTADO DE SÃO PAULO DURANTE ANOS DE 2020 A 2024
Ciências da Saúde,GEOESTATÍSTICA E REGIONALIZAÇÃO DO AGRAVAMENTO DAS INFECÇÕES POR DENGUE: O ESTADO DAS MINAS POR MEIO DA TECNOLOGIA GEOGRÁFICA
Ciências da Saúde,"""ENTRE O DIAGNÓSTICO E O CONTROLE: PANORAMA EPIDEMIOLÓGICO DA LEISHMANIOSE TEGUMENTAR AMERICANA EM TEÓFILO OTONI, MG (2020 A 2024)"
Ciências da Saúde,PADRÕES DE OCORRÊNCIA DA FEBRE AMARELA NO BRASIL DE 2020 A 2025: ANÁLISE EPIDEMIOLÓGICA
Ciências da Saúde,ANÁLISE EPIDEMIOLÓGICA DE ACIDENTES OFÍDICOS EM MINAS GERAIS: UM ESTUDO RETROSPECTIVO DE 2020 A 2024
Ciências da Saúde,LEISHMANIOSE TEGUMENTAR AMERICANA EM JANUÁRIA (MG): TENDÊNCIAS E DESAFIOS ENTRE 2020 E 2024
Ciências da Saúde,"ADICÇÃO EM INTERNET, EM REDES SOCIAIS OU EM SMARTPHONE? TERCEIRO ANO DE UMA ANÁLISE PROSPECTIVA"
Ciências da Saúde,"ENFRENTAMENTO AO TABAGISMO COM EDUCAÇÃO, INTERSETORIALIDADE E INOVAÇÃO NO NORTE DE MINAS GERAIS"
Ciências da Saúde,OCORRÊNCIA E PERFIL DOS ACIDENTES OFÍDICOS E ARANEÍDICOS NO ESTADO DE MINAS GERAIS
Ciências da Saúde,DESEMPENHO ESCOLAR DOS ESTUDANTES DO ENSINO MÉDIO: APOIO SOCIAL E FAMILIAR
Ciências da Saúde,DINÂMICA EPIDEMIOLÓGICA DA SÍFILIS ADQUIRIDA EM MINAS GERAIS ENTRE 2020 A JUNHO DE 2024
Ciências da Saúde,ANÁLISE EPIDEMIOLÓGICA DE ACIDENTES OFÍDICOS PELO GÊNERO LACHESIS: UM ESTUDO RETROSPECTIVO DE 2020 A 2024
Engenharias,USO DE LIDAR ORBITAL (GEDI) NA AVALIAÇÃO DE ESTRUTURA DA VEGETAÇÃO NO CERRADO
Engenharias,PARTIDA ESTRELA-TRIÂNGULO COM REVERSÃO AUTOMATIZADA APLICADA A UMA ESTEIRA INDUSTRIAL EM MONTES CLAROS/MG
Engenharias,IMPACTO DA ORIENTAÇÃO E DO SOMBREAMENTO NA PERFORMANCE DE CARPORTS SOLARES: ESTUDO DE CASO NO IFNMG – CAMPUS MONTES CLAROS
Engenharias,BIOETANOL DE TERCEIRA GERAÇÃO: POTENCIAL DA MICROALGA EUGLENA GRACILIS
Engenharias,AVALIAÇÃO E OTIMIZAÇÃO DOS PARÂMETROS OPERACIONAIS DA PRODUÇÃO DE BIO-HIDROGÊNIO A PARTIR DE MICROALGAS
Engenharias,DETERMINAÇÃO DA ENTALPIA DE VAPORIZAÇÃO DA ÁGUA E DA PRESSÃO ATMOSFÉRICA PELA EQUAÇÃO DE CLAUSIUS-CLAPEYRON
Engenharias,ANÁLISE DOS PARÂMETROS FÍSICO-QUÍMICOS EM ESTAÇÕES DE TRATAMENTO DE EFLUENTES
Engenharias,MODELAGEM TERMODINÂMICA E SIMULAÇÃO COMPUTACIONAL DO EQUILÍBRIO LÍQUIDO‑VAPOR DE METANOL/ACETATO DE METILA
Engenharias,AVANÇOS NA PRODUÇÃO DE ETANOL DE SEGUNDA GERAÇÃO: UMA ANÁLISE DA EVOLUÇÃO TECNOLÓGICA GLOBAL E DAS INOVAÇÕES ENZIMÁTICAS (1978–2025)
Engenharias,RELATÓRIO EXPERIMENTAL: DETERMINAÇÃO DA ENTALPIA DE VAPORIZAÇÃO DA ÁGUA POR EQUILÍBRIO LÍQUIDO - VAPOR
Engenharias,AVALIAÇÃO TOXICOLÓGICA E FARMACOCINÉTICA IN SILICO DO CEFTIOFUR NA SAÚDE HUMANA E AMBIENTAL
Engenharias,COMPARAÇÃO DA EFICIÊNCIA DE ADSORÇÃO DE HIDROGÊNIO EM MATERIAIS OBTIDOS DE FONTES RECICLÁVEIS E NÃO RECICLÁVEIS
Engenharias,VIABILIDADE ECONÔMICA DO APROVEITAMENTO DO SORO DE LEITE PARA PRODUÇÃO DE BEBIDA LÁCTEA: ESTUDO DE CASO EM UMA INSTITUIÇÃO DE ENSINO TÉCNICO E SUPERIOR
Engenharias,AVALIAÇÃO DO TRATAMENTO BIOLÓGICO DE ESGOTO DE UM POSTO DE GASOLINA A PARTIR DO USO DA TECNOLOGIA BIOETE DE UMA EMPRESA DE SANEAMENTO
Engenharias,AVALIAÇÃO TOXICOLÓGICA IN SILICO HUMANA E AMBIENTAL PARA O ANTIBIÓTICO ENROFLOXACINA
Engenharias,SUBSTITUIÇÃO PARCIAL DA AREIA POR RESÍDUO DE VIDRO RECICLADO EM ARGAMASSA CIMENTÍCIA
Engenharias,CARACTERIZAÇÃO FÍSICO-HÍDRICA DOS SOLOS EM UMA BACIA HIDROGRÁFICA EXPERIMENTAL (RESULTADOS PRELIMINARES)
Engenharias,MODELAGEM MOLECULAR E ESTUDO TOXICOLÓGICO IN SILICO HUMANO E AMBIENTAL PARA OS ANTIBIÓTICOS TRIMETOPRIMA E SULFADOXINA
Engenharias,PROPRIEDADES TERMOFÍSICAS DE FRUTAS TROPICAIS: EFEITO DA DESIDRATAÇÃO E ORIENTAÇÃO ESTRUTURAL NA CONDUTIVIDADE TÉRMICA
Engenharias,"MODELAGEM DA CINÉTICA DE SECAGEM DE FRUTAS TROPICAIS (BANANA, MANGA E ABACAXI) UTILIZANDO O MODELO DE PAGE"
Engenharias,"ESTIMATIVA DE VAZÃO MÍNIMA PARA O RIO PANDEIROS -MG PELO MÉTODO Q7,10, Q90 E Q95"
Engenharias,ANÁLISE DO TRABALHO EM CICLOS TERMODINÂMICOS VIA INTEGRAL DE LINHA
Engenharias,ANÁLISE COMPARATIVA DA PRODUÇÃO DE ETANOL A PARTIR DA CANA-DE-AÇÚCAR E MILHO NO BRASIL
Engenharias,APLICAÇÃO DE CÁLCULO NUMÉRICO EM ELETROMAGNETISMO: SIMULAÇÃO COMPUTACIONAL DE LINHAS DE CAMPO ELÉTRICO VIA PYTHON
Engenharias,ÁREAS POTENCIAIS DE RECARGA NA BACIA HIDROGRÁFICA DO RIO PARDO
Engenharias,DETERMINAÇÃO DAS ÁREAS PRIORITÁRIAS À CONSERVAÇÃO NA BACIA DO RIO MOSQUITO
Engenharias,DESENVOLVIMENTO E OTIMIZAÇÃO DE EMULSÃO COSMÉTICA À BASE DE ÓLEO DE CALÊNDULA: UMA PROPOSTA INOVADORA PARA A INDÚSTRIA DE COSMÉTICOS
Engenharias,INSTRUMENTAÇÃO E MODELAGEM COMPUTACIONAL DE UMA TORRE DE RESFRIAMENTO EM CFD
Engenharias,ANÁLISE E MONITORAMENTO DA DEMANDA ENERGÉTICA FRENTE À EXPANSÃO DA ELETROMOBILIDADE NO BRASIL
Engenharias,UTILIZAÇÃO DE MICROCONTROLADOR STM32WLE5JC COM COMUNICAÇÃO LORA PARA APLICAÇÃO EM IOT
Engenharias,CONCENTRAÇÃO DE LÍTIO E MONITORAMENTO DA QUALIDADE DA ÁGUA E SEDIMENTOS DO RIO PIAUÍ INFLUENCIADO POR ATIVIDADES MINERÁRIAS
Engenharias,DESENVOLVIMENTO DE FORMULAÇÕES DE MAIONESE UTILIZANDO MÉTODO ESTATÍSTICO DE MISTURA
Engenharias,UMA ABORDAGEM MATEMÁTICA: TROCADORES DE CALOR EM PROCESSOS NA INDÚSTRIA DE LATICÍNIOS
Engenharias,CONTRIBUIÇÕES PARA A ANÁLISE DE ESTABILIDADE DE EDIFÍCIOS DE CONCRETO ARMADO E EFEITOS DE SEGUNDA ORDEM
Engenharias,AVALIAÇÃO DA INFLUÊNCIA DO TEMPO DE PENEIRAMENTO EM AGITADOR DE BANCADA NA SEPARAÇÃO GRANULOMÉTRICA DE XISTO
Engenharias,APLICAÇÃO DO CÁLCULO DE PH NA ENGENHARIA QUÍMICA
Engenharias,ROBÔ TREINADOR PARA TÊNIS DE MESA
Engenharias,AVALIAÇÃO DE DIFERENTES MATERIAIS COMO ELETRODOS PARA A GERAÇÃO DE HIDROGÊNIO VIA ELETRÓLISE ALCALINA DA ÁGUA
Engenharias,ANÁLISE COMPARATIVA ENTRE AS PROPRIEDADES DAS MADEIRAS DE PINUS E JATOBÁ PARA A APLICAÇÃO NA CONSTRUÇÃO
Engenharias,PROPOSTA E VALIDAÇÃO DE UM SISTEMA DE DETECÇÃO DE INTRUSÃO LEVE E ORIENTADO À PRIVACIDADE PARA REDES IOT RESIDENCIAIS BASEADO EM APRENDIZADO PROFUNDO NO GATEWAY DE REDE
Engenharias,MODELAGEM MOLECULAR E ESTUDO TOXICOLÓGICO IN SILICO AMBIENTAL E HUMANO PARA O ANTIBIÓTICO CEFALEXINA
Engenharias,ANÁLISE COMPARATIVA DOS ESFORÇOS DE FLEXÃO EM PLACAS DELGADAS
Engenharias,ENGENHARIA DE PROMPT PARA TODOS: PROPOSTA DE UM PROJETO DE APRENDIZAGEM PARA A CRIAÇÃO DE COMANDOS EFICAZES EM INTELIGÊNCIA ARTIFICIAL
Engenharias,SIMULAÇÃO DE PROCESSO E OTIMIZAÇÃO DE COLUNA DE DESTILAÇÃO BINÁRIA COM DSWIM: APLICAÇÕES EM SISTEMAS BENZENO-TOLUENO
Engenharias,OTIMIZAÇÃO ENERGÉTICA EM REDES DE AR COMPRIMIDO VIA CONTROLADOR PID
Ciências Humanas,TERRITÓRIO – ABRANGÊNCIA DO INSTITUTO FEDERAL DO NORTE DE MINAS - IFNMG CAMPUS ARINOS E AS COMUNIDADES QUILOMBOLAS.
Ciências Humanas,"TESSITURA DE TRAMAS, PROSAS, TROCA DE EXPERIÊNCIAS NA SEGUNDA SEMANA DA AGROBIODIVERSIDADE NO IFNMG - CAMPUS ARAÇUAÍ"
Ciências Humanas,VIVÊNCIAS DA EDUCAÇÃO DO CAMPO NO MÉDIO VALE DO JEQUITINHONHA: A VOZ DOS PROTAGONISTAS DO PROCESSO EDUCATIVO
Ciências Humanas,PROGRAMA DE GESTÃO E DESEMPENHO E A QUALIDADE DE VIDA NO TELETRABALHO: CONTRIBUIÇÕES AOS SERVIDORES TÉCNICO-ADMINISTRATIVOS EM EDUCAÇÃO DO IFNMG
Ciências Humanas,DESAFIOS DO ACESSO E DA PERMANÊNCIA NO ENSINO SUPERIOR: UMA ANÁLISE DO PERFIL ESTUDANTIL NO IFNMG – CAMPUS MONTES CLAROS
Ciências Humanas,LABORATÓRIO DE PRÁTICAS PEDAGÓGICAS E METODOLOGIAS ATIVAS (LAPP) DO IFNMG/CAMPUS JANUÁRIA: UM PANORAMA DA UTILIZAÇÃO DESSE ESPAÇO DE ENSINO-APRENDIZAGEM
Ciências Humanas,ORÇAMENTO PARTICIPATIVO DA ESCOLA - OPE
Ciências Humanas,PRESENÇA E PERMANÊNCIA DE ESTUDANTES COM DEFICIÊNCIA NO ENSINO SUPERIOR: ANÁLISE NO CONTEXTO DO IFNMG-CAMPUS PIRAPORA (2016-2025)
Ciências Humanas,A SALA DE RECURSOS MULTIFUNCIONAIS COMO ESPAÇO DE ATENDIMENTO EDUCACIONAL ESPECIALIZADO E FORMAÇÃO CONTINUADA
Ciências Humanas,A REGIÃO NORTE DE MINAS GERAIS SOB ANÁLISE SINTETIZADA: O DESENVOLVIMENTO SOCIAL DOS MUNICÍPIOS
Ciências Humanas,O IMPACTO DAS TECNOLOGIAS DIGITAIS NO ENSINO E APRENDIZADO DA MATEMÁTICA
Ciências Humanas,O USO DO ROBLOX STUDIO PARA FORMAÇÃO DE PROFESSORES NA EDUCAÇÃO PROFISSIONAL E TECNOLÓGICA
Ciências Humanas,A BRINCADEIRA “CABRA-CEGA” NA EDUCAÇÃO INFANTIL: UM RELATO DO PIBID
Ciências Humanas,GÊNESE E PERMANÊNCIA DA REGIÃO DO VALE DO JEQUITINHONHA NO PROCESSO HISTÓRICO: O PROBLEMA DA DESIGUALDADE REGIONAL SOB PERSPECTIVA CULTURAL E ECONÔMICA.
Ciências Humanas,PARTILHA E VIVÊNCIA COMO PRINCÍPIOS EDUCATIVOS DO ASSENTAMENTO ARUEGA. NOTAS A PARTIR DE UMA VISITA TÉCNICA DOS ESTUDANTES DOS CURSOS TÉCNICOS DO IFNMG – CAMPUS ARAÇUAÍ
Ciências Humanas,TRIAGEM DE ANSIEDADE EM ESTUDANTES DO ENSINO PROFISSIONAL E TECNOLÓGICO
Ciências Humanas,ESTRELAS NA NOITE DO BRASIL: MÚSICA E ENSINO DE HISTÓRIA DA DITADURA MILITAR (1964-1985)
Ciências Humanas,DESAFIOS DA ERA DIGITAL: ADICÇÃO EM SMARTPHONES E INTERNET EM PROFESSORES DO ENSINO FUNDAMENTAL I DA REDE MUNICIPAL DE BOCAIUVA - MG
Ciências Humanas,A PERSPECTIVA DOCENTE ACERCA DO PAPEL DA LEITURA NA FORMAÇÃO HUMANA
Ciências Humanas,A LEI DE COTAS NO IFNMG-CAMPUS JANUÁRIA: UMA REFLEXÃO NECESSÁRIA A PARTIR DOS COTISTAS
Ciências Humanas,REGISTROS DE REPRESENTAÇÃO SEMIÓTICA DE DUVAL NO ENSINO DOS NÚMEROS NATURAIS NO 3º ANO DO ENSINO FUNDAMENTAL
Ciências Humanas,OFICINA DE SEMIÓTICA APLICADA À INTERAÇÃO HUMANO -COMPUTADOR: UMA ABORDAGEM INTERDISCIPLINAR PARA A LEITURA DE INTERFACES DIGITAIS
Ciências Humanas,DITADO DIVERTIDO E A ALFABETIZAÇÃO LÚDICA: UMA EXPERIÊNCIA NO PIBID
Ciências Humanas,O REMANESCENTE QUILOMBOLA MARGEM DA LINHA EM TEÓFILO OTONI-MG: PRIMEIRAS APROXIMAÇÕES DE UMA PESQUISA EM CONSTRUÇÃO
Ciências Humanas,INTELIGÊNCIAS MÚLTIPLAS NO PROJETO EXISTENCIAL DE EMANCIPAÇÃO DO SUJEITO NA EDUCAÇÃO PROFISSIONAL E TECNOLÓGICA
Ciências Humanas,A TUTORIA PRESENCIAL NA EDUCAÇÃO A DISTÂNCIA: UMA NARRATIVA A DUAS VOZES NA LICENCIATURA EM PEDAGOGIA DO POLO BOCAIUVA/IFNMG
Ciências Humanas,DESENVOLVIMENTO DE JOGO DIGITAL EDUCACIONAL 3D PARA PROMOÇÃO DE ENGAJAMENTO E PREVENÇÃO DE COMPORTAMENTOS NEGATIVOS NO ENSINO FUNDAMENTAL
Ciências Humanas,O LÚDICO COMO ESTRATÉGIA PARA O ENSINO DA MATEMÁTICA NOS ANOS INICIAIS: UM RELATO DE EXPERIÊNCIA NO PIBID.
Ciências Humanas,EPT E A LEI Nº 10.639/2003: SABERES DOS POVOS DO CANDOMBLÉ DE ANGOLA PARA UMA FORMAÇÃO OMNILATERAL
Ciências Humanas,VOZES DO VALE DO GURUTUBA: HISTÓRIAS E SABERES ANCESTRAIS
Ciências Humanas,ECOS ANCESTRAIS: RESGATANDO AS RAÍZES E TECENDO MEMÓRIAS NO VALE DO GURUTUBA
Ciências Humanas,EFEITOS DA PANDEMIA DE COVID-19 NOS CRIMES SEXUAIS CONTRA CRIANÇAS E ADOLESCENTES: UMA DISCUSSÃO PRELIMINAR SOBRE O MUNICÍPIO DE JANUÁRIA-MG
Ciências Humanas,RELATOS DE MOBILIDADE INTERNACIONAL NO IFNMG: UMA DÉCADA DE VIVÊNCIAS (2013–2023)
Ciências Sociais Aplicadas,COMUNICAÇÃO E ESCOLHA PROFISSIONAL: REFLEXÕES SOBRE A DIVULGAÇÃO ON-LINE DO PROCESSO SELETIVO NO IFNMG
Ciências Sociais Aplicadas,INVESTIGAÇÃO DOS MUNICÍPIOS BRASILEIROS: OS MULTIFATORES DA INFRAESTRUTURA URBANA E SEUS PADRÕES DE QUALIDADE
Ciências Sociais Aplicadas,O AMOR AO DNHEIRO E SUA RELAÇÃO COM O NÍVEL DE SATISFAÇÃO SALARIAL DOS SERVIDORES PÚBLICOS DO IFNMG CAMPUS JANUÁRIA: UMA ANÁLISE ECONOMÉTRICA
Ciências Sociais Aplicadas,EMPREENDEDORISMO DIGITAL: TRANSFORMANDO NEGÓCIOS EM SISTEMAS DE INFORMAÇÃO – 2ª EDIÇÃO
Ciências Sociais Aplicadas,GUIA CONEXÃO LEGAL: CULTIVANDO UMA COMUNIDADE VIRTUAL DE PRÁTICA NO CURSO TÉCNICO EM SERVIÇOS JURÍDICOS
Ciências Sociais Aplicadas,"MULTIDISCIPLINARIDADE, FORMAÇÃO DOCENTE E ATUAÇÃO DO PROFESSOR BACHAREL NO FORTALECIMENTO DA EDUCAÇÃO PROFISSIONAL E TECNOLÓGICA: UM OLHAR A PARTIR DO IFNMG - CAMPUS JANUÁRIA"
Ciências Sociais Aplicadas,DIGITALIZAÇÃO E DEMOCRATIZAÇÃO DO ACESSO AOS SERVIÇOS BANCÁRIOS: UM ESTUDO EM UMA INSTITUIÇÃO FEDERAL DE ENSINO
Ciências Sociais Aplicadas,TEMA GERADOR E A ARTICULAÇÃO ENTRE TEORIA E PRÁTICA NA EDUCAÇÃO PROFISSIONAL E TECNOLÓGICA
Ciências Sociais Aplicadas,"A MENSTRUAÇÃO EM SUAS DIMENSÕES SOCIAL, HISTÓRICA CULTURAL E A RESSIGNIFICAÇÃO DECOLONIAL"
Ciências Sociais Aplicadas,AS EXPERIÊNCIAS NA PRAIA DE JANUÁRIA: AVALIAÇÃO EPERSPECTIVAS PARA O FORTALECIMENTO DO TURISMO LOCAL
Ciências Sociais Aplicadas,DINHEIRO DE PLASTICO E ENDIVIDAMENTO ESTUDANTIL: ANÁLISE ESTATÍSTICA INFERENCIAL À LUZ DA ECONOMIA COMPORTAMENTAL E DA EDUCAÇÃO FINANCEIRA.
Ciências Sociais Aplicadas,ENTRE CRISES E FINTECHS: UMA ANÁLISE DA INCLUSÃO FINANCEIRA BRASILEIRA SOB A ÓTICA DE UM INDICADOR
Ciências Sociais Aplicadas,A RELAÇÃO ENTRE OPERAÇÕES DE CRÉDITO E PIB MUNICIPAL: UM ESTUDO SOBRE JANUÁRIA DE 2002 A 2024
"Lingüística, Letras e Artes",QUITANDEIRAS DO MÉDIO JEQUITINHONHA: UMA ANÁLISE DISCURSIVA EM NARRATIVAS QUE REVELAM RESISTÊNCIA E ANCESTRALIDADE
"Lingüística, Letras e Artes",ASPECTOS TEÓRICO-METODOLÓGICOS DE PESQUISA NO ACERVO MUSICAL DA ARQUIDIOCESE DE DIAMANTINA/MG
"Lingüística, Letras e Artes",INTERNACIONALIZAÇÃO NO ENSINO MÉDIO INTEGRADO: O COMITÊ EM LÍNGUA INGLESA DO IFMUNDO NO IFNMG-CAMPUS PIRAPORA
"Lingüística, Letras e Artes",CONTAÇÃO DE HISTÓRIA NO PIBID: UMA VIVÊNCIA COM A LETRA H
"Lingüística, Letras e Artes",REDAÇÃO NOTA MIL: DOCUMENTOS OFICIAIS DO ENEM E AS MÍDIAS DIGITAIS
"Lingüística, Letras e Artes",A INFLUÊNCIA DA CULTURA LATINO-AMERICANA NO VOCABULÁRIO DOS ESTUDANTES DE ESPANHOL COMO LÍNGUA ESTRANGEIRA
"Lingüística, Letras e Artes",O PAPEL DA BRINQUEDOTECA COMO AMBIENTE DE ESTIMULO A LINGUAGEM CRIATIVIDADE E DESENVOLVIMENTO NEUROPSICOLÓGICO INFANTIL
"Lingüística, Letras e Artes",AS REPRESENTAÇÕES DA MULHER CIBORGUE NOS MANGÁS E NAS ANIMAÇÕES: MAJOR MOTOKO E NAUSICAA
Multidisciplinar,PERFIL SOCIOECONÔMICO DE CONSUMIDORES DE FRUTAS NO MUNICÍPIO DE ALMENARA-MG
Multidisciplinar,IDENTIDADE E TERRITÓRIO NA EDUCAÇÃO: UMA ABORDAGEM CONCEITUAL PARA A ANÁLISE NA EDUCAÇÃO PROFISSIONAL E TECNOLOGICA
Multidisciplinar,DA TECLA AO TEXTO: RELATO DE EXPERIÊNCIA DA UCE
Multidisciplinar,SAÚDE NA ESCOLA: INTERVENÇÃO EDUCATIVA SOBRE ENGASGO
Multidisciplinar,"BOI DE JANEIRO: CANÇÃO, TRADIÇÃO E CULTURA POPULAR NAS ESCOLAS DE SALINAS"
Multidisciplinar,"EDUCAÇÃO E IDENTIDADE QUILOMBOLA: PRÁTICAS PEDAGÓGICAS NA ESCOLA ESTADUAL MANOEL PEDRO DA SILVA, COMUNIDADE NOVA MATRONA"
Multidisciplinar,PROTAGONISMO FEMININO NA EDUCAÇÃO INDÍGENA: A ATUAÇÃO DAS MULHERES DA COMUNIDADE CINTA VERMELHA JUNDIBÁ
Multidisciplinar,OS DESAFIOS DO PRIMEIRO SEMESTRE DO MESTRADO CONCILIANDO ESTUDOS E TRABALHO: UM RELATO DE EXPERIÊNCIA
Multidisciplinar,MELHOR IDADE CONECTADA: INCLUSÃO DIGITAL PARA IDOSOS
Multidisciplinar,APRENDIZAGEM NA ERA DIGITAL: USO DA TECNOLOGIA PARA AUXILIAR ALUNOS DO ENSINO FUNDAMENTAL
Multidisciplinar,DESENVOLVIMENTO DE UM SISTEMA MODULAR DE AQUAPONIA COM IA PARA PROMOÇÃO DA AGRICULTURA SUSTENTÁVEL
Multidisciplinar,A CORRELAÇÃO DA CLASSIFICAÇÃO CLIMÁTICA DE KÖPPEN COM O ADOECIMENTO POR DENGUE: REGIONALIZAÇÃO DO BRASIL POR MEIO DE MÚLTIPLOS FATORES ESPACIAIS
Multidisciplinar,PROGNÓSTICO DE FALHAS EM SISTEMAS DINÂMICOS: UMA ABORDAGEM INTEGRADA À DETECÇÃO DE ANOMALIAS
Multidisciplinar,IDENTIFICAÇÃO E SEGMENTAÇÃO DE SEMENTES DE CAPIM-BUFFEL COM YOLOV11 PARA ANÁLISE DE PUREZA FÍSICA
Multidisciplinar,CELULARES NA ESCOLA: RESTRIÇÃO LEGAL E USO PEDAGÓGICO SOB PERSPECTIVA DOCENTE E CONSIDERAÇÕES SOBRE A IMPLEMENTAÇÃO DA LEI Nº 15.100/2025 NA E.E. PROF. ONÉSIMO BASTOS NA CIDADE DE JANUÁRIA - MG
Multidisciplinar,O USO DAS TECNOLOGIAS DIGITAIS DE INFORMAÇÃO E COMUNICAÇÃO NO CURSO DE CIÊNCIAS BIOLÓGICAS NA PÓS PANDEMIA: UM ESTUDO DE CASO
Multidisciplinar,O USO DAS TECNOLOGIAS DIGITAIS DE INFORMAÇÃO E COMUNICAÇÃO NO CURSO DE CIÊNCIAS BIOLÓGICAS NA PÓS PANDEMIA: UM ESTUDO DE CASO
Multidisciplinar,CAPACITAÇÃO PARA CANTINEIRAS QUANTO A BOAS PRÁTICAS NA PRODUÇÃO E MANIPULAÇÃO DE ALIMENTOS EM ESCOLAS PÚBLICAS DE JANAÚBA/MG
Multidisciplinar,"SIMULAÇÃO GLOBAL NO IFNMG-CAMPUS PIRAPORA: FORMAÇÃO CIDADÃ, CRÍTICA E GLOBAL"
Multidisciplinar,"GRÊMIO ESTUDANTIL: TRAJETÓRIA, PROTAGONISMO ESTUDANTIL E PARTICIPAÇÃO DEMOCRÁTICA NO IFNMG-CAMPUS PIRAPORA"
Multidisciplinar,MATRÍCULAS POR DISCIPLINA EM CURSOS CONCOMITANTES E SUBSEQUENTES DO IFNMG - FLEXIBILIDADE E INOVAÇÃO CURRICULAR
Multidisciplinar,ESTRATÉGIAS PARA O USO DE BIBLIOTECAS VIRTUAIS NO ENSINO DE FÍSICA: POTENCIALIZANDO A PESQUISA E O APRENDIZADO ACADÊMICO
Multidisciplinar,"DESENVOLVIMENTO DO NUTRITRACK, UM SISTEMA WEB PARA MONITORAMENTO NUTRICIONAL COM CÁLCULO DE METAS CALÓRICAS DIÁRIAS PERSONALIZADAS"
Multidisciplinar,AVALIAÇÃO DA PERCEPÇÃO DE CONCEPÇÕES E PRÁTICAS DA COLETA SELETIVA NO MUNICÍPIO DE DIAMANTINA- MG
Multidisciplinar,PREDIÇÃO DE SAÍDA DE LEITO NA PREVISÃO DE QUEDA EM IDOSOS: UM MODELO HÍBRIDO COM ENSEMBLE LEARNING E CONJUNTOS NEBULOSOS
Multidisciplinar,POVOS ORIGINÁRIOS DAS AMÉRICAS: FESTIVAL DA INTERCULTURALIDADE - UM RELATO DE EXPERIÊNCIA
Multidisciplinar,R.A.N.I: ROBÔ DE APOIO COM NAVEGAÇÃO INTELIGENTE
Multidisciplinar,ESTIMATIVA DE CRESCIMENTO POPULACIONAL A PARTIR DA VARIAÇÃO NO CONSUMO DE ÁGUA: IMPACTOS NO PLANEJAMENTO URBANO E SOCIOAMBIENTAL EM ARINOS-MG
Multidisciplinar,"ANÁLISE DE LIVROS DIDÁTICOS DE BIOLOGIA CONSIDERANDO OS ASPECTOS CTSA (CIÊNCIA, TECNOLOGIA, SOCIEDADE E AMBIENTE)"
Multidisciplinar,O TRABALHO COMO FUNDAMENTO DO SER HUMANO: UMA ANÁLISE DAS CONTRADIÇÕES ENTRE HUMANIZAÇÃO E DESUMANIZAÇÃO
Multidisciplinar,AS DIMENSÕES DO TRABALHO NA EPT: ENTRE A ALIENAÇÃO E A EMANCIPAÇÃO
Multidisciplinar,DESENVOLVIMENTO DE BEBIDA LÁCTEA FORTIFICADA COM FERRO MICROENCAPSULADO PARA PREVENÇÃO DA ANEMIA
Multidisciplinar,DESENVOLVIMENTO DE DASHBOARDS INTERATIVOS PARA ANÁLISE DE DADOS DE STREAMING E USINAGEM CNC
Multidisciplinar,APICULTURA 4.0 E RESILIÊNCIA CLIMÁTICA NO VALE DO JEQUITINHONHA: MONITORAMENTO TÉRMICO E MANEJO ADAPTATIVO
Multidisciplinar,INTELIGÊNCIA ARTIFICIAL CONTRA FAKE NEWS: A LUTA PELA VERDADE E PELA SEGURANÇA NAS REDES SOCIAIS
Multidisciplinar,DESENVOLVIMENTO E ANÁLISE DE FOGUETES DE GARRAFA PET PARA ENSINO E PESQUISA EM SUSTENTABILIDADE AMBIENTAL
Multidisciplinar,ESPODULAB: KIT EDUCATIVO DE MINERAIS LITINÍFEROS DO VALE DO JEQUITINHONHA
Multidisciplinar,LANCHE GO: SISTEMA DE GESTÃO DE ENTREGA DE LANCHES COM BIOMETRIA E ACESSO REMOTO NO IFNMG – CAMPUS PORTEIRINHA
Multidisciplinar,"COMO UM SITE ASSISTIVO PODE AUXILIAR NO DESENVOLVIMENTO SOCIAL, COGNITIVO E ESCOLAR DE CRIANÇAS DIAGNOSTICADAS COM TRANSTORNO DO ESPECTRO AUTISTA"
Multidisciplinar,ESTUDO INICIAL SOBRE O USO DO MODELO WRF-HYDRO PARA SIMULAÇÃO DE VARIÁVEIS HIDROMETEOROLÓGICAS EM UMA REGIÃO NA BACIA DO RIO SÃO FRANCISCO
Multidisciplinar,DESENVOLVIMENTO DA FORMULAÇÃO DE UMA BALA DE GOMA UTILIZANDO O MÉTODO ESTATÍSTICO DE MISTURA
Multidisciplinar,BIBLIOTECA DE JOGOS ESPORTIVOS: O CASO DO JOGOS DE VÔLEI
