area_tematica,titulo_do_trabalho,categoria
Não Especificada,PANDEMIA DA COVID-19 E SAÚDE MENTAL DOS DISCENTES DO CURSO TÉCNICO EM ENFERMAGEM DO IFNMG,Resumo Expandido - Ensino Médio Integrado e Concomitante/Subsequente
Não Especificada,AFROEMPREENDEDORISMO E AS DESIGUALDADES RACIAIS NA CIDADE DE ALMENARA/MG,Resumo Expandido - Ensino Médio Integrado e Concomitante/Subsequente
Não Especificada,PARTICIPAÇÃO FEMININA NA PESQUISA DO IFNMG CAMPUS ALMENARA EM 10 ANOS,Resumo Expandido - Ensino Médio Integrado e Concomitante/Subsequente
Não Especificada,SEXUALIDADE E PREVENÇÃO DE INFECÇÕES SEXUALMENTE TRANSMISSÍVEIS ENTRE JOVENS E ADOLESCENTES BRASILEIROS,Resumo Expandido - Ensino Médio Integrado e Concomitante/Subsequente
Não Especificada,ENTRE PRAÇAS E RUAS: UM ESTUDO INTERDISCIPLINAR DOS NOMES DOS LOGRADOUROS DA CIDADE DE ALMENARA - MINAS GERAIS,Resumo Expandido - Ensino Médio Integrado e Concomitante/Subsequente
Não Especificada,CAPACITAÇÃO DE PROFISSIONAIS DE SAÚDE NA PREVENÇÃO E NO TRATAMENTO DE LESÕES CUTÂNEASA,Resumo Expandido - Ensino Médio Integrado e Concomitante/Subsequente
Não Especificada,TRAJETÓRIA DOS ESTUDANTES DO ENSINO MÉDIO INTEGRADO DO IFNMG/CAMPUS JANUÁRIA BENEFICIADOS PELO PROGRAMA DE ASSISTÊNCIA E APOIO AOS ESTUDANTES DURANTE A PANDEMIA,Resumo Expandido - Ensino Médio Integrado e Concomitante/Subsequente
Não Especificada,"MÃES, AVÓS, FILHAS, IRMÃS ENTRE FIOS E AGULHAS: PERFIL DAS ARTESÃS DO MUNÍCIPIO DE JANAÚBA",Resumo Expandido - Ensino Médio Integrado e Concomitante/Subsequente
Não Especificada,UMA ANÁLISE DO DESEMPENHO EM REDES COMPUTACIONAIS: MENSURANDO THROUGHPUT EM UMA REDE DE DADOS,Resumo Expandido - Ensino Médio Integrado e Concomitante/Subsequente
Não Especificada,"ESPORTE, EDUCAÇÃO E CIDADANIA NO IFNMG - CAMPUS AVANÇADO PORTEIRINHA",Resumo Expandido - Ensino Médio Integrado e Concomitante/Subsequente
Não Especificada,OFICINAS ESPORTIVAS NO IFNMG - CAMPUS AVANÇADO PORTEIRINHA: UMA VIVÊNCIA LÚDICA E PEDAGÓGICA,Resumo Expandido - Ensino Médio Integrado e Concomitante/Subsequente
Não Especificada,FORTALECENDO A CULTURA DE DOAÇÃO ATRAVÉS DE TECNOLOGIAS DIGITAIS: PROTOTIPAÇÃO DE UM APLICATIVO DE DOAÇÃO,Resumo Expandido - Ensino Médio Integrado e Concomitante/Subsequente
Não Especificada,ALMANAQUE IF-DIAMAS: ESCRITAS MULTIMODAIS,Resumo Expandido - Ensino Médio Integrado e Concomitante/Subsequente
Não Especificada,GERMINAÇÃO DE SEMENTES DE GIRASSOL SUBMETIDAS A DIFERENTES DOSES DE CLORETO DE POTÁSSIO,Resumo Expandido - Ensino Médio Integrado e Concomitante/Subsequente
Não Especificada,ATIVIDADE BACTERICIDA DOS HIDROLATOS DE PLANTAS AROMÁTICAS EM CULTIVOS DOMÉSTICOS TRADICIONAIS DE DIAMANTINA,Resumo Expandido - Ensino Médio Integrado e Concomitante/Subsequente
Não Especificada,CARACTERIZAÇÃO FITOQUÍMICA E AVALIAÇÃO DE EXTRATOS ALCOÓLICOS DE PLECTRANTHUS ORNATUS CODD SOBRE A INIBIÇÃO DE LACTUCA SATIVA L.,Resumo Expandido - Ensino Médio Integrado e Concomitante/Subsequente
Não Especificada,MAPEAMENTO DA HIDROGRAFIA DO MUNICÍPIO DE DIAMANTINA-MG UTILIZANDO O SOFTWARE LIVRE QGIS,Resumo Expandido - Ensino Médio Integrado e Concomitante/Subsequente
Não Especificada,ESPUMA FENOLICA E DIFERENTES CONCENTRAÇÕES DE AIB NA SOBREVIVÊNCIA E ENRAIZAMENTO INICIAL DE MINIESTACAS DE CORYMBIA CITRIODORA EM ESTUFIM,Resumo Expandido - Ensino Médio Integrado e Concomitante/Subsequente
Não Especificada,MEMBRANA CERÂMICA DE ARGILAS LOCAIS E ARGILA COMERCIAL,Resumo Expandido - Ensino Médio Integrado e Concomitante/Subsequente
Não Especificada,CONHECIMENTO SOBRE BIOSSEGURANÇA DOS USUÁRIOS DE LABORATÓRIOS DE ENSINO E PESQUISA DO IFNMG -CAMPUS SALINAS,Resumo Expandido - Ensino Médio Integrado e Concomitante/Subsequente
Não Especificada,JOGANDO COM AS AÇÕES BÁSICAS DE ESFORÇO: PASSO 1 – TREINAMENTO TÉCNICO EXPRESSIVO,Resumo Expandido - Ensino Médio Integrado e Concomitante/Subsequente
Não Especificada,DETERMINAÇÃO DE UMIDADE E TESTES DE QUEBRA DE DORMÊNCIA EM SEMENTES DE FORRAGEIRAS E MILHO,Resumo Expandido - Ensino Médio Integrado e Concomitante/Subsequente
Não Especificada,VIVENDO ALÉM DAS SALAS DE AULA: A IMPORTÂNCIA DOS AUXÍLIOS DA ASSISTÊNCIA ESTUDANTIL NA PERSPECTIVA DOS ALUNOS – IFNMG CAMPUS DIAMANTINA,Resumo Expandido - Ensino Médio Integrado e Concomitante/Subsequente
Não Especificada,CIÊNCIA: UMA ABORDAGEM NAS REDES SOCIAIS.,Resumo Expandido - Ensino Médio Integrado e Concomitante/Subsequente
Não Especificada,DESIGUALDADE DE GÊNERO E RAÇA: O PAPEL DO ENSINO MÉDIO TÉCNICO NAS DESIGUALDADES DE ACESSO À EDUCAÇÃO SUPERIOR.,Resumo Expandido - Ensino Médio Integrado e Concomitante/Subsequente
Não Especificada,FATORES CLIMÁTICOS E A PREDISPOSIÇÃO PARA O ADOECIMENTO POR DENGUE: UMA ANÁLISE POR MEIO DA INTELIGÊNCIA ESPACIAL,Resumo Expandido - Ensino Médio Integrado e Concomitante/Subsequente
Não Especificada,O BIOMA DE ABRANGÊNCIA E A PREDISPOSIÇÃO PARA O ADOECIMENTO POR DENGUE NO BRASIL: UMA ANÁLISE POR MEIO DA INTELIGÊNCIA ESPACIAL,Resumo Expandido - Ensino Médio Integrado e Concomitante/Subsequente
Não Especificada,O PORTE DAS CIDADES E A PREDISPOSIÇÃO PARA O ADOECIMENTO POR DENGUE NO BRASIL: UMA ANÁLISE POR MEIO DA INTELIGÊNCIA ESPACIAL,Resumo Expandido - Ensino Médio Integrado e Concomitante/Subsequente
Não Especificada,"EFICIÊNCIA ANTIMICROBIANA DE HIDROLATOS DE MENTHA SATIVA L., CYMBOPOGON CITRATUS, PSEUDOBRICKELLIA BRASILIENSIS, LAVANDULA DENTATA E BACCHARIS DRACUNCULIFOLIA E SUA RELAÇÃO COM A COMPOSIÇÃO QUÍMICA",Resumo Expandido - Ensino Médio Integrado e Concomitante/Subsequente
Não Especificada,CONSUMO DE ALIMENTOS SAUDÁVEIS E NÃO SAUDÁVEIS ENTRE OS ADOLESCENTES BRASILEIROS SEGUNDO A PENSE 2019,Resumo Expandido - Ensino Médio Integrado e Concomitante/Subsequente
Não Especificada,IMPACTOS AMBIENTAIS GERADOS COM O AUMENTO DE LOTEAMENTOS URBANOS,Resumo Expandido - Ensino Médio Integrado e Concomitante/Subsequente
Não Especificada,CONSEQUÊNCIAS DA OCUPAÇÃO DESORDENADA DAS ÁREAS URBANAS,Resumo Expandido - Ensino Médio Integrado e Concomitante/Subsequente
Não Especificada,AVALIAÇÃO DA QUALIDADE DE MUDAS DE PINUS ELLIOTTII PRODUZIDAS EM ESTUFIM E COM DIFERENTES DOSAGENS DE BASACOTE®,Resumo Expandido - Ensino Médio Integrado e Concomitante/Subsequente
Não Especificada,"""FILOSOFIA DE UM PAR DE BOTAS"": DESAFIOS NA EDIÇÃO DE UMA ""FANTASIA"" DE MACHADO DE ASSIS",Resumo Expandido - Ensino Médio Integrado e Concomitante/Subsequente
Não Especificada,SUNFLOWER – SEGUIDOR SOLAR CONTROLADO COM ARDUINO UNO,Resumo Expandido - Ensino Médio Integrado e Concomitante/Subsequente
Não Especificada,PROCESSO DE CRIAÇÃO E APLICAÇÃO DE GUIAS DE ESTUDO PARA O MODELO DE SIMULAÇÃO IFMUNDO,Resumo Expandido - Ensino Médio Integrado e Concomitante/Subsequente
Não Especificada,GEOCACHING: A ALIANÇA ENTRE A GEOTECNOLOGIA E A SALA DE AULA,Resumo Expandido - Ensino Médio Integrado e Concomitante/Subsequente
Não Especificada,CAIXA D’ÁGUA PINTEIRO PARA CRIAÇÃO EM PEQUENA ESCALA DE PINTINHOS CAIPIRAS DURANTE O PERÍODO DE OUTONO/INVERNO,Resumo Expandido - Ensino Médio Integrado e Concomitante/Subsequente
Não Especificada,QUALIDADE DE MUDAS DE IPÊ-ROSA (HANDROANTHUS HEPTAPHYLLUS) PRODUZIDAS EM DIFERENTES RECIPIENTES E SUBSTRATOS,Resumo Expandido - Ensino Médio Integrado e Concomitante/Subsequente
Não Especificada,"MAPA DAS CULTURAS DO IFNMG: IDENTIFICAÇÃO E DIVULGAÇÃO DOS AGENTES, EVENTOS, PROJETOS E ESPAÇOS CULTURAIS NA ÁREA DE ABRANGÊNCIA DO IFNMG CAMPUS PORTEIRINHA",Resumo Expandido - Ensino Médio Integrado e Concomitante/Subsequente
Não Especificada,ANÁLISE DE DIFERENTES SUBSTRATOS NA PRODUÇÃO DE MUDAS DE RÚCULA EM TEÓFILO OTONI - MG,Resumo Expandido - Ensino Médio Integrado e Concomitante/Subsequente
Não Especificada,O VALE DO GORUTUBA EM CANÇÃO: APROXIMAÇÕES AO PATRIMÔNIO CULTURAL IMATERIAL DE JANAÚBA-MG,Resumo Expandido - Ensino Médio Integrado e Concomitante/Subsequente
Não Especificada,IMPACTOS DO PROGRAMA DE MONITORIA APRENDIZAGEM E RENDIMENTO ACADÊMICO EM BIOLOGIA CELULAR.,Resumo Expandido - Ensino Médio Integrado e Concomitante/Subsequente
Não Especificada,"ADICÇÃO EM INTERNET, EM REDES SOCIAIS OU EM SMARTPHONE? PRIMEIRO ANO DE UMA ANÁLISE PROSPECTIVA",Resumo Expandido - Ensino Médio Integrado e Concomitante/Subsequente
Não Especificada,CAIXA D’ÁGUA PARA CRIAÇÃO EM PEQUENA ESCALA DE PINTINHOS CAIPIRAS,Resumo Expandido - Ensino Médio Integrado e Concomitante/Subsequente
Não Especificada,ESTUDO DA DENSIDADE POPULACIONAL DE AEDES AEGYPTI NO IFNMG CAMPUS TEÓFILO OTONI,Resumo Expandido - Ensino Médio Integrado e Concomitante/Subsequente
Não Especificada,CONDIÇÃO MACROECONÔMICA E ABERTURA DE MICRO EMPREENDIMENTOS INDIVIDUAIS (MEI) NO BRASIL: ANÁLISE ENTRE OS ANOS DE 2012 A 2020,Resumo Expandido - Graduação
Não Especificada,ASPECTOS HISTÓRICOS E SOCIOECONÔMICOS ASSOCIADOS À CULTURA CAFEEIRA NO MUNICÍPIO DE MATA VERDE/MG,Resumo Expandido - Graduação
Não Especificada,ANÁLISE DA QUALIDADE DA ÁGUA PARA O CONSUMO HUMANO EM FAZENDAS DO MUNICÍPIO DE RUBIM-MG,Resumo Expandido - Graduação
Não Especificada,POTENCIAL DE SEQUESTRO DE CARBONO POR LATOSSOLOS E CAMBISSOLOS DO BAIXO JEQUITINHONHA-MG,Resumo Expandido - Graduação
Não Especificada,DETERMINAÇÃO DE VITAMINA C EM COMPRIMIDOS EFERVESCENTES E LARANJAS (CITRUS SP.) COMERCIALIZADOS EM ALMENARA-MG,Resumo Expandido - Graduação
Não Especificada,DETERMINAÇÃO DA ACIDEZ TOTAL DE VINHOS TINTOS COMERCIALIZADOS NA CIDADE DE ALMENARA-MG,Resumo Expandido - Graduação
Não Especificada,POTENCIALIZANDO A APRENDIZAGEM EM FÍSICA: EXPERIMENTOS NO PROGRAMA DE RESIDÊNCIA PEDAGÓGICA,Resumo Expandido - Graduação
Não Especificada,IF MAIS EMPRENDEDOR NACIONAL 2023: RECUPERAÇÃO DE EMPRESAS APÓS IMPACTOS DA PANDEMIA DE COVID-19,Resumo Expandido - Graduação
Não Especificada,GRANDE SERTÃO:VEREDAS E O RIO URUCUIA,Resumo Expandido - Graduação
Não Especificada,PRÁTICAS DE LETRAMENTO NO IFNMG: DESTRAVANDO AS HABILIDADES DE LEITURA E ESCRITA ACADÊMICA,Resumo Expandido - Graduação
Não Especificada,AVALIAÇÃO DA HIGIENIZAÇÃO DAS MÃOS PARA CONTROLE DE INFECÇÃO EM UMA UNIDADE DE SAÚDE NO MUNICÍPIO DE JANUÁRIA-MG,Resumo Expandido - Graduação
Não Especificada,BIOFILMES DE BACTÉRIAS LÁCTICAS EM DORNAS DE MADEIRA COMO POTENCIAL SISTEMA DE BIOCONSERVAÇÃO DE ALIMENTOS,Resumo Expandido - Graduação
Não Especificada,RENDIMENTO DE CARCAÇA DE NOVILHOS NELORES CONFINADOS ALIMENTADOS COM DIETA SEM VOLUMOSO.,Resumo Expandido - Graduação
Não Especificada,RELATO DE EXPERIÊNCIA DO PROJETO: QUAL É A MINHA COR?,Resumo Expandido - Graduação
Não Especificada,O COMPARTILHAMENTO DE EXPERIÊNCIAS DOCENTES NA FORMAÇÃO PARA O USO DE FERRAMENTAS TECNOLÓGICAS,Resumo Expandido - Graduação
Não Especificada,LEVANTAMENTO DIAGNÓSTICO PARA NORTEAR PRÁTICAS DE EDUCAÇÃO AMBIENTAL,Resumo Expandido - Graduação
Não Especificada,ANÁLISE DE USO E OCUPAÇÃO DO SOLO PELA AGRICULTURA NA BACIA HIDROGRÁFICA JQ1,Resumo Expandido - Graduação
Não Especificada,ENSINO DE DENSIDADE: UM RELATO DE EXPERIÊNCIA NA RESIDÊNCIA PEDAGÓGICA,Resumo Expandido - Graduação
Não Especificada,CONSUMO DE NOVILHOS ALIMENTADOS COM DIETA SEM VOLUMOSO EM CONFINAMENTO,Resumo Expandido - Graduação
Não Especificada,"O ROTPORT: UM APLICATIVO PARA TURISMO NA CIDADE DE PORTEIRINHA, MINAS GERAIS",Resumo Expandido - Graduação
Não Especificada,TRAJETÓRIAS ESTUDANTIS NO IFNMG - CAMPUS ARAÇUAÍ: PENSANDO AS JUVENTUDES A PARTIR DOS CONCEITOS DA AGROECOLOGIA,Resumo Expandido - Graduação
Não Especificada,UMIDADE DE COLHEITA DE GENÓTIPOS DE GIRASSOL CULTIVADOS NO NORTE DE MINAS GERAIS,Resumo Expandido - Graduação
Não Especificada,ANÁLISE ECONÔMICA DA SUPLEMENTAÇÃO DE NOVILHAS DE CORTE SUPLEMENTADAS A PASTO NO PERÍODO DAS ÁGUAS,Resumo Expandido - Graduação
Não Especificada,"ELABORAÇÃO E CARACTERIZAÇÃO FÍSICO-QUÍMA DE BIOFILME COMESTÍVEL PARA CONSERVAÇÃO DE FRUTOS DE AMORA, A PARTIR DO RESÍDUO DA GOMA DE MANDIOCA VISANDO A GERAÇÃO DE RENDA PARA PRODUTORES",Resumo Expandido - Graduação
Não Especificada,AULAS PRÁTICAS NO ENSINO DE CIÊNCIAS: UM ESTUDO EM UMA ESCOLA PÚBLICA DE SALINAS/MG DURANTE A RESIDÊNCIA PEDAGÓGICA.,Resumo Expandido - Graduação
Não Especificada,DIFERENTES ABORDAGENS NO ENSINO DA PROGRAMAÇÃO DE FORMA LÚDICA NO PROJETO RONDON - OPERAÇÃO MINAS GERAIS,Resumo Expandido - Graduação
Não Especificada,IMPACTO DA ADUBAÇÃO NA PRODUTIVIDADE DO MILHO: UMA ANÁLISE USANDO IMAGENS DO SATÉLITE PLANETSCOPE,Resumo Expandido - Graduação
Não Especificada,ESTUDO DE ANÁLISE TERMOGRÁFICA DOS MÓDULOS FOTOVOLTAICOS NA USINA DO IFNMG CAMPUS MONTES CLAROS,Resumo Expandido - Graduação
Não Especificada,ENSAIO TERMOGRÁFICO DE MÓDULOS FOTOVOLTAICOS DO IFNMG – CAMPUS MONTES CLAROS,Resumo Expandido - Graduação
Não Especificada,COMPORTAMENTO DA UMIDADE DO SOLO DETERMINADA PELO MÉTODO EXPEDITO DO ÁLCOOL E PELO MÉTODO PADRÃO DA ESTUFA,Resumo Expandido - Graduação
Não Especificada,NOVILHOS NELORES CONFINADOS COM DIETA SEM VOLUMOSO,Resumo Expandido - Graduação
Não Especificada,EXPLORANDO ALGORITMOS DE APRENDIZADO DE MÁQUINA PARA PREDIÇÃO DE MORTE POR DOENÇA DE CHAGAS,Resumo Expandido - Graduação
Não Especificada,PASTO APÍCOLA: O QUE PODEMOS / DEVEMOS PLANTAR NO VALE DO JEQUITINHONHA?,Resumo Expandido - Graduação
Não Especificada,AUTOMATIZAÇÃO NO CONTROLE DE QUALIDADE DO MEL: UMA REVISÃO SISTEMÁTICA DE LITERATURA,Resumo Expandido - Graduação
Não Especificada,O AVANÇO DA SILVICULTURA NA BACIA HIDROGRÁFICA DO RIO ARAÇUAÍ E AS POSSÍVEIS CONSEQUÊNCIAS PARA GESTÃO DE RECURSOS HÍDRICOS,Resumo Expandido - Graduação
Não Especificada,INFLUÊNCIA DO ESCORE DE CONDIÇÃO CORPORAL SOB A TAXA DE CONCEPÇÃO DE NOVILHAS NELORE SUBMETIDAS À IATF,Resumo Expandido - Graduação
Não Especificada,INFLUÊNCIA DA TAXA DE POPULAÇÃO OCUPADA NO PIB PER CAPITA NOS MUNICÍPIOS QUE COMPÕEM A MESORREGIÃO DO NORTE DE MINAS GERAIS DE ACORDO COM O CENSO DEMOGRÁFICO 2020,Resumo Expandido - Graduação
Não Especificada,"IMPORTÂNCIA DO USO DE AULAS PRÁTICAS COMO FERRAMENTA PEDAGÓGICA, ESTUDO DE CASO APLICADO AO ENSINO DO EFEITO TYNDALL AOS ALUNOS DO ENSINO MÉDIO NO IFNMG - SALINAS.",Resumo Expandido - Graduação
Não Especificada,"ANÁLISE PARASITOLÓGICA DE CARNE MOÍDA, MORTADELA E APRESUNTADO FATIADO",Resumo Expandido - Graduação
Não Especificada,"DIMENSIONAMENTO E CARACTERIZAÇÃO DE HORTALIÇAS COMERCIALIZADAS NA FEIRA LIVRE DE JEQUITINHONHA, MG.",Resumo Expandido - Graduação
Não Especificada,TEOR DE PROTEÍNA NO LEITE DE VACAS LEITEIRAS ALIMENTADAS COM FARELO DE PALMA FORRAGEIRA EM SUBSTITUIÇÃO AO MILHO GRÃO,Resumo Expandido - Graduação
Não Especificada,"ENDOPARASITOS EM NOVILHAS DE CORTE DE UMA PROPRIEDADE NO MUNICÍPIO DE SALINAS, MINAS GERAIS",Resumo Expandido - Graduação
Não Especificada,DIAGNÓSTICO COPROPARASITOLÓGICO DE AVES ORNAMENTAIS MANTIDAS EM CRIATÓRIO PARTICULAR,Resumo Expandido - Graduação
Não Especificada,"AVALIAÇÃO AGRONÔMICA DE PLANTAS DE GIRASSOL, CULTIVAR BRS323, EM FUNÇÃO DE DIFERENTES DOSES DE AGROSILÍCIO",Resumo Expandido - Graduação
Não Especificada,SUPLEMENTAÇÃO DE BOVINOS DE CORTE NA RECRIA À PASTO NO PERÍODO SECO,Resumo Expandido - Graduação
Não Especificada,DESEMPENHO DE BOVINOS DE CORTE NA RECRIA À PASTO COM SUPLEMENTAÇÃO NO PERÍODO SECO,Resumo Expandido - Graduação
Não Especificada,O USO DOS SIMULADORES VIRTUAIS PHET E TINKERCAD NO ENSINO DE FÍSICA,Resumo Expandido - Graduação
Não Especificada,DESENVOLVIMENTO DE UM SPINNER DE BAIXO CUSTO PARA DEPOSIÇÃO DE FILMES POLIMÉRICOS,Resumo Expandido - Graduação
Não Especificada,CARACTERIZAÇÃO E AVALIAÇÃO DE MOTORES DE INDUÇÃO TRIFÁSICOS: UMA ABORDAGEM BASEADA EM ENSAIOS E ALGORITMOS,Resumo Expandido - Graduação
Não Especificada,CARACTERIZAÇÃO DE CURVAS I-V EM MÓDULOS FOTOVOLTAICOS: UM ESTUDO EM CONDIÇÕES ADVERSAS,Resumo Expandido - Graduação
Não Especificada,MODELOS DE PREVISÃO PARA ENERGIA SOLAR FOTOVOLTAICA: UMA ANÁLISE COMPARATIVA,Resumo Expandido - Graduação
Não Especificada,DETECÇÃO DE FALHAS EM SISTEMAS FOTOVOLTAICOS ATRAVÉS DO USO DE INTELIGÊNCIA ARTIFICIAL: UMA ANÁLISE BIBLIOGRÁFICA,Resumo Expandido - Graduação
Não Especificada,COMPOSIÇÃO BROMATOLÓGICA DA LAVOURA DE MILHO PARA SILAGEM CULTIVADA NO NORTE DE MINAS GERAIS,Resumo Expandido - Graduação
Não Especificada,SIMULAÇÃO DE FLUIDOS COM O MÉTODO SEM MALHA SMOOTHED PARTICLE HYDRODYNAMICS (SPH) COM O PYSPH,Resumo Expandido - Graduação
Não Especificada,PRODUÇÃO DE MATÉRIA SECA DE HYMENAEA MARTIANA HAYNE SUBMETIDA A DOSES CRESCENTES DE FÓSFORO.,Resumo Expandido - Graduação
Não Especificada,CONTA GOTAS SONORO,Resumo Expandido - Graduação
Não Especificada,ANÁLISE DE QUALIDADE DE DA ÁGUA DAS NASCENTES DA CIDADE DE ALMENARA/MG,Resumo Expandido - Graduação
Não Especificada,COMPORTAMENTO INGESTIVO DE NOVILHOS NELORES ALIMENTADOS COM DIETA SEM VOLUMOSO EM CONFINAMENTO,Resumo Expandido - Graduação
Não Especificada,GANHO DE PESO EM CARCAÇA E CONVERSÃO ALIMENTAR DE NOVILHOS CONFINADOS COM DIETA SEM VOLUMOSO,Resumo Expandido - Graduação
Não Especificada,RESIDÊNCIA PEDAGÓGICA EM BIOLOGIA: REFLEXÕES E CONTRIBUIÇÕES PARA A FORMAÇÃO DOCENTE,Resumo Expandido - Graduação
Não Especificada,PESO HECTOLITRO E POROSIDADE DOS GRÃO DO FEIJÃO MUNGO VERDE ( VIGNA RADIATA – FABACEAE),Resumo Expandido - Graduação
Não Especificada,POROSIDADE E PESO DE MIL GRÃOS DE GIRASSOL ( HELLIANTHUS ANNUS L.),Resumo Expandido - Graduação
Não Especificada,NÚMERO DE VAGENS E PESO DE VAGENS DO FEIJÃO AZUKI EM DIFERENTES DENSIDADES DE PLANTAS,Resumo Expandido - Graduação
Não Especificada,INFLUÊNCIA DE ESPAÇAMENTO E DENSIDADE DE PLANTIO NO RENDIMENTO DE MASSA SECA DE PARTE AÉREA E RAIZ EM VARIEDADE DE AMENDOIM CV. IAC OL3 CULTIVADO NO NORTE DE MINAS GERAIS,Resumo Expandido - Graduação
Não Especificada,VIABILIDADE DE PORTA-ENXERTOS IAC 572 E IAC 766 NO DESENVOLVIMENTO DE VIDEIRAS NO NORTE DE MINAS GERAIS,Resumo Expandido - Graduação
Não Especificada,FITOSSOCIOLOGIA DE PLANTAS DANINHAS EM CULTIVO DE FEIJÃO MUNGO VERDE (VIGNA RADIATA) NO SEMIÁRIDO DE MINAS GERAIS,Resumo Expandido - Graduação
Não Especificada,PROJETO AO FUNDO DO MAR: EXPERIÊNCIAS DE EDUCAÇÃO AMBIENTAL SOBRE OS CORAIS DESENVOLVIDAS NO PIBID,Resumo Expandido - Graduação
Não Especificada,RISCO DE OCORRÊNCIA DE INCÊNDIO EM UMA ÁREA FLORETAL DO IFNMG - CAMPUS SALINAS,Resumo Expandido - Graduação
Não Especificada,DIAGNÓSTICO DA ARBORIZAÇÃO DO MUNICÍPIO DE NOVORIZONTE - MG,Resumo Expandido - Graduação
Não Especificada,DOMA RACIONAL DE EQUINOS PARA DISCENTES DO GRUPO DE ESTUDOS DE EQUIDEOCULTURA E DEMAIS INTERESSADOS DO CURSO DE MEDICINA VETERINÁRIA,Resumo Expandido - Graduação
Não Especificada,ENSINO DE FÍSICA ATRAVÉS DE UMA ABORDAGEM COM ENFOQUE EM CTS&A: UMA PROPOSTA PARA ESTUDO DE FÍSICA MODERNA NAS ESCOLAS DE ENSINO MÉDIO DO VALE DO JEQUITINHONHA E NORTE DE MINAS GERAIS,Resumo Expandido - Graduação
Não Especificada,A IMPORTÂNCIA DAS METODOLOGIAS ATIVAS NO PROCESSO DE ENSINO E APRENDIZAGEM,Resumo Expandido - Graduação
Não Especificada,DESAFIOS DA SALA DE AULA: PRIMEIRO CONTATO COM A FÍSICA POR MEIO DE EXPERIMENTOS,Resumo Expandido - Graduação
Não Especificada,ATIVIDADE EXPERIMENTAL PARA O ENSINO DE CALORIMETRIA NA RESIDÊNCIA PEDAGÓGICA,Resumo Expandido - Graduação
Não Especificada,PRODUÇÃO DE BRIQUETES DE CARVÃO A BASE DE CIGARROS,Resumo Expandido - Graduação
Não Especificada,A AUXILIAR DE CLASSE E O APAGAMENTO DE SUA IDENTIDADE PROFISSIONAL NA EDUCAÇÃO INFANTIL,Resumo Expandido - Graduação
Não Especificada,A FORMAÇÃO DO LEITOR LITERÁRIO E SUAS REVERBERAÇÕES NA REDAÇÃO DO ENEM,Resumo Expandido - Graduação
Não Especificada,CENÁRIO E PERSPECTIVAS DE ALUNOS DO ENSINO MÉDIO EM UMA ESCOLA DO CAMPO NO MUNICÍPIO DE SALINAS-MG,Resumo Expandido - Graduação
Não Especificada,ANÁLISE DA POROSIDADE DO FEIJÃO CARIOCA,Resumo Expandido - Graduação
Não Especificada,MAPEAMENTO AUTOMÁTICO DE ÁREAS DE PRESERVAÇÃO PERMANENTE DAS MARGENS DE RIOS E NASCENTES NA SUB-BACIA 41,Resumo Expandido - Graduação
Não Especificada,AS DIFICULDADES DE APRENDIZAGEM DA DISCIPLINA DE BIOLOGIA NO ENSINO MÉDIO,Resumo Expandido - Graduação
Não Especificada,SISTEMA DE CONTROLE INTELIGENTE PARA OTIMIZAÇÃO NO USO DOS APARELHOS DE AR-CONDICIONADO NAS SALAS DE AULA DO IFNMG - CAMPUS AVANÇADO PORTEIRINHA,Resumo Expandido - Graduação
Não Especificada,ANÁLISE DA EXPERIÊNCIA DOS VISITANTES DO 1º FESTIVAL DAS FLORES DE JANUÁRIA,Resumo Expandido - Graduação
Não Especificada,INTERFERÊNCIA DO CAPIM PANICUM MAXIMUM CV. MOMBAÇA NA PRODUÇÃO DE MASSA SECA DE ESPÉCIES FLORESTAIS,Resumo Expandido - Graduação
Não Especificada,A EDUCAÇÃO QUE LIBERTA: UM OLHAR SOBRE OS EXCLUIDOS,Resumo Expandido - Graduação
Não Especificada,RESIDÊNCIA PEDAGÓGICA: REFLEXÕES SOBRE A GESTÃO E O AMBIENTE ESCOLAR,Resumo Expandido - Graduação
Não Especificada,"QUALIDADE DA ÁGUA PARA FINS DE BALNEABILIDADE, EM UM TRECHO NA SUB-BACIA DO RIACHO DA CRUZ",Resumo Expandido - Graduação
Não Especificada,"ANÁLISE COPROPARASITOLÓGICA COMPARATIVA EM GALINHAS POEDEIRAS (GALLUS GALLUS DOMESTICUS LINNAEUS, 1758) SOB DIFERENTES SISTEMAS DE CRIAÇÃO",Resumo Expandido - Graduação
Não Especificada,DESENVOLVIMENTO DE FERRAMENTAS A PARTIR DO SOFTWARE EXCEL FUNDAMENTADAS NA MATEMÁTICA DO ENSINO MÉDIO,Resumo Expandido - Graduação
Não Especificada,FACILITANDO O APRENDIZADO DE FÍSICA NO ENSINO MÉDIO ATRAVÉS DA UNIÃO ENTRE TEORIA E PRÁTICA: UM ESTUDO DE CASO NA PROPULSÃO DE FOGUETES,Resumo Expandido - Graduação
Não Especificada,"FREQUÊNCIA DE PRECIPITAÇÃO PARA A CIDADE DE SALINAS, MINAS GERAIS",Resumo Expandido - Graduação
Não Especificada,ANÁLISE DA EFICIENCIA DO PLANTIO CONSORCIADO ENTRE AROEIRAVERMELHA (SCHINUS TEREBINTHIFOLIUS RADDI) E SANSÃO-DO-CAMPO (MIMOSA CAESALPINIAEFOLIA BENTH) NA ALOCAÇÃO DE CARBONO ORGÂNICO NO SOLO.,Resumo Expandido - Graduação
Não Especificada,"UM ESTUDO HISTÓRICO, CONCEITUAL E TEÓRICO DO CAMPO DE HIGGS",Resumo Expandido - Graduação
Não Especificada,ANÁLISE DA ARBORIZAÇÃO URBANA DO BAIRRO LIBERDADE EM RUBELITA- MG,Resumo Expandido - Graduação
Não Especificada,COMPOSIÇÃO GRAVIMÉTRICA E ESTIMATIVA DA GERAÇÃO PER CAPITA DOS RESÍDUOS SÓLIDOS DO REFEITÓRIO DO IFNMG - CAMPUS JANUÁRIA,Resumo Expandido - Graduação
Não Especificada,"JOGO DIDÁTICO ""LUDO QUÍMICO"" COMO ESTRATÉGIA PARA O ENSINO DE QUÍMICA NO ENSINO MÉDIO",Resumo Expandido - Graduação
Não Especificada,PARÂMETROS GERMINATIVOS EM SEMENTES DE TACHIGALI SUBVELUTINA (BENTH) OLIVEIRA-FILHO UTILIZANDO SUBSTRATOS Á BASE DE RESÍDUOS ALTERNATIVOS,Resumo Expandido - Graduação
Não Especificada,DESENVOLVIMENTO DE APLICATIVO MOBILE E SISTEMA DE GERENCIAMENTO WEB PARA INTEGRAÇÃO COM O PROTÓTIPO DE CONTROLE INTELIGENTE DE AR-CONDICIONADO NAS SALAS DE AULA DO IFNMG CAMPUS AVANÇADO PORTEIRINHA,Resumo Expandido - Graduação
Não Especificada,RELATO DE EXPERIÊNCIA SOBRE A CONFECÇÃO DE UM SITE COMO FERRAMENTA PARA O ENSINO DE FÍSICA,Resumo Expandido - Graduação
Não Especificada,PROGRAMA RESIDÊNCIA PEDAGÓGICA: UMA PONTE ENTRE TEORIA E PRÁTICA,Resumo Expandido - Graduação
Não Especificada,UMA ABORDAGEM EXPERIMENTAL NO ENSINO DE FÍSICA,Resumo Expandido - Graduação
Não Especificada,CARACTERIZAÇÃO FÍSICO-QUÍMICA DE GELEIA DE ABACAXI COM HORTELÃ ADICIONADA DE PECTINA DE GOIABA,Resumo Expandido - Graduação
Não Especificada,AVALIAÇÃO DA CARNE MARMORIZADA ATRAVÉS DA APLICAÇÃO DE ENZIMA TRANSGLUTAMINASE (TGASE) EM LABORATÓRIO,Resumo Expandido - Graduação
Não Especificada,PARÂMETROS MORFOLÓGICOS DAS MUDAS DE ENTEROLOBIUM CONTORTISILIQUUM (VELL.) MORONG PRODUZIDAS EM DIFERENTES SUBSTRATOS E NÍVEIS DE SOMBREAMENTO,Resumo Expandido - Graduação
Não Especificada,PRÁTICAS DE PESQUISA NO PROCESSO DE APRENDIZAGEM DE INTERFACE HOMEM – COMPUTADOR: UMA ANÁLISE DO PORTAL INSTITUCIONAL DO IFNMG POR ESTUDANTES DO CAMPUS SALINAS,Resumo Expandido - Graduação
Não Especificada,O USO DE CLADOGRAMA COMO METODOLOGIA PARA O ENSINO DE BOTÂNICA,Resumo Expandido - Graduação
Não Especificada,"INFLUÊNCIA DO USO E COBERTURA DA TERRA E DA PRECIPITAÇÃO NOS PARÂMETROS DE VAZÃO DO RIO VACARIAS, MINAS GERAIS",Resumo Expandido - Graduação
Não Especificada,"MUDANÇAS NO USO E COBERTURA DA TERRA NA BACIA DO RIO PARDO, MINAS GERAIS",Resumo Expandido - Graduação
Não Especificada,COMPARAÇÃO DA PRECIPITAÇÃO ESTIMADA PELO PRODUTO CHIRPS COM DADOS OBSERVADOS,Resumo Expandido - Graduação
Não Especificada,EXPLORANDO O POTENCIAL DE SEMINÁRIOS COMO FERRAMENTA DE APRENDIZAGEM EM BIOLOGIA NO ENSINO MÉDIO: UM RELATO DE EXPERIÊNCIA,Resumo Expandido - Graduação
Não Especificada,AVALIAÇÃO DO TEOR DE MATÉRIA DO SECA DO BRS-CAPIAÇU PARA DETERMINAÇÃO DO MOMENTO DE CORTE PARA ENSILAGEM.,Resumo Expandido - Graduação
Não Especificada,PAINEL ELETRÔNICO DE APOIO AO APRENDIZADO DE CÁLCULOS MATEMÁTICOS POR JOVENS COM DÉFICIT DE APRENDIZAGEM,Resumo Expandido - Graduação
Não Especificada,A VISUALIZAÇÃO DE DADOS PARA MELHOR COMPREENSÃO DA DINÂMICA DO MERCADO DE TRABALHO EM INFORMÁTICA NA MICRORREGIÃO DE SALINAS-MG,Resumo Expandido - Graduação
Não Especificada,PARTICIPAÇÃO DE MULHERES NO PROGRAMA DE AQUISIÇÃO DE ALIMENTOS (PAA) NO MUNICÍPIO DE MEDINA-MG,Resumo Expandido - Graduação
Não Especificada,DETERMINAÇÃO DO TEOR DE ACIDEZ TOTAL TITULÁVEL EM AMOSTRA DE LIMÃO TAHITI,Resumo Expandido - Graduação
Não Especificada,ANATOMIA E HISTOQUÍMICA DE LATICÍFEROS EM PECÍOLO DE JATROPHA GOSSYPIIFOLIA (EUPHORBIACEAE),Resumo Expandido - Graduação
Não Especificada,DUCTOS SECRETORES EM CAULE DE PLINIA CAULIFLORA (MYRTACEAE),Resumo Expandido - Graduação
Não Especificada,DETERMINAÇÃO DE PAR METROS FÍSICO-QUÍMICOS DE DIFERENTES SUCOS DE UVA COMERCIALIZADOS NO BAIXO JEQUITINHONHA-MG.,Resumo Expandido - Graduação
Não Especificada,AVALIAÇÃO DO TEOR DE ACIDEZ EM SUCOS DE LARANJAS IN NATURA COMERCIALIZADAS NO BAIXO JEQUITINHONHA - MG,Resumo Expandido - Graduação
Não Especificada,QUALIDADE FÍSICA DE CAMBISSOLOS SOB MANEJO CONSERVACIONISTA,Resumo Expandido - Graduação
Não Especificada,ANÁLISE QUANTITATIVA DOS INSETOS QUE COMPÕEM O ACERVO DA COLEÇÃO ENTOMOLÓGICA DIDÁTICA,Resumo Expandido - Graduação
Não Especificada,DESEMPENHO DA CULTIVAR BRS-CAPIAÇU SOB DIFERENTES IDADES DE CORTE,Resumo Expandido - Graduação
Não Especificada,UMA ANÁLISE DA PRODUÇÃO DE TESES E DISSERTAÇÕES SOBRE MEDIDORES DE ÁGUA,Resumo Expandido - Graduação
Não Especificada,APLICAÇÕES DE TÉCNICAS DE REGRESSÃO PARA O MONITORAMENTO DE CONDIÇÕES DE MÁQUINAS NO CONTEXTO INDUSTRIAL,Resumo Expandido - Graduação
Não Especificada,CONSTRUINDO VÍNCULOS DURADOUROS: CARACTERÍSTICAS E VIABILIDADE DE UM PROGRAMA DE RELACIONAMENTO COM EGRESSOS DO ENSINO SUPERIOR NO IFNMG,Resumo Expandido - Graduação
Não Especificada,INTEGRAÇÃO ENTRE O IFNMG E ESCOLAS PÚBLICAS PARA COMPETIÇÕES DE ROBÓTICA,Resumo Expandido - Graduação
Não Especificada,A MIGRAÇÃO DE UM JOGO DIGITAL EDUCACIONAL DE PLATAFORMA PARA A VERSÃO WEB: O CASO DO INDISCIPLINA 2D,Resumo Expandido - Graduação
Não Especificada,"UM ESTUDO SOBRE INUNDAÇÃO, ALAGAMENTO E ENCHENTE EM SALINAS/MG, NA PERSPECTIVA DA PEDAGOGIA HISTÓRICO CRÍTICA",Resumo Expandido - Graduação
Não Especificada,PRÁTICAS PEDAGÓGICAS E A ABORDAGEM ÉTNICO-RACIAL: UM ESTUDO COM PROFESSORAS DO ENSINO FUNDAMENTAL I,Resumo Expandido - Graduação
Não Especificada,REVISÃO DOS CONCEITOS DE MÚLTIPLOS E DIVISORES DE NÚMEROS NATURAIS POR MEIO DA ABP (APRENDIZAGEM BASEADA EM PROBLEMAS),Resumo Expandido - Graduação
Não Especificada,ANÁLISE DA ADEQUAÇÃO DA ROTULAGEM DE CACHAÇAS COMERCIALIZADAS NO MUNICÍPIO DE SALINAS-MG,Resumo Expandido - Graduação
Não Especificada,FOLÍCULO ANOVULATÓRIO HEMORRÁGICO PERSISTENTE EM ÉGUA- RELATO DE CASO,Resumo Expandido - Graduação
Não Especificada,ANÁLISE DA PERDA DE CARGA EM TUBULAÇÕES DE DIFERENTES DIÂMETROS,Resumo Expandido - Graduação
Não Especificada,PROPRIEDADES FÍSICAS DA SEMENTE DA MELANCIA,Resumo Expandido - Graduação
Não Especificada,CIRCULARIDADE DE GRÃOS DE MILHO ADQUIRIDO NO COMÉRCIO DE JANUÁRIA,Resumo Expandido - Graduação
Não Especificada,ESFERICIDADE DE GRÃOS DE MILHO ADQUIRIDO NO COMÉRCIO DE JANUÁRIA,Resumo Expandido - Graduação
Não Especificada,PROTÓTIPO DE BAIXO CUSTO PARA AUTOMAÇÃO DE SISTEMAS DE IRRIGAÇÃO,Resumo Expandido - Graduação
Não Especificada,A MILITARIZAÇÃO DAS ESCOLAS PÚBLICAS EM MINAS GERAIS: APROXIMAÇÕES INICIAIS,Resumo Expandido - Graduação
Não Especificada,DETERMINAÇÃO DO ÂNGULO DE REPOUSO DO MILHO DENTADO COM TEOR DE ÁGUA EM 8%(B.U),Resumo Expandido - Graduação
Não Especificada,ANÁLISE DA POROSIDADE DO MILHO DENTADO COM TEOR DE ÁGUA EM 8%(B.U),Resumo Expandido - Graduação
Não Especificada,ANÁLISE DO PESO DE MIL GRÃOS DE MILHO,Resumo Expandido - Graduação
Não Especificada,DETERMINAÇÃO DA VELOCIDADE DA INFILTRAÇÃO DE ÁGUA NO SOLO EM ÁREA EXPERIMENTAL DO IFNMG - CAMPUS JANUÁRIA,Resumo Expandido - Graduação
Não Especificada,UVEÍTE RECORRENTE EQUINA- RELATO DE CASO,Resumo Expandido - Graduação
Não Especificada,RELATO DE CASO: PROCEDIMENTO CIRURGICO REALIZADO EM UM CÃO ATENDIDO NO HOSPITAL VETERINÁRIO DO IFNMG CAMPUS SALINAS SUSPEITO DE HERMAFRODITISMO VERDADEIRO,Resumo Expandido - Graduação
Não Especificada,INGESTÃO DE ÁGUA EM VACAS LEITEIRAS ALIMENTADAS COM FARELO DE PALMA FORRAGEIRA,Resumo Expandido - Graduação
Não Especificada,CONSUMO DE PROTEINADOS DE BEZERRAS SUPLEMENTADAS A PASTO DURANTE O PERÍODO DE TRANSIÇÃO SECA/ÁGUAS,Resumo Expandido - Graduação
Não Especificada,MELATONINA PARA USO CONTRACEPTIVO EM GATAS - REVISÃO DE LITERATURA,Resumo Expandido - Graduação
Não Especificada,INFLUÊNCIA DA TOSQUIA NA QUALIDADE SEMINAL DE COELHOS (ORYCTOLAGUS CUNICULUS) REPRODUTORES,Resumo Expandido - Graduação
Não Especificada,CASQUEAMENTO DE EQUINOS PARA DISCENTES DO GRUPO DE ESTUDOS DE EQUIDEOCULTURA E DEMAIS INTERESSADOS DO CURSO DE MEDICINA VETERINÁRIA,Resumo Expandido - Graduação
Não Especificada,ANÁLISE DO TEOR DE FDN E FDA NA SILAGEM DE CANA-DE-AÇUCAR COM USO DE DIFERENTES INOCULANTES,Resumo Expandido - Graduação
Não Especificada,VERTEDORES DE BASE LARGA: COMPARAÇÃO DE MÉTODOS DE ESTIMATIVA DE VAZÃO EM RIOS,Resumo Expandido - Graduação
Não Especificada,DETERMINAÇÃO DA UMIDADE DE SOLO ARENOSO PELO MÉTODO DO FORNO ELÉTRICO,Resumo Expandido - Graduação
Não Especificada,HERMAFRODITISMO VERDADEIRO EM CÃO DA RAÇA PINSCHER: RELATO DE CASO,Resumo Expandido - Graduação
Não Especificada,VERIFICAÇÃO DA PRESENÇA DE TRIHALOMETANOS EM ÁGUAS DE ABASTECIMENTO E RECREAÇÃO DA REGIÃO DE MONTES CLAROS,Resumo Expandido - Graduação
Não Especificada,CONTRIBUIÇÕES DO PIBID PARA A FORMAÇÃO DOCENTE DE LICENCIANDOS DO IFNMG CAMPUS JANUÁRIA,Resumo Expandido - Graduação
Não Especificada,CONSCIENTIZAÇÃO AMBIENTAL ATRAVÉS DA FEIRA DE CIÊNCIAS EM UMA ESCOLA DE JANUÁRIA-MG,Resumo Expandido - Graduação
Não Especificada,AVALIAÇÃO DA DENSIDADE BÁSICA DA MADEIRA DE MOGNO AFRICANO,Resumo Expandido - Graduação
Não Especificada,PESO DE CARCAÇA DE NOVILHOS ALIMENTADOS COM DIETA SEM VOLUMOSO,Resumo Expandido - Graduação
Não Especificada,VISITA TÉCNICA AO HORTO FLORESTAL DA FUNDAÇÃO CAIO MARTINS,Resumo Expandido - Graduação
Não Especificada,EXPLORANDO O MUNDO MICROBIANO: UMA AULA PRATICA EM SALA DE AULA,Resumo Expandido - Graduação
Não Especificada,PRODUTIVIDADE E QUALIDADE DE LAVOURA DE MILHO EM SISTEMA IRRIGADO,Resumo Expandido - Graduação
Não Especificada,SUPLEMENTAÇÃO DE ALTO CONSUMO PARA NOVILHOS EM PASTAGEM DE CAPIM MASSAÍ,Resumo Expandido - Graduação
Não Especificada,SUPLEMENTAÇÃO DE BOVINOS DE CORTE NA RECRIA À PASTO NO PERÍODO SECO,Resumo Expandido - Graduação
Não Especificada,DESEMPENHO DE NOVILHOS ALIMENTADOS COM DIETA SEM VOLUMOSO,Resumo Expandido - Graduação
Não Especificada,RENDIMENTO DE CARCAÇA DE NOVILHOS NELORES CONFINADOS ALIMENTADOS COM DIETA SEM VOLUMOSO,Resumo Expandido - Graduação
Não Especificada,PESO DA CARCAÇA DE NOVILHOS NELORES CONFINADOS ALIMENTADOS COM DIETA SEM VOLUMOSO,Resumo Expandido - Graduação
Não Especificada,DESEMPENHO DE NOVILHOS NELORES CONFINADOS ALIMENTADOS COM DIETA SEM VOLUMOSO,Resumo Expandido - Graduação
Não Especificada,DESEMPENHO PRODUTIVO DO MILHO HÍBRIDO LG 36799®,Resumo Expandido - Graduação
Não Especificada,INFLUÊNCIA DO TAMANHO DO CAPÍTULO EM RELAÇÃO AO DESEMPENHO PRODUTIVO GENÓTIPOS DE GIRASSOL CULTIVADOS NO NORTE DE MINAS GERAIS SAFRA 2022/2023,Resumo Expandido - Graduação
Não Especificada,GENÓTIPOS DE GIRASSOL: INFLUÊNCIA DE ALTURA DE PLANTAS E DIÂMETRO DO CAULE NA CONTAGEM DE PLANTAS ACAMADAS E QUEBRADAS EM STAND FINAL,Resumo Expandido - Graduação
Não Especificada,"CORRELAÇÃO ENTRE VARIÁVEIS DE GENÓTIPOS DE GIRASSOL, CULTIVADOS NO NORTE DE MINAS GERAIS SAFRA 2022",Resumo Expandido - Graduação
Não Especificada,ENSINO DE FÍSICA POR INVESTIGAÇÃO: PROMOVENDO A COMPREENSÃO ATIVA EM FÍSICA ATRAVÉS DE ATIVIDADES PRÁTICAS NO MBITO DO PROGRAMA PIBID.,Resumo Expandido - Graduação
Não Especificada,TRILHANDO O CAMINHO DA EDUCAÇÃO: REFLEXÕES PESSOAIS SOBRE MINHAS VIVÊNCIAS NO PIBID DE FÍSICA,Resumo Expandido - Graduação
Não Especificada,"IMPACTO DA PRESENÇA DE UMA GRANDE EMPRESA DO SETOR SUPERMERCADISTA NOS PREÇOS LOCAIS DO MUNICÍPIO DE JANUÁRIA MG, NO PERÍODO DE 2022 A 2023: UMA ANÁLISE DE CORRELAÇÃO",Resumo Expandido - Graduação
Não Especificada,CUIDAR-EDUCAR: A PERCEPÇÃO DOS PROFESSORES EM RELAÇÃO À AFETIVIDADE NA EDUCAÇÃO INFANTIL.,Resumo Expandido - Graduação
Não Especificada,NODULAÇÃO DE RAÍZES DE AMENDOIM CV. IAC OL3 (ARACHIS HYPOGAEA L.) PRODUZIDOS EM SEQUEIRO EM DUAS DENSIDADES ENTRE PLANTAS EM JANUÁRIA- MG,Resumo Expandido - Graduação
Não Especificada,CORRELAÇÃO ENTRE VARIÁVEIS DE AMENDOIM CV. IAC OL3 (ARACHIS HYPOGAEA L.) CULTIVADO EM JANUÁRIA- MG SAFRA 2021/2022,Resumo Expandido - Graduação
Não Especificada,DESENVOLVENDO HABILIDADES DE COMUNICAÇÃO EM SALA DE AULA: LIÇÕES DA RESIDÊNCIA PEDAGÓGICA,Resumo Expandido - Graduação
Não Especificada,DESENVOLVIMENTO E CALIBRAÇÃO DE UM SENSOR CAPACITIVO PARA DETERMINAR UMIDADE DE GRÃOS DE MILHO,Resumo Expandido - Graduação
Não Especificada,DISTRIBUIÇÃO ESPACIAL DA LÂMINA DE IRRIGAÇÃO EM UM SISTEMA DE ASPERSÃO CONVENCIONAL,Resumo Expandido - Graduação
Não Especificada,MODELAGEM MATEMÁTICA DE UM PÊNDULO SIMPLES UTILIZANDO EQUAÇÕES DIFERENCIAIS,Resumo Expandido - Graduação
Não Especificada,A UTILIZAÇÃO DO SIMULADOR PHET COMO FERRAMENTA DE APRENDIZAGEM ATIVA NO ENSINO DE FÍSICA,Resumo Expandido - Graduação
Não Especificada,“QUEM EU SOU?” COMO ESTRATÉGIA DIDÁTICA PARA O ENSINO DE BOTÂNICA E ZOOLOGIA,Resumo Expandido - Graduação
Não Especificada,ENRIQUECIMENTO MINERAL DE PLANTAS DE ORAPRONÓBIS (PERESKIA ACULEATA MILLER) CULTIVADAS EM VASOS COM DISTINTAS DOSES E FONTES DE FERRO,Resumo Expandido - Graduação
Não Especificada,"CRESCIMENTO DE FEIJÃO-CAUPI EM RESPOSTA À APLICAÇÃO DE COBALTO, MOLIBDÊNIO, NITROGÊNIO, FÓSFORO E POTÁSSIO E À INOCULAÇÃO DE BRADYRHIZOBIUM PACHYRHIZI E GLOMUS FORMOSANUM.",Resumo Expandido - Graduação
Não Especificada,ANÁLISE FITOQUÍMICA DOS EXTRATOS FOLIARES DA MORINGA (MORINGA OLEÍFERA),Resumo Expandido - Graduação
Não Especificada,DETERMINAÇÃO DO NGULO DE REPOUSO DE GRÃOS DE FEIJÃO AZUKI (VIGNA ANGULARIS) SELECIONADOS EM DIFERENTES PENEIRAS.,Resumo Expandido - Graduação
Não Especificada,DATA DE FLORAÇÃO INICIAL DE GENÓTIPOS DE GIRASSOL CULTIVADOS NO NORTE DE MINAS GERAIS SAFRA 2022/2023,Resumo Expandido - Graduação
Não Especificada,UTILIZAÇÃO DO SOFTWARE MATHEMATICS PARA O ENSINO DE FUNÇÃO POLINOMIAL DE GRAU UM,Resumo Expandido - Graduação
Não Especificada,CONTAGEM DE BACTÉRIAS ÁCIDO-LÁTICAS PRESENTES NO LEITE DE PRODUTORES DO REQUEIJÃO MORENO,Resumo Expandido - Graduação
Não Especificada,CARACTERIZAÇÃO DO POTENCIAL ANTIOXIDANTE E COMPOSTOS FENÓLICOS DOS RESÍDUOS DE FRUTAS TROPICAIS,Resumo Expandido - Graduação
Não Especificada,"""APRENDENDO BRINCANDO: JOGO 'QUE FUNÇÃO SOU EU?' E A EXPLORAÇÃO DAS FUNÇÕES ORGÂNICAS""",Resumo Expandido - Graduação
Não Especificada,APLICAÇÃO DE UMA SEQUÊNCIA DIDÁTICA PARA O ENSINO DE SOLUÇÕES UTILIZANDO RÓTULOS DE PRODUTOS COMERCIAIS NA DISCIPLINA DE QUÍMICA NO IFNMG - CAMPUS SALINAS,Resumo Expandido - Graduação
Não Especificada,ANSIEDADE E DEPRESSÃO NA APRENDIZAGEM DOS ADOLESCENTES NO RETORNO AS AULAS PRESENCIAIS,Resumo Expandido - Graduação
Não Especificada,EDUCAÇÃO AMBIENTAL NA FORMAÇÃO DE PROFESSORES DE QUÍMICA PELO IFNMG CAMPUS SALINAS: UMA ANÁLISE DOS PROJETOS PEDAGÓGICOS DO CURSO,Resumo Expandido - Graduação
Não Especificada,O USO DE EXPERIMENTAÇÃO NO PROCESSO DE ENSINO APRENDIZAGEM DE QUÍMICA,Resumo Expandido - Graduação
Não Especificada,"ELETROQUÍMICA E MEIO AMBIENTE: CONSCIENTIZAÇÃO DO DESCARTE ADEQUADO DE PILHAS, BATERIAS E LIXO ELETROELETRÔNICO NO ENSINO MÉDIO",Resumo Expandido - Graduação
Não Especificada,ANÁLISE FÍSICO-QUÍMICA DA ÁGUA DO RIO SALINAS,Resumo Expandido - Graduação
Não Especificada,SAÚDE MENTAL DO IDOSO: PERSPECTIVAS BIOPSICOSSOCIAIS PÓS INSTITUCIONALIZAÇÃO,Resumo Expandido - Graduação
Não Especificada,PARÂMETROS MORFOLÓGICOS EM MUDAS DE AMBURANA CEARENSES A. C. SMITH PRODUZIDAS SOB DIFERENTES SUBSTRATOS E DENSIDADES NA BANDEJA,Resumo Expandido - Graduação
Não Especificada,MINERAÇÃO DE REGRAS DE ASSOCIAÇÃO PARA DESCOBERTA DE PADRÕES FREQUENTES EM DOENÇA DE CHAGAS,Resumo Expandido - Graduação
Não Especificada,VIVENCIANDO A DOCÊNCIA NA EDUCAÇÃO INFANTIL: PRIMEIRAS EXPERIÊNCIAS NO PROGRAMA RESIDÊNCIA PEDAGÓGICA,Resumo Expandido - Graduação
Não Especificada,PROCESSO DE APRENDIZAGEM NA ADOLESCÊNCIA,Resumo Expandido - Graduação
Não Especificada,INVESTIGAÇÃO DE BACTÉRIAS TOTAIS EM SUPERFÍCIES EM CONTATO COM PRODUTOS DE ORIGEM ANIMAL,Resumo Expandido - Graduação
Não Especificada,AVALIAÇÃO DO TIPO DE LIGAÇÃO DE BATERIAS EM SISTEMAS SOLARES FOTOVOLTAICOS OFF-GRID,Resumo Expandido - Graduação
Não Especificada,"APRENDIZAGENS E VIVÊNCIAS- VISITA TÉCNICA A CIDADE HISTÓRICA DO BRASIL, DIAMANTINA",Resumo Expandido - Graduação
Não Especificada,DIFERENTES MÉTODOS DE QUEBRA DE DORMÊNCIA EM SEMENTES DE PEQUIZEIRO,Resumo Expandido - Graduação
Não Especificada,MINERAÇÃO DE DADOS NA PRODUÇÃO DO QUEIJO MINAS ARTESANAL,Resumo Expandido - Graduação
Não Especificada,MONITORIA INCLUSIVA: CONSIDERAÇÕES SOBRE O AUXÍLIO AOS ALUNOS ATENDIDOS PELO NAPNE – CAMPUS SALINAS,Resumo Expandido - Graduação
Não Especificada,"ENERGIA RENOVÁVEL, UMA ABORDAGEM DIDÁTICA PARA A COMUNIDADE ESCOLAR",Resumo Expandido - Graduação
Não Especificada,CRESCIMENTO DE FILMES DE POLIANILINA SOBRE VIDRO PARA DESENVOLVIMENTO DE DISPOSITIVOS,Resumo Expandido - Graduação
Não Especificada,GERMINAÇÃO DE SEMENTE DE CAPIM CARRAPICHO COM CARIOPSE (CENCHRUS ECHINATUS LINNEAUS) EM FUNÇÃO DO TRATAMENTO COM EXTRATO AQUOSO DE ALGODÃO DE SEDA (CALOTROPIS PROCERA AITON),Resumo Expandido - Graduação
Não Especificada,DESENVOLVIMENTO DO PENSAMENTO COMPUTACIONAL NOS ANOS FINAIS DO ENSINO FUNDAMENTAL,Resumo Expandido - Graduação
Não Especificada,ECONOMIA CIRCULAR E DESENVOLVIMENTO DE BLOQUETES SUSTENTÁVEIS,Resumo Expandido - Graduação
Não Especificada,TRADIÇÃO E APRENDIZADO: UMA JORNADA EDUCATIVA PELAS BRINCADEIRAS DE OUTRORA NA EDUCAÇÃO INFANTIL,Resumo Expandido - Graduação
Não Especificada,INTERVENÇÃO PEDAGÓGICA: ANÁLISE DE UMA PRÁTICA DO PIBID - SUBPROJETO PEDAGOGIA /CAMPUS SALINAS,Resumo Expandido - Graduação
Não Especificada,UM SISTEMA DE AVALIAÇÕES DIAGNÓSTICAS COMO FERRAMENTA PARA RECUPERAÇÃO DE APRENDIZAGENS,Resumo Expandido - Graduação
Não Especificada,IDENTIFICAÇÃO ESPACIAL DE ÁREAS PROPÍCIAS PARA CULTIVO DE BATATA DOCE NA MACRORREGIÃO DE VALE DO JEQUITINHONHA-MG,Resumo Expandido - Graduação
Não Especificada,O ENSINO DE GEOGRAFIA NAS SÉRIES INICIAIS: O COTIDIANO DE SALINAS-MG,Resumo Expandido - Graduação
Não Especificada,O USO DE JOGOS PEDAGÓGICOS: VIVÊNCIA EM UMA TURMA DO ENSINO MÉDIO DE UMA ESCOLA PÚBLICA NA CIDADE DE SALINAS-MG,Resumo Expandido - Graduação
Não Especificada,A IMPORTÂNCIA DA MUSICALIZAÇÃO NOS ANOS INICIAIS DO ENSINO FUNDAMENTAL: EXPERIÊNCIA VIVENCIADA NO PROGRAMA RESIDÊNCIA PEDAGÓGICA,Resumo Expandido - Graduação
Não Especificada,AVALIAÇÃO DE ESTUDO DIRIGIDO COMO FERRAMENTA DE APRENDIZAGEM DO CONTEÚDO ‘REINO PROTISTA’ EM TURMAS DO 2º ANO TÉCNICO EM AGROPECUÁRIA DO IFNMG CAMPUS JANUÁRIA,Resumo Expandido - Graduação
Não Especificada,OBSERVAÇÃO DE EVENTOS ASTRONÔMICOS NO CÉU DE JANUÁRIA-MG,Resumo Expandido - Graduação
Não Especificada,CORTE EM MOTOR DE COMBUSTÃO PARA ESTUDO DE FUNCIONAMENTO E FINS DIDÁTICOS .,Resumo Expandido - Graduação
Não Especificada,ESTUDO DE CASO: O FUNCIONAMENTO DA GESTÃO E DA ORGANIZAÇÃO PEDAGÓGICA E ADMINISTRATIVA DA EJA EM UMA INSTITUIÇÃO DE ENSINO EM SALINAS-MG,Resumo Expandido - Graduação
Não Especificada,GANHO COMPENSATÓRIO EM NOVILHAS DE CORTE SUPLEMENTADAS A PASTO NO PERÍODO DAS ÁGUAS,Resumo Expandido - Graduação
Não Especificada,UM PANORAMA DA EVASÃO NO CURSO DE LICENCIATURA EM CIÊNCIAS BIOLÓGICAS DO IFNMG/CAMPUS JANUÁRIA,Resumo Expandido - Graduação
Não Especificada,INFLUÊNCIA DO AMBIENTE E PROFUNDIDADE DE SEMEADURA NA EMERGÊNCIA DE PLÂNTULAS DE TACHIGALI SUBVELUTINA (BENTH) OLIVEIRA-FILHO,Resumo Expandido - Graduação
Não Especificada,PARÂMETROS MORFOLÓGICOS DE MUDAS DE CANAFÍSTULA SOB DIFERENTES DENSIDADES NA BANDEJA E DOSES DE ADUBO DE LIBERAÇÃO LENTA,Resumo Expandido - Graduação
Não Especificada,PRODUÇÃO DE MASSA SECA DE ESPÉCIES FLORESTAIS EM PLANTIO ISOLADO OU EM MATOCOMPETIÇÃO COM O CAPIM BUFFEL CENCHRUS CILIARIS L.,Resumo Expandido - Graduação
Não Especificada,INTELIGÊNCIA ARTIFICIAL APLICADA NA EXPLORAÇÃO DE CONCEITOS MATEMÁTICOS E RESOLUÇÃO DE PROBLEMAS LÓGICOS,Resumo Expandido - Graduação
Não Especificada,ÍNDICE DE ESTRESSE HÍDRICO DA CULTURA DO GIRASSOL,Resumo Expandido - Graduação
Não Especificada,SÍNTESE DE NANOESTRUTURAS DE ÓXIDO DE ANTIMÔNIO VIA COMBUSTÃO AUTO SUSTENTADA,Resumo Expandido - Graduação
Não Especificada,ACESSO ÀS TECNOLOGIAS DIGITAIS: O CAOS PERSISTE NAS ESCOLAS DO CAMPO,Resumo Expandido - Graduação
Não Especificada,A INSERÇÃO DE JOGOS PARA O ENSINO DA MATEMÁTICA NA EDUCAÇÃO INFANTIL,Resumo Expandido - Graduação
Não Especificada,APOIO À TOMADA DE DECISÃO EM PROJETOS SOCIAIS,Resumo Expandido - Graduação
Não Especificada,PRODUÇÃO DE MASSA SECA DA PELTOPHORUM DUBIUM (SPRENGEL) TAUBERT) SOB A INTERFERÊNCIA DA BRACHIARIA DECUMBENS E PANICUM MAXIMUM,Resumo Expandido - Graduação
Não Especificada,ESPÉCIES DE MOSCAS-DAS-FRUTAS E SUAS RELAÇÕES TRÓFICAS NA MACRORREGIÃO DE JANUÁRIA MINAS GERAIS,Resumo Expandido - Graduação
Não Especificada,ANÁLISE DE EXPERIMENTO DE BAIXO CUSTO PARA O ENSINO DE PROCESSOS DE TRANSFERÊNCIA DE CALOR.,Resumo Expandido - Graduação
Não Especificada,O LÚDICO NO PROCESSO ENSINO-APRENDIZAGEM NA EDUCAÇÃO INFANTIL: ESTUDO DE CASO NO IFNMG- CAMPUS SALINAS,Resumo Expandido - Graduação
Não Especificada,IMPACTO DOS PROCESSOS DE CONGELAMENTO E DESCONGELAMENTO NA SEGURANÇA MICROBIOLÓGICA DA CARNE MOÍDA,Resumo Expandido - Graduação
Não Especificada,PRÁTICAS DE ENSINO DA EDUCAÇÃO INFANTIL: UMA ANÁLISE DAS INTERAÇÕES SOCIAIS COMO FERRAMENTA PEDAGÓGICA COMPLEMENTAR PARA O ENSINO-APRENDIZAGEM DE INTERPRETAÇÃO DE TEXTOS E IMAGENS.,Resumo Expandido - Graduação
Não Especificada,INVESTIGAÇÃO DE MÉTODOS ALTERNATIVOS PARA AVALIAÇÃO DA DEGRADAÇÃO INDUZIDA POR POTENCIAL EM MÓDULOS FOTOVOLTAICOS,Resumo Expandido - Graduação
Não Especificada,"INFLUÊNCIA DA MATÉRIA ORGÂNICA, PH E ARGILA NA CAPACIDADE DE TROCA CATIÔNICA DO SOLO",Resumo Expandido - Graduação
Não Especificada,A UTILIZAÇÃO DA MÚSICA NO PROCESSO DE ALFABETIZAÇÃO E LETRAMENTO,Resumo Expandido - Graduação
Não Especificada,DIFICULDADES ENFRENTADAS POR ALUNOS DO CAMPO DURANTE A PANDEMIA DA COVID-19,Resumo Expandido - Graduação
Não Especificada,AVALIAÇÃO DO CONSUMO EM BEZERRAS DE CORTE SUPLEMENTADAS A PASTO NO PERÍODO DAS ÁGUAS,Resumo Expandido - Graduação
Não Especificada,"INFLUENCIA DA TEMPERATURA NA REPRODUÇÃO DE ZABROTES SUBFASCIATUS (COLEOPTERA: BRUCHIDAE), CRIADO EM VIGNA RADIATA (FABACEAE)",Resumo Expandido - Graduação
Não Especificada,CONTRIBUIÇÕES E AVANÇOS DO MONITORAMENTO DOS PIBIDIANOS NAS SÉRIES INICIAIS DO ENSINO FUNDAMENTAL,Resumo Expandido - Graduação
Não Especificada,"DA TEORIA À PRÁTICA, MINHA EXPERIÊNCIA NA RESIDÊNCIA PEDAGÓGICA",Resumo Expandido - Graduação
Não Especificada,AULAS-PASSEIO: CONTRIBUIÇÕES PARA A CONSTRUÇÃO DA APRENDIZAGEM,Resumo Expandido - Graduação
Não Especificada,CONCRETO VIRADO EM OBRA – IDENTIFICAÇÃO DOS TRAÇOS MAIS UTILIZADOS NO MUNICÍPIO DE PIRAPORA/MG,Resumo Expandido - Graduação
Não Especificada,PANORAMA DO DESEMPENHO DOS DISCENTES DOS 2º ANOS DO CURSO TÉCNICO EM AGROPECUÁRIA DO IFNMG - CAMPUS JANUÁRIA NO ENSINO REMOTO E PRESENCIAL,Resumo Expandido - Graduação
Não Especificada,O ESTUDO DA HISTÓRIA DA CLASSIFICAÇÃO BIOLÓGICA DOS SERES VIVOS COMO UM EXEMPLO DE SALA DE AULA INVERTIDA NO ENSINO MÉDIO,Resumo Expandido - Graduação
Não Especificada,ANÁLISE CRÍTICA DO PNLD 2021 E AS NOVAS COLEÇÕES DOS LIVROS DIDÁTICOS DE FÍSICA.,Resumo Expandido - Graduação
Não Especificada,PERCEPÇÕES DOS ALUNOS DA E.E. PROFESSOR CLAUDEMIRO ALVES FERREIRA SOBRE AS ATIVIDADES DESENVOLVIDAS PELO PIBID DE MATEMÁTICA,Resumo Expandido - Graduação
Não Especificada,EFEITO DAS MUDANÇAS CLIMÁTICAS NO NORTE DE MINAS GERAIS UTILIZANDO O MODELO FIO-ESM-2-0,Resumo Expandido - Graduação
Não Especificada,EFEITO DAS MUDANÇAS CLIMÁTICAS NO BALANÇO HIDRÍCO DO NORTE DE MINAS GERAIS,Resumo Expandido - Graduação
Não Especificada,AÇÕES PARA PERMANÊNCIA E ÊXITO DO PÚBLICO FEMININO NOS CURSOS DE TECNOLOGIA DA INFORMAÇÃO E COMUNICAÇÃO NO INSTITUTO FEDERAL DO NORTE DE MINAS GERAIS - CAMPUS JANUÁRIA,Resumo Expandido - Graduação
Não Especificada,ANÁLISE DE QUALIDADE DE SOFTWARE: UM ESTUDO DE CASO COM O MÓDULO DE GESTÃO DE ESTÁGIOS DO IFNMG,Resumo Expandido - Graduação
Não Especificada,ANÁLISE DO DESEMPENHO DOS DISCENTES DOS 2º ANOS DO CURSO TÉCNICO EM AGROPECUÁRIA DO IFNMG CAMPUS JANUÁRIA FRENTE AO CONTEÚDO REINO FUNGI,Resumo Expandido - Graduação
Não Especificada,O PAPEL CRUCIAL DAS ABORDAGENS ATIVAS NO CONTEXTO DO ENSINO E APRENDIZAGEM,Resumo Expandido - Graduação
Não Especificada,CHAMA DE COMBUSTÃO SOB FORTE CAMPO ELÉTRICO – CONSTRUÇÃO DE UMA UNIDADE DE ENSINO SIMPLES E POTENCIALMENTE SIGNIFICATIVA,Resumo Expandido - Graduação
Não Especificada,CONTRIBUIÇÕES DO SEMINÁRIO COMO FACILITADOR DO PROCESSO DE ENSINO APRENDIZAGEM DE ESTUDANTES DO 3° ANO DO ENSINO MÉDIO,Resumo Expandido - Graduação
Não Especificada,MEDIÇÃO DE UMIDADE COM PROTÓTIPO DE DATALOGGER ARDUINO APLICADA AO MONITORAMENTO DE ÁGUA NO SOLO.,Resumo Expandido - Graduação
Não Especificada,"ALTURA E PESO DE CEM GRÃOS DO DO FEIJÃO MUNGO VERDE (VIGNA RADIATA – FABACEAE) CONSORCIADO COM MILHO CRIOULO, EM DIFERENTES DENSIDADES DE PLANTAS",Resumo Expandido - Graduação
Não Especificada,"ALTURA E PESO DE CEM GRÃOS DO FEIJÃO MUNGO VERDE (VIGNA RADIATA – FABACEAE) CONSORCIADO COM MILHO CRIOULO, EM DIFERENTES DENSIDADES DE PLANTAS",Resumo Expandido - Graduação
Não Especificada,EFICÁCIA DO REVESTIMENTO A BASE DE QUITOSANA NO CONTROLE DE PATÓGENOS PÓS-COLHEITA DE MORANGO,Resumo Expandido - Graduação
Não Especificada,CONSERVAÇÃO DE TOMATE CEREJA COM UTILIZAÇÃO DE BIOFILMES INCORPORANDO ÓLEO ESSENCIAL DE ALECRIM,Resumo Expandido - Graduação
Não Especificada,DESENVOLVIMENTO DE SOFTWARE PARA REGISTRO DE ESPÉCIES DA FAUNA E FLORA DO PARQUE ESTADUAL SERRA NOVA E TALHADO,Resumo Expandido - Graduação
Não Especificada,POTENCIAL GERMINATIVO DA ESPÉCIE ACACIA POLYPHYLLA DC (ESPINHEIRO PRETO),Resumo Expandido - Graduação
Não Especificada,RISCO DE INCÊNDIO FLORESTAL: ESTUDO EM UMA ÁREA DO IFNMG - CAMPUS SALINAS,Resumo Expandido - Graduação
Não Especificada,A AVALIAÇÃO NA EDUCAÇÃO INFANTIL: O DITO E O FEITO,Resumo Expandido - Graduação
Não Especificada,RESIDÊNCIA PEDAGÓGICA: AS LACUNAS NO PROCESSO DE ALFABETIZAÇÃO E LETRAMENTO EM UMA TURMA DO 4° ANO DO FUNDAMENTAL I,Resumo Expandido - Graduação
Não Especificada,RECONFIGURAÇÃO DE DISPOSITIVOS IPTV ILEGAIS: A CONVERSÃO EM MINICOMPUTADORES PARA DESTINAÇÃO SUSTENTÁVEL,Resumo Expandido - Graduação
Não Especificada,MONITORAMENTO DO SARS-COV-2 EM ÁGUAS RESIDUÁRIAS DO MUNICÍPIO DE SALINAS-MINAS GERAIS,Resumo Expandido - Graduação
Não Especificada,CARACTERIZAÇÃO REGIONAL DA AMÊNDOA DO BARU NO NOROESTE DE MINAS GERAIS,Resumo Expandido - Graduação
Não Especificada,PROGRAMA DE QUALIDADE MICROBIOLÓGICA DO LEITE,Resumo Expandido - Graduação
Não Especificada,BLEND DE ÓLEO ESSENCIAL DE COENTRO (CORIANDRUM SATIVUM) E ORÉGANO (ORIGANUM VULGARE) POTENCIALIZANDO O EFEITO ANTIMICROBIANO DA CARNE BOVINA IN NATURA.,Resumo Expandido - Graduação
Não Especificada,"DESEMPENHO AGRONÔMICO DE CULTIVARES DE FEIJÃO-CAUPI NO SEMIÁRIDO DE JANUÁRIA, NORTE DE MINAS GERAIS",Resumo Expandido - Graduação
Não Especificada,"ÍNDICE DE GRÃOS E PRODUTIVIDADE DE CULTIVARES DE FEIJÃO-CAUPI NO SEMIÁRIDO DE JANUÁRIA, MINAS GERAIS",Resumo Expandido - Graduação
Não Especificada,A IMPORTÂNCIA DE AULAS PRÁTICAS DE BIOLOGIA PARA O PROCESSO DE ENSINO APRENDIZAGEM,Resumo Expandido - Graduação
Não Especificada,DESENVOLVIMENTO E PRODUTIVIDADE DO AÇAFRÃO (CURCUMA LONGA LINN) CULTIVADO A PARTIR DE DIFERENTES MASSAS DE RIZOMAS,Resumo Expandido - Graduação
Não Especificada,ESTUDO DAS CONDIÇÕES HIGIÊNICO-SANITÁRIAS DA MANIPUEIRA OBTIDA NAS FECULARIAS DO MUNICÍPIO DE RIO PARDO DE MINAS,Resumo Expandido - Graduação
Não Especificada,UTILIZAÇÃO DO GOOGLE STREET VIEW COMO ALTERNATIVA REMOTA PARA A REALIZAÇÃO DE INVENTÁRIO FLORESTAL URBANO,Resumo Expandido - Graduação
Não Especificada,ARBORIZAÇÃO URBANA: PERCEPÇÃO DA POPULAÇÃO URUCUIANA,Resumo Expandido - Graduação
Não Especificada,"COMPORTAMENTO DE SITOPHILUS ZEAMAIS MOTSCH., 1855 (COLEOPTERA: CURCULIONIDAE) EXPOSTO A CIANTRANILIPROLE (BENEVIA®)",Resumo Expandido - Graduação
Não Especificada,O NOVO ENSINO MÉDIO INTEGRAL: IMPACTOS NA DINÂMICA DO PROCESSO DE ENSINO E APRENDIZAGEM,Resumo Expandido - Graduação
Não Especificada,INFECÇÕES SEXUALMENTE TRANSMISSÍVEIS E SUA ABORDAGEM NO MEIO ESCOLAR.,Resumo Expandido - Graduação
Não Especificada,AVALIAÇÃO DA UTILIZAÇÃO DE AGREGADO MIÚDO DE VIDRO NA PRODUÇÃO DE PAVIMENTOS INTERTRAVADOS DE CONCRETO,Resumo Expandido - Graduação
Não Especificada,COMPORTAMENTO INGESTIVO DE NOVILHOS ALIMENTADOS COM DIETA SEM VOLUMOSO EM CONFINAMENTO,Resumo Expandido - Graduação
Não Especificada,"EFEITOS DO CIANTRANILIPROLE NO PREDADOR NÃO-ALVO, PODISUS NIGRISPINUS (DALLAS, 1851) (HEMIPTERA: PENTATOMIDAE)",Resumo Expandido - Graduação
Não Especificada,MONITORAMENTO DE HORTAS UTILIZANDO ARDUINO E MÓDULO XBEE: IMPLEMENTAÇÃO DE REDE DE SENSORES SEM FIO COM PROTOCOLO ZIGBEE,Resumo Expandido - Graduação
Não Especificada,SER PROFESSOR: AS RELAÇÕES ÉTNICO-RACIAIS NAS PRÁTICAS DE UM GRUPO DE DOCENTES DA CIDADE DE SALINAS/MG,Resumo Expandido - Graduação
Não Especificada,A TECNOLOGIA DA INFORMAÇÃO COMO FERRAMENTA DE APOIO NA CONSCIENTIZAÇÃO DE INCÊNDIOS FLORESTAIS,Resumo Expandido - Graduação
Não Especificada,RESISTÊNCIA DE GENÓTIPOS DE MUNGO-VERDE AO CARUNCHO-DO-FEIJÃO (ZABROTES SUBFASCIATUS).,Resumo Expandido - Graduação
Não Especificada,QUALIDADE DE CÁPSULAS MAGISTRAIS DE BIOTINA COMERCIALIZADAS NA CIDADE DE MONTES CLAROS - MG,Resumo Expandido - Graduação
Não Especificada,"ABSORÇÃO DE MACRONUTRIENTES NA CULTURA DO FEIJÃO CAUPI (VIGNA UNGUICULATA – FABACEAE), CULTIVODO NO SEMIÁRIDO DE JANUÁRIA, MINAS GERAIS.",Resumo Expandido - Graduação
Não Especificada,O DESENVOLVIMENTO DAS OPERAÇÕES LÓGICAS SOB A ÓTICA DA EPISTEMOLOGIA DE JEAN PIAGET,Resumo Expandido - Graduação
Não Especificada,CONTAGEM DE BACTÉRIAS ÁCIDO-LÁTICAS PRESENTES NO REQUEIJÃO MORENO,Resumo Expandido - Graduação
Não Especificada,ATUAÇÃO DO NEEM INDIANO EM ABELHAS APIS MELLIFERA: UMA ANÁLISE BIOINFORMÁTICA,Resumo Expandido - Graduação
Não Especificada,PLANTAS NO CONTROLE ALTERNATIVO DE AEDES AEGYPTI,Resumo Expandido - Graduação
Não Especificada,ESTUDO DE SINAIS COM AUXÍLIO DAS SÉRIES DE FOURIER E APLICAÇÃO DA TRANSFORMADA DE LAPLACE PARA DIMENSIONAR FILTROS PASSIVOS,Resumo Expandido - Graduação
Não Especificada,A IMPORTÂNCIA DAS BRINCADEIRAS ANTIGAS NA EDUCAÇÃO INFANTIL,Resumo Expandido - Graduação
Não Especificada,"ELABORAÇÃO DE BIOFILME COMESTÍVEL PARA FRUTOS PERECÍVEIS, APARTIR DO RESÍDUO DA GOMA DE MANDIOCA, VISANDO PROLONGAR A VIDA ÚTIL",Resumo Expandido - Graduação
Não Especificada,"CONFECÇÃO DE CÉLULAS COMO RECURSOS DIDÁTICOS NO ENSINO E APRENDIZAGEM DE BIOLOGIA CELULAR, UMA AÇÃO DO PROGRAMA RESIDÊNCIA PEDAGÓGICA",Resumo Expandido - Graduação
Não Especificada,DESENVOLVIMENTO E ANÁLISE DOS PARÂMETROS SENSORIAIS DE GELEIA DE ABACAXI (ANANAS COMOSUS) COM HORTELÃ ELABORADA COM PECTINA EXTRAÍDA DA GOIABA (PSIDIUM GUAJAVA L),Resumo Expandido - Graduação
Não Especificada,PROJETO IPA: INSTITUTO DE PORTAS ABERTAS:MOSTRA DE PROFISSÕES DO IFNMG- CAMPUS MONTES CLAROS,Resumo Expandido - Graduação
Não Especificada,ANÁLISE BIOINFORMÁTICA REVELA VIAS DE ATUAÇÃO DO MEL SOBRE A BACTÉRIA PSEUDOMONAS AERUGINOSA,Resumo Expandido - Graduação
Não Especificada,BARREIRAS ARQUITETÔNICAS NA EDUCAÇÃO NACIONAL E INTERNACIONAL: UM ESTUDO COMPARATIVO ENTRE A ACESSIBILIDADE NO ENTORNO DO IFNMG - CAMPUS PIRAPORA E O INSTITUTO POLITÉCNICO DA GUARDA,Resumo Expandido - Graduação
Não Especificada,ANÁLISE DE POTABILIDADE DA ÁGUA NOS BEBEDOUROS DO IFNMG/ CAMPUS JANUÁRIA,Resumo Expandido - Graduação
Não Especificada,LETRAMENTO NA EDUCAÇÃO INFANTIL: UM ESTUDO SOBRE OS IMPACTOS DE JOGOS EDUCATIVOS COMO RECURSOS PEDAGÓGICOS.,Resumo Expandido - Graduação
Não Especificada,DENSIDADE APARENTE DA MADEIRA DE MOGNO AFRICANO,Resumo Expandido - Graduação
Não Especificada,A EXPERIÊNCIA NO USO DO APP INVENTOR PARA O ENSINO DE LÓGICA DE PROGRAMAÇÃO ATRAVÉS DE OFICINAS,Resumo Expandido - Graduação
Não Especificada,EFEITO DE DIFERENTES TRATAMENTOS NOS PARAMETROS FÍSICO-QUÍMICOS DA ÁGUA DE RESERVATÓRIOS DO PROGRAMA CISTERNAS,Resumo Expandido - Graduação
Não Especificada,DETERMINAÇÃO DA UMIDADE DE CAPACIDADE DE CAMPO PELO MÉTODO “IN SITU” EM SOLO DE ÁREA EXPERIMENTAL DO IFNMG CAMPUS JANUÁRIA,Resumo Expandido - Graduação
Não Especificada,CONSTRUÇÃO E VALIDAÇÃO DE MESA TENSORA ALTERNATIVA E DE BAIXO CUSTO PARA DETERMINAÇÃO DE UMIDADE EM CAPACIDADE DE CAMPO,Resumo Expandido - Graduação
Não Especificada,UNIFORMIDADE DE DISTRIBUIÇÃO DE IRRIGAÇÃO EM SISTEMA DE IRRIGAÇÃO POR MICROASPERSÃO INSTALADO EM BANANAL,Resumo Expandido - Graduação
Não Especificada,INVESTIGANDO O ENSINO E APRENDIZAGEM MATEMÁTICA SOB A PERSPECTIVA DA TEORIA DAS REPRESENTAÇÕES SEMIÓTICAS: UM ESTUDO COM ALUNOS INGRESSANTES NO CURSO DE LICENCIATURA EM MATEMÁTICA DO IFNMG-CAMPUS JANUÁRIA,Resumo Expandido - Graduação
Não Especificada,MARKETING DIGITAL APLICADO A REDES SOCIAIS,Resumo Expandido - Graduação
Não Especificada,MEDIDOR DE VAZÃO ARTESANAL UTILIZANDO O EFEITO VENTURI,Resumo Expandido - Graduação
Não Especificada,A “MÁQUINA” DO TEMPO: UTILIZAÇÃO DE JOGOS PEDAGÓGICOS PARA O ENSINO DA HISTÓRIA LOCAL,Resumo Expandido - Graduação
Não Especificada,AVALIAÇÃO DOS ESTUDANTES DO ENSINO FUNDAMENTAL II SOBRE AS CONTRIBUIÇÕES DO PROGRAMA PIBID NA ESCOLA,Resumo Expandido - Graduação
Não Especificada,ESTUDOS DE GÊNERO E SEXUALIDADE NA EDUCAÇÃO: UMA PANORÂMICA SOBRE O DOCUMENTO PCN - ORIENTAÇÃO SEXUAL (1998),Resumo Expandido - Pós-Graduação (Lato e Stricto Sensu)
Não Especificada,PREVISÃO DE VELOCIDADE DO VENTO POR APRENDIZADO DE MÁQUINAS,Resumo Expandido - Pós-Graduação (Lato e Stricto Sensu)
Não Especificada,ENSAIO DE PRODUÇÃO E ANÁLISE SENSORIAL DE GELEIA DE “MEL” DE CACAU ADICIONADO EM IOGURTE GREGO,Resumo Expandido - Pós-Graduação (Lato e Stricto Sensu)
Não Especificada,"REPRESENTATIVIDADE E PROPORCIONALIDADE DOS COMPONENTES DOS CONSELHOS GESTORES DO IFNMG, UM LIMITE PARA A DEMOCRATIZAÇÃO?",Resumo Expandido - Pós-Graduação (Lato e Stricto Sensu)
Não Especificada,EXPERIÊNCIA NO MUNDO DO TRABALHO DOS EGRESSOS DO CURSO TÉCNICO EM SEGURANÇA DO TRABALHO DO IFNMG – CAMPUS MONTES CLAROS,Resumo Expandido - Pós-Graduação (Lato e Stricto Sensu)
Não Especificada,ESTUDO DO PROGRAMA DE ASSISTÊNCIA E APOIO AO ESTUDANTE NO INSTITUTO FEDERAL DO NORTE DE MINAS GERAIS - CAMPUS ALMENARA,Resumo Expandido - Pós-Graduação (Lato e Stricto Sensu)
Não Especificada,CONEXÕES ENTRE EDUCAÇÃO PROFISSIONAL E TECNOLÓGICA E EDUCAÇÃO ANTIRRACISTA: UM OLHAR NECESSÁRIO,Resumo Expandido - Pós-Graduação (Lato e Stricto Sensu)
Não Especificada,A PERCEPÇÃO DOS ESTUDANTES DO CTST DO IFNMG - CAMPUS MONTES CLAROS SOBRE A FORMAÇÃO PROFISSIONAL,Resumo Expandido - Pós-Graduação (Lato e Stricto Sensu)
Não Especificada,TESTE DE PREÇOS PARA A DELIMITAÇÃO DO MERCADO RELEVANTE: UMA APLICAÇÃO PARA O MERCADO DE CIMENTO REGIÃO SUDESTE DO BRASIL.,Resumo Expandido - Pós-Graduação (Lato e Stricto Sensu)
Não Especificada,MAPEAMENTO PRELIMINAR DOS REMANESCENTES DE COMUNIDADES QUILOMBOLAS NA MICRORREGIÃO DE SALINAS / MG,Resumo Expandido - Pós-Graduação (Lato e Stricto Sensu)
Não Especificada,INFLUÊNCIA DO TEMPERAMENTO ANIMAL SOB A TAXA DE CONCEPÇÃO DE NOVILHAS NELORES SUBMETIDAS À IATF,Resumo Expandido - Pós-Graduação (Lato e Stricto Sensu)
Não Especificada,INFLUÊNCIA DA SUPLEMENTAÇÃO À PASTO SOB A TAXA DE CONCEPÇÃO DE NOVILHAS NELORE,Resumo Expandido - Pós-Graduação (Lato e Stricto Sensu)
Não Especificada,PROTEINADOS DE BAIXO CONSUMO DE BEZERRAS DE CORTE SUPLEMENTADAS A PASTO NO PERÍODO SECO,Resumo Expandido - Pós-Graduação (Lato e Stricto Sensu)
Não Especificada,"JORNAL ESCOLAR DO IFNMG, FOLHA PORTEIRINHA",Resumo Expandido - Pós-Graduação (Lato e Stricto Sensu)
Não Especificada,CONHECIMENTO ESPECIALIZADO PARA O ENSINO DE MATEMÁTICA: ANÁLISES DE TRABALHOS DE PESQUISAS PUBLICADAS NA BDTD NO PERÍODO DE 2013 A 2023,Resumo Expandido - Pós-Graduação (Lato e Stricto Sensu)
Não Especificada,CURSO TÉCNICO A DISTÂNCIA EM SERVIÇOS JURÍDICOS E A INSERÇÃO DAS BASES CONCEITUAIS DA EDUCAÇÃO PROFISSIONAL E TECNOLÓGICA,Resumo Expandido - Pós-Graduação (Lato e Stricto Sensu)
Não Especificada,ENSINO REMOTO EMERGENCIAL E SAÚDE MENTAL: REPRESENTAÇÕES SOCIAIS DE DOCENTES DO IFNMG,Resumo Expandido - Pós-Graduação (Lato e Stricto Sensu)
Não Especificada,CURRICULARIZAÇÃO DA EXTENSÃO NOS CURSOS TÉCNICOS INTEGRADOS AO ENSINO MÉDIO DO IFNMG-INSTITUTO FEDERAL DO NORTE DE MINAS GERAIS: PROPOSTA DE CONSTRUÇÃO DE UMA DIRETRIZ CURRICULAR.,Resumo Expandido - Pós-Graduação (Lato e Stricto Sensu)
Não Especificada,O USO DO JOGO ROBLOX NA APRENDIZAGEM DE LÓGICA DE PROGRAMAÇÃO PARA O ENSINO INTEGRATO TÉCNICO EM INFORMÁTICA,Resumo Expandido - Pós-Graduação (Lato e Stricto Sensu)
Não Especificada,INFLUÊNCIA DA EMBALAGEM NA COMPOSIÇÃO CENTESIMAL DA FARINHA DE BETERRABA,Resumo Expandido - Pós-Graduação (Lato e Stricto Sensu)
Não Especificada,AS BASES CONCEITUAIS PARA A EPT NA FORMAÇÃO DOS LICENCIANDOS EM MATEMÁTICA NO IFNMG - CAMPUS JANUÁRIA,Resumo Expandido - Pós-Graduação (Lato e Stricto Sensu)
Não Especificada,O ENSINO INTEGRADO NO IFBAIANO CAMPUS GUANAMBI: ANSIEDADE NOS DISCENTES,Resumo Expandido - Pós-Graduação (Lato e Stricto Sensu)
Não Especificada,AVALIAÇÃO FARMACOGNOSTICA E QUALIDADE DAS PLANTAS MEDICINAIS COMERCIALIZADAS NO MERCADO MUNICIPAL DE JANUÁRIA-MG,Resumo Expandido - Pós-Graduação (Lato e Stricto Sensu)
Não Especificada,DESENVOLVIMENTO E AVALIAÇÃO DA ESTABILIDADE FÍSICO- QUÍMICA DE UM XAMPU CONTENDO EXTRATOS DE MALPIGHIA EMARGINATA D.C,Resumo Expandido - Pós-Graduação (Lato e Stricto Sensu)
Não Especificada,O LOCUS DA POLITECNIA NAS DIRETRIZES PARA OFERTA DE CURSOS TÉCNICOS INTEGRADOS AO ENSINO MÉDIO NO INSTITUTO FEDERAL DO NORTE DE MINAS GERAIS – IFNMG,Resumo Expandido - Pós-Graduação (Lato e Stricto Sensu)
Não Especificada,"ASSOCIAÇÃO ENTRE SEXO, IDADE E PREVALÊNCIA DE DOENÇAS CRÔNICAS NÃO TRANSMISSÍVEIS EM QUILOMBOLAS RURAIS DO NORTE DE MINAS GERAIS",Resumo Expandido - Profissional
Não Especificada,CLASSES DE RELEVO DAS UNIDADES DE CONSERVAÇÃO DO ALTO CARIRI – MINAS GERAIS/BAHIA – BRASIL,Resumo Expandido - Profissional
Não Especificada,"CÁPSULA DO TEMPO: UMA PROPOSTA INTERDISCIPLAR PARA DISCUTIR MEMÓRIA, JUVENTUDE E PRESERVAÇÃO AMBIENTAL",Resumo Expandido - Profissional
Não Especificada,ESTUDO DOS EFEITOS DAS CONDIÇÕES DA REAÇÃO DE TRANSESTERIFICAÇÃO SOBRE O RENDIMENTO NA PRODUÇÃO DE BIODIESEL,Resumo Expandido - Profissional
Não Especificada,CURRÍCULO INTEGRADO E PEDAGOGIA DA ALTERNÂNCIA: INTEGRAÇÃO ENTRE SABERES TRADICIONAIS E CIENTÍFICOS,Resumo Expandido - Profissional
Não Especificada,PRÉ-TÉCNICO 2018,Resumo Expandido - Profissional
Não Especificada,CARBOIDRATOS FIBROSOS E NÃO FIBROSOS DO CAPIM UROCHLOA VERSUS BUFFEL ÁRIDUS E ESTIMATIVA DA PRODUÇÃO DE LEITE NO PERÍODO DE VERÃO NO SEMIÁRIDO,Resumo Expandido - Profissional
Não Especificada,CANTIGAS NAS MANIFESTAÇÕES DO BOI DE JANEIRO SALINENSE: NARRATIVAS DE UMA MEMÓRIA COLETIVA,Resumo Expandido - Profissional
Não Especificada,CURRÍCULO E CAPACIDADE ORÇAMENTÁRIA: UMA ANÁLISE DA CARGA HORÁRIA DOS CURSOS DO IFNMG,Resumo Expandido - Profissional
Não Especificada,AUTOAVALIAÇÃO INSTITUCIONAL: ESTUDO DE CASO NO IFNMG,Resumo Expandido - Profissional
Não Especificada,ANÁLISE DO TRABALHO NA MICRORREGIAO DE SALINAS: O CASO DA PRODUÇÃO DE CARVÃO VEGETAL,Resumo Expandido - Profissional
Não Especificada,FRAMEWORK PARA O ENSINO DE COMPUTAÇÃO GRÁFICA: ABSTRAÇÃO DA COMPLEXIDADE DE SOFTWARE NO CONTEXTO DO ENSINO SUPERIOR,Resumo Expandido - Profissional
Não Especificada,OFICINAS PEDAGÓGICAS NA EDUCAÇÃO INFANTIL,Resumo Expandido - Profissional
Não Especificada,HISTÓRIA E HISTORIOGRAFIA DA EDUCAÇÃO MINEIRA: UM BALANÇO DA PRODUÇÃO ACADÊMICA SOBRE A ESCOLARIZAÇÃO NO SERTÃO DE MINAS GERAIS,Resumo Expandido - Profissional
Não Especificada,A CONCEPÇÃO DE TRABALHO INFERIDA NA PROPOSTA DA EDUCAÇÃO PROFISSIONAL E TECNOLÓGICA: O BALANÇO DE PRODUÇÕES ACADÊMICAS COMO MÉTODO DE ANÁLISE,Resumo Expandido - Profissional
Não Especificada,ANGULO DE REPOUSO DOS GRÃOS DE MILHO EM DIFERENTES TEORES DE ÁGUA,Resumo Expandido - Profissional
Não Especificada,EXPERENCIAÇÕES PEDAGÓGICAS INCUTIDAS NA REFORMULAÇÃO CURRICULAR DOS CURSOS TÉCNICOS INTEGRADOS DO IFNMG CAMPUS ARAÇUAÍ,Resumo Expandido - Profissional
Não Especificada,CANTEIRO EXPERIMENTAL: ESPAÇO PEDAGÓGICO PARA A REALIZAÇÃO DE PRÁTICAS DE CONSTRUÇÃO CIVIL NO CAMPUS SANTA LUZIA DO IFMG,Resumo Expandido - Profissional
Não Especificada,FATORES DE EVASÃO E PERMANÊNCIA: UM ESTUDO DE CASO NO ENSINO MÉDIO INTEGRADO DA EPT,Resumo Expandido - Profissional
Não Especificada,INFORMALIDADE E DESIGUALDADES: BREVE ANÁLISE DO MERCADO DE TRABALHO BRASILEIRO,Resumo Expandido - Profissional
Ciências Agrárias (Produção Vegetal),POTENCIAL DE SEQUESTRO DE CARBONO POR LATOSSOLOS E CAMBISSOLOS DO BAIXO JEQUITINHONHA-MG,Área Temática Específica
Ciências Agrárias (Produção Vegetal),ANÁLISE DE USO E OCUPAÇÃO DO SOLO PELA AGRICULTURA NA BACIA HIDROGRÁFICA JQ1,Área Temática Específica
Ciências Agrárias (Produção Vegetal),UMIDADE DE COLHEITA DE GENÓTIPOS DE GIRASSOL CULTIVADOS NO NORTE DE MINAS GERAIS,Área Temática Específica
Ciências Agrárias (Produção Vegetal),"ELABORAÇÃO E CARACTERIZAÇÃO FÍSICO-QUÍMA DE BIOFILME COMESTÍVEL PARA CONSERVAÇÃO DE FRUTOS DE AMORA, A PARTIR DO RESÍDUO DA GOMA DE MANDIOCA VISANDO A GERAÇÃO DE RENDA PARA PRODUTORES",Área Temática Específica
Ciências Agrárias (Produção Vegetal),IMPACTO DA ADUBAÇÃO NA PRODUTIVIDADE DO MILHO: UMA ANÁLISE USANDO IMAGENS DO SATÉLITE PLANETSCOPE,Área Temática Específica
Ciências Agrárias (Produção Vegetal),COMPORTAMENTO DA UMIDADE DO SOLO DETERMINADA PELO MÉTODO EXPEDITO DO ÁLCOOL E PELO MÉTODO PADRÃO DA ESTUFA,Área Temática Específica
Ciências Agrárias (Produção Vegetal),O AVANÇO DA SILVICULTURA NA BACIA HIDROGRÁFICA DO RIO ARAÇUAÍ E AS POSSÍVEIS CONSEQUÊNCIAS PARA GESTÃO DE RECURSOS HÍDRICOS,Área Temática Específica
Ciências Agrárias (Produção Vegetal),"AVALIAÇÃO AGRONÔMICA DE PLANTAS DE GIRASSOL, CULTIVAR BRS323, EM FUNÇÃO DE DIFERENTES DOSES DE AGROSILÍCIO",Área Temática Específica
Ciências Agrárias (Produção Vegetal),GERMINAÇÃO DE SEMENTES DE GIRASSOL SUBMETIDAS A DIFERENTES DOSES DE CLORETO DE POTÁSSIO,Área Temática Específica
Ciências Agrárias (Produção Vegetal),COMPOSIÇÃO BROMATOLÓGICA DA LAVOURA DE MILHO PARA SILAGEM CULTIVADA NO NORTE DE MINAS GERAIS,Área Temática Específica
Ciências Agrárias (Produção Vegetal),PRODUÇÃO DE MATÉRIA SECA DE HYMENAEA MARTIANA HAYNE SUBMETIDA A DOSES CRESCENTES DE FÓSFORO.,Área Temática Específica
Ciências Agrárias (Produção Vegetal),INFLUÊNCIA DE ESPAÇAMENTO E DENSIDADE DE PLANTIO NO RENDIMENTO DE MASSA SECA DE PARTE AÉREA E RAIZ EM VARIEDADE DE AMENDOIM CV. IAC OL3 CULTIVADO NO NORTE DE MINAS GERAIS,Área Temática Específica
Ciências Agrárias (Produção Vegetal),VIABILIDADE DE PORTA-ENXERTOS IAC 572 E IAC 766 NO DESENVOLVIMENTO DE VIDEIRAS NO NORTE DE MINAS GERAIS,Área Temática Específica
Ciências Agrárias (Produção Vegetal),FITOSSOCIOLOGIA DE PLANTAS DANINHAS EM CULTIVO DE FEIJÃO MUNGO VERDE (VIGNA RADIATA) NO SEMIÁRIDO DE MINAS GERAIS,Área Temática Específica
Ciências Agrárias (Produção Vegetal),ESPUMA FENOLICA E DIFERENTES CONCENTRAÇÕES DE AIB NA SOBREVIVÊNCIA E ENRAIZAMENTO INICIAL DE MINIESTACAS DE CORYMBIA CITRIODORA EM ESTUFIM,Área Temática Específica
Ciências Agrárias (Produção Vegetal),RISCO DE OCORRÊNCIA DE INCÊNDIO EM UMA ÁREA FLORETAL DO IFNMG - CAMPUS SALINAS,Área Temática Específica
Ciências Agrárias (Produção Vegetal),DIAGNÓSTICO DA ARBORIZAÇÃO DO MUNICÍPIO DE NOVORIZONTE - MG,Área Temática Específica
Ciências Agrárias (Produção Vegetal),INTERFERÊNCIA DO CAPIM PANICUM MAXIMUM CV. MOMBAÇA NA PRODUÇÃO DE MASSA SECA DE ESPÉCIES FLORESTAIS,Área Temática Específica
Ciências Agrárias (Produção Vegetal),ANÁLISE DA EFICIENCIA DO PLANTIO CONSORCIADO ENTRE AROEIRAVERMELHA (SCHINUS TEREBINTHIFOLIUS RADDI) E SANSÃO-DO-CAMPO (MIMOSA CAESALPINIAEFOLIA BENTH) NA ALOCAÇÃO DE CARBONO ORGÂNICO NO SOLO.,Área Temática Específica
Ciências Agrárias (Produção Vegetal),ANÁLISE DA ARBORIZAÇÃO URBANA DO BAIRRO LIBERDADE EM RUBELITA- MG,Área Temática Específica
Ciências Agrárias (Produção Vegetal),PARÂMETROS GERMINATIVOS EM SEMENTES DE TACHIGALI SUBVELUTINA (BENTH) OLIVEIRA-FILHO UTILIZANDO SUBSTRATOS Á BASE DE RESÍDUOS ALTERNATIVOS,Área Temática Específica
Ciências Agrárias (Produção Vegetal),CARACTERIZAÇÃO FÍSICO-QUÍMICA DE GELEIA DE ABACAXI COM HORTELÃ ADICIONADA DE PECTINA DE GOIABA,Área Temática Específica
Ciências Agrárias (Produção Vegetal),PARÂMETROS MORFOLÓGICOS DAS MUDAS DE ENTEROLOBIUM CONTORTISILIQUUM (VELL.) MORONG PRODUZIDAS EM DIFERENTES SUBSTRATOS E NÍVEIS DE SOMBREAMENTO,Área Temática Específica
Ciências Agrárias (Produção Vegetal),AVALIAÇÃO DO TEOR DE MATÉRIA DO SECA DO BRS-CAPIAÇU PARA DETERMINAÇÃO DO MOMENTO DE CORTE PARA ENSILAGEM.,Área Temática Específica
Ciências Agrárias (Produção Vegetal),QUALIDADE FÍSICA DE CAMBISSOLOS SOB MANEJO CONSERVACIONISTA,Área Temática Específica
Ciências Agrárias (Produção Vegetal),DESEMPENHO DA CULTIVAR BRS-CAPIAÇU SOB DIFERENTES IDADES DE CORTE,Área Temática Específica
Ciências Agrárias (Produção Vegetal),ANÁLISE DA ADEQUAÇÃO DA ROTULAGEM DE CACHAÇAS COMERCIALIZADAS NO MUNICÍPIO DE SALINAS-MG,Área Temática Específica
Ciências Agrárias (Produção Vegetal),AVALIAÇÃO DA DENSIDADE BÁSICA DA MADEIRA DE MOGNO AFRICANO,Área Temática Específica
Ciências Agrárias (Produção Vegetal),PRODUTIVIDADE E QUALIDADE DE LAVOURA DE MILHO EM SISTEMA IRRIGADO,Área Temática Específica
Ciências Agrárias (Produção Vegetal),DESEMPENHO PRODUTIVO DO MILHO HÍBRIDO LG 36799®,Área Temática Específica
Ciências Agrárias (Produção Vegetal),INFLUÊNCIA DO TAMANHO DO CAPÍTULO EM RELAÇÃO AO DESEMPENHO PRODUTIVO GENÓTIPOS DE GIRASSOL CULTIVADOS NO NORTE DE MINAS GERAIS SAFRA 2022/2023,Área Temática Específica
Ciências Agrárias (Produção Vegetal),GENÓTIPOS DE GIRASSOL: INFLUÊNCIA DE ALTURA DE PLANTAS E DIÂMETRO DO CAULE NA CONTAGEM DE PLANTAS ACAMADAS E QUEBRADAS EM STAND FINAL,Área Temática Específica
Ciências Agrárias (Produção Vegetal),"CORRELAÇÃO ENTRE VARIÁVEIS DE GENÓTIPOS DE GIRASSOL, CULTIVADOS NO NORTE DE MINAS GERAIS SAFRA 2022",Área Temática Específica
Ciências Agrárias (Produção Vegetal),NODULAÇÃO DE RAÍZES DE AMENDOIM CV. IAC OL3 (ARACHIS HYPOGAEA L.) PRODUZIDOS EM SEQUEIRO EM DUAS DENSIDADES ENTRE PLANTAS EM JANUÁRIA- MG,Área Temática Específica
Ciências Agrárias (Produção Vegetal),CORRELAÇÃO ENTRE VARIÁVEIS DE AMENDOIM CV. IAC OL3 (ARACHIS HYPOGAEA L.) CULTIVADO EM JANUÁRIA- MG SAFRA 2021/2022,Área Temática Específica
Ciências Agrárias (Produção Vegetal),DESENVOLVIMENTO E CALIBRAÇÃO DE UM SENSOR CAPACITIVO PARA DETERMINAR UMIDADE DE GRÃOS DE MILHO,Área Temática Específica
Ciências Agrárias (Produção Vegetal),DISTRIBUIÇÃO ESPACIAL DA LÂMINA DE IRRIGAÇÃO EM UM SISTEMA DE ASPERSÃO CONVENCIONAL,Área Temática Específica
Ciências Agrárias (Produção Vegetal),ENRIQUECIMENTO MINERAL DE PLANTAS DE ORAPRONÓBIS (PERESKIA ACULEATA MILLER) CULTIVADAS EM VASOS COM DISTINTAS DOSES E FONTES DE FERRO,Área Temática Específica
Ciências Agrárias (Produção Vegetal),"CRESCIMENTO DE FEIJÃO-CAUPI EM RESPOSTA À APLICAÇÃO DE COBALTO, MOLIBDÊNIO, NITROGÊNIO, FÓSFORO E POTÁSSIO E À INOCULAÇÃO DE BRADYRHIZOBIUM PACHYRHIZI E GLOMUS FORMOSANUM.",Área Temática Específica
Ciências Agrárias (Produção Vegetal),DETERMINAÇÃO DO NGULO DE REPOUSO DE GRÃOS DE FEIJÃO AZUKI (VIGNA ANGULARIS) SELECIONADOS EM DIFERENTES PENEIRAS.,Área Temática Específica
Ciências Agrárias (Produção Vegetal),AVALIAÇÃO DA QUALIDADE DE MUDAS DE PINUS ELLIOTTII PRODUZIDAS EM ESTUFIM E COM DIFERENTES DOSAGENS DE BASACOTE®,Área Temática Específica
Ciências Agrárias (Produção Vegetal),DATA DE FLORAÇÃO INICIAL DE GENÓTIPOS DE GIRASSOL CULTIVADOS NO NORTE DE MINAS GERAIS SAFRA 2022/2023,Área Temática Específica
Ciências Agrárias (Produção Vegetal),CARACTERIZAÇÃO DO POTENCIAL ANTIOXIDANTE E COMPOSTOS FENÓLICOS DOS RESÍDUOS DE FRUTAS TROPICAIS,Área Temática Específica
Ciências Agrárias (Produção Vegetal),PARÂMETROS MORFOLÓGICOS EM MUDAS DE AMBURANA CEARENSES A. C. SMITH PRODUZIDAS SOB DIFERENTES SUBSTRATOS E DENSIDADES NA BANDEJA,Área Temática Específica
Ciências Agrárias (Produção Vegetal),DIFERENTES MÉTODOS DE QUEBRA DE DORMÊNCIA EM SEMENTES DE PEQUIZEIRO,Área Temática Específica
Ciências Agrárias (Produção Vegetal),INFLUÊNCIA DA EMBALAGEM NA COMPOSIÇÃO CENTESIMAL DA FARINHA DE BETERRABA,Área Temática Específica
Ciências Agrárias (Produção Vegetal),GERMINAÇÃO DE SEMENTE DE CAPIM CARRAPICHO COM CARIOPSE (CENCHRUS ECHINATUS LINNEAUS) EM FUNÇÃO DO TRATAMENTO COM EXTRATO AQUOSO DE ALGODÃO DE SEDA (CALOTROPIS PROCERA AITON),Área Temática Específica
Ciências Agrárias (Produção Vegetal),IDENTIFICAÇÃO ESPACIAL DE ÁREAS PROPÍCIAS PARA CULTIVO DE BATATA DOCE NA MACRORREGIÃO DE VALE DO JEQUITINHONHA-MG,Área Temática Específica
Ciências Agrárias (Produção Vegetal),INFLUÊNCIA DO AMBIENTE E PROFUNDIDADE DE SEMEADURA NA EMERGÊNCIA DE PLÂNTULAS DE TACHIGALI SUBVELUTINA (BENTH) OLIVEIRA-FILHO,Área Temática Específica
Ciências Agrárias (Produção Vegetal),PARÂMETROS MORFOLÓGICOS DE MUDAS DE CANAFÍSTULA SOB DIFERENTES DENSIDADES NA BANDEJA E DOSES DE ADUBO DE LIBERAÇÃO LENTA,Área Temática Específica
Ciências Agrárias (Produção Vegetal),PRODUÇÃO DE MASSA SECA DE ESPÉCIES FLORESTAIS EM PLANTIO ISOLADO OU EM MATOCOMPETIÇÃO COM O CAPIM BUFFEL CENCHRUS CILIARIS L.,Área Temática Específica
Ciências Agrárias (Produção Vegetal),ÍNDICE DE ESTRESSE HÍDRICO DA CULTURA DO GIRASSOL,Área Temática Específica
Ciências Agrárias (Produção Vegetal),PRODUÇÃO DE MASSA SECA DA PELTOPHORUM DUBIUM (SPRENGEL) TAUBERT) SOB A INTERFERÊNCIA DA BRACHIARIA DECUMBENS E PANICUM MAXIMUM,Área Temática Específica
Ciências Agrárias (Produção Vegetal),ESPÉCIES DE MOSCAS-DAS-FRUTAS E SUAS RELAÇÕES TRÓFICAS NA MACRORREGIÃO DE JANUÁRIA MINAS GERAIS,Área Temática Específica
Ciências Agrárias (Produção Vegetal),"INFLUÊNCIA DA MATÉRIA ORGÂNICA, PH E ARGILA NA CAPACIDADE DE TROCA CATIÔNICA DO SOLO",Área Temática Específica
Ciências Agrárias (Produção Vegetal),QUALIDADE DE MUDAS DE IPÊ-ROSA (HANDROANTHUS HEPTAPHYLLUS) PRODUZIDAS EM DIFERENTES RECIPIENTES E SUBSTRATOS,Área Temática Específica
Ciências Agrárias (Produção Vegetal),"INFLUENCIA DA TEMPERATURA NA REPRODUÇÃO DE ZABROTES SUBFASCIATUS (COLEOPTERA: BRUCHIDAE), CRIADO EM VIGNA RADIATA (FABACEAE)",Área Temática Específica
Ciências Agrárias (Produção Vegetal),MEDIÇÃO DE UMIDADE COM PROTÓTIPO DE DATALOGGER ARDUINO APLICADA AO MONITORAMENTO DE ÁGUA NO SOLO.,Área Temática Específica
Ciências Agrárias (Produção Vegetal),"ALTURA E PESO DE CEM GRÃOS DO DO FEIJÃO MUNGO VERDE (VIGNA RADIATA – FABACEAE) CONSORCIADO COM MILHO CRIOULO, EM DIFERENTES DENSIDADES DE PLANTAS",Área Temática Específica
Ciências Agrárias (Produção Vegetal),"ALTURA E PESO DE CEM GRÃOS DO FEIJÃO MUNGO VERDE (VIGNA RADIATA – FABACEAE) CONSORCIADO COM MILHO CRIOULO, EM DIFERENTES DENSIDADES DE PLANTAS",Área Temática Específica
Ciências Agrárias (Produção Vegetal),EFICÁCIA DO REVESTIMENTO A BASE DE QUITOSANA NO CONTROLE DE PATÓGENOS PÓS-COLHEITA DE MORANGO,Área Temática Específica
Ciências Agrárias (Produção Vegetal),CONSERVAÇÃO DE TOMATE CEREJA COM UTILIZAÇÃO DE BIOFILMES INCORPORANDO ÓLEO ESSENCIAL DE ALECRIM,Área Temática Específica
Ciências Agrárias (Produção Vegetal),POTENCIAL GERMINATIVO DA ESPÉCIE ACACIA POLYPHYLLA DC (ESPINHEIRO PRETO),Área Temática Específica
Ciências Agrárias (Produção Vegetal),RISCO DE INCÊNDIO FLORESTAL: ESTUDO EM UMA ÁREA DO IFNMG - CAMPUS SALINAS,Área Temática Específica
Ciências Agrárias (Produção Vegetal),CARACTERIZAÇÃO REGIONAL DA AMÊNDOA DO BARU NO NOROESTE DE MINAS GERAIS,Área Temática Específica
Ciências Agrárias (Produção Vegetal),"DESEMPENHO AGRONÔMICO DE CULTIVARES DE FEIJÃO-CAUPI NO SEMIÁRIDO DE JANUÁRIA, NORTE DE MINAS GERAIS",Área Temática Específica
Ciências Agrárias (Produção Vegetal),"ÍNDICE DE GRÃOS E PRODUTIVIDADE DE CULTIVARES DE FEIJÃO-CAUPI NO SEMIÁRIDO DE JANUÁRIA, MINAS GERAIS",Área Temática Específica
Ciências Agrárias (Produção Vegetal),DESENVOLVIMENTO E PRODUTIVIDADE DO AÇAFRÃO (CURCUMA LONGA LINN) CULTIVADO A PARTIR DE DIFERENTES MASSAS DE RIZOMAS,Área Temática Específica
Ciências Agrárias (Produção Vegetal),ANÁLISE DE DIFERENTES SUBSTRATOS NA PRODUÇÃO DE MUDAS DE RÚCULA EM TEÓFILO OTONI - MG,Área Temática Específica
Ciências Agrárias (Produção Vegetal),ESTUDO DAS CONDIÇÕES HIGIÊNICO-SANITÁRIAS DA MANIPUEIRA OBTIDA NAS FECULARIAS DO MUNICÍPIO DE RIO PARDO DE MINAS,Área Temática Específica
Ciências Agrárias (Produção Vegetal),"COMPORTAMENTO DE SITOPHILUS ZEAMAIS MOTSCH., 1855 (COLEOPTERA: CURCULIONIDAE) EXPOSTO A CIANTRANILIPROLE (BENEVIA®)",Área Temática Específica
Ciências Agrárias (Produção Vegetal),"EFEITOS DO CIANTRANILIPROLE NO PREDADOR NÃO-ALVO, PODISUS NIGRISPINUS (DALLAS, 1851) (HEMIPTERA: PENTATOMIDAE)",Área Temática Específica
Ciências Agrárias (Produção Vegetal),RESISTÊNCIA DE GENÓTIPOS DE MUNGO-VERDE AO CARUNCHO-DO-FEIJÃO (ZABROTES SUBFASCIATUS).,Área Temática Específica
Ciências Agrárias (Produção Vegetal),"ABSORÇÃO DE MACRONUTRIENTES NA CULTURA DO FEIJÃO CAUPI (VIGNA UNGUICULATA – FABACEAE), CULTIVODO NO SEMIÁRIDO DE JANUÁRIA, MINAS GERAIS.",Área Temática Específica
Ciências Agrárias (Produção Vegetal),"ELABORAÇÃO DE BIOFILME COMESTÍVEL PARA FRUTOS PERECÍVEIS, APARTIR DO RESÍDUO DA GOMA DE MANDIOCA, VISANDO PROLONGAR A VIDA ÚTIL",Área Temática Específica
Ciências Agrárias (Produção Vegetal),DESENVOLVIMENTO E ANÁLISE DOS PARÂMETROS SENSORIAIS DE GELEIA DE ABACAXI (ANANAS COMOSUS) COM HORTELÃ ELABORADA COM PECTINA EXTRAÍDA DA GOIABA (PSIDIUM GUAJAVA L),Área Temática Específica
Ciências Agrárias (Produção Vegetal),DENSIDADE APARENTE DA MADEIRA DE MOGNO AFRICANO,Área Temática Específica
Ciências Agrárias (Produção Animal),RENDIMENTO DE CARCAÇA DE NOVILHOS NELORES CONFINADOS ALIMENTADOS COM DIETA SEM VOLUMOSO.,Área Temática Específica
Ciências Agrárias (Produção Animal),CARBOIDRATOS FIBROSOS E NÃO FIBROSOS DO CAPIM UROCHLOA VERSUS BUFFEL ÁRIDUS E ESTIMATIVA DA PRODUÇÃO DE LEITE NO PERÍODO DE VERÃO NO SEMIÁRIDO,Área Temática Específica
Ciências Agrárias (Produção Animal),CONSUMO DE NOVILHOS ALIMENTADOS COM DIETA SEM VOLUMOSO EM CONFINAMENTO,Área Temática Específica
Ciências Agrárias (Produção Animal),ANÁLISE ECONÔMICA DA SUPLEMENTAÇÃO DE NOVILHAS DE CORTE SUPLEMENTADAS A PASTO NO PERÍODO DAS ÁGUAS,Área Temática Específica
Ciências Agrárias (Produção Animal),NOVILHOS NELORES CONFINADOS COM DIETA SEM VOLUMOSO,Área Temática Específica
Ciências Agrárias (Produção Animal),PASTO APÍCOLA: O QUE PODEMOS / DEVEMOS PLANTAR NO VALE DO JEQUITINHONHA?,Área Temática Específica
Ciências Agrárias (Produção Animal),AUTOMATIZAÇÃO NO CONTROLE DE QUALIDADE DO MEL: UMA REVISÃO SISTEMÁTICA DE LITERATURA,Área Temática Específica
Ciências Agrárias (Produção Animal),INFLUÊNCIA DO ESCORE DE CONDIÇÃO CORPORAL SOB A TAXA DE CONCEPÇÃO DE NOVILHAS NELORE SUBMETIDAS À IATF,Área Temática Específica
Ciências Agrárias (Produção Animal),TEOR DE PROTEÍNA NO LEITE DE VACAS LEITEIRAS ALIMENTADAS COM FARELO DE PALMA FORRAGEIRA EM SUBSTITUIÇÃO AO MILHO GRÃO,Área Temática Específica
Ciências Agrárias (Produção Animal),"ENDOPARASITOS EM NOVILHAS DE CORTE DE UMA PROPRIEDADE NO MUNICÍPIO DE SALINAS, MINAS GERAIS",Área Temática Específica
Ciências Agrárias (Produção Animal),DIAGNÓSTICO COPROPARASITOLÓGICO DE AVES ORNAMENTAIS MANTIDAS EM CRIATÓRIO PARTICULAR,Área Temática Específica
Ciências Agrárias (Produção Animal),SUPLEMENTAÇÃO DE BOVINOS DE CORTE NA RECRIA À PASTO NO PERÍODO SECO,Área Temática Específica
Ciências Agrárias (Produção Animal),DESEMPENHO DE BOVINOS DE CORTE NA RECRIA À PASTO COM SUPLEMENTAÇÃO NO PERÍODO SECO,Área Temática Específica
Ciências Agrárias (Produção Animal),COMPORTAMENTO INGESTIVO DE NOVILHOS NELORES ALIMENTADOS COM DIETA SEM VOLUMOSO EM CONFINAMENTO,Área Temática Específica
Ciências Agrárias (Produção Animal),GANHO DE PESO EM CARCAÇA E CONVERSÃO ALIMENTAR DE NOVILHOS CONFINADOS COM DIETA SEM VOLUMOSO,Área Temática Específica
Ciências Agrárias (Produção Animal),DOMA RACIONAL DE EQUINOS PARA DISCENTES DO GRUPO DE ESTUDOS DE EQUIDEOCULTURA E DEMAIS INTERESSADOS DO CURSO DE MEDICINA VETERINÁRIA,Área Temática Específica
Ciências Agrárias (Produção Animal),"ANÁLISE COPROPARASITOLÓGICA COMPARATIVA EM GALINHAS POEDEIRAS (GALLUS GALLUS DOMESTICUS LINNAEUS, 1758) SOB DIFERENTES SISTEMAS DE CRIAÇÃO",Área Temática Específica
Ciências Agrárias (Produção Animal),FOLÍCULO ANOVULATÓRIO HEMORRÁGICO PERSISTENTE EM ÉGUA- RELATO DE CASO,Área Temática Específica
Ciências Agrárias (Produção Animal),UVEÍTE RECORRENTE EQUINA- RELATO DE CASO,Área Temática Específica
Ciências Agrárias (Produção Animal),RELATO DE CASO: PROCEDIMENTO CIRURGICO REALIZADO EM UM CÃO ATENDIDO NO HOSPITAL VETERINÁRIO DO IFNMG CAMPUS SALINAS SUSPEITO DE HERMAFRODITISMO VERDADEIRO,Área Temática Específica
Ciências Agrárias (Produção Animal),INGESTÃO DE ÁGUA EM VACAS LEITEIRAS ALIMENTADAS COM FARELO DE PALMA FORRAGEIRA,Área Temática Específica
Ciências Agrárias (Produção Animal),CONSUMO DE PROTEINADOS DE BEZERRAS SUPLEMENTADAS A PASTO DURANTE O PERÍODO DE TRANSIÇÃO SECA/ÁGUAS,Área Temática Específica
Ciências Agrárias (Produção Animal),MELATONINA PARA USO CONTRACEPTIVO EM GATAS - REVISÃO DE LITERATURA,Área Temática Específica
Ciências Agrárias (Produção Animal),INFLUÊNCIA DA TOSQUIA NA QUALIDADE SEMINAL DE COELHOS (ORYCTOLAGUS CUNICULUS) REPRODUTORES,Área Temática Específica
Ciências Agrárias (Produção Animal),CASQUEAMENTO DE EQUINOS PARA DISCENTES DO GRUPO DE ESTUDOS DE EQUIDEOCULTURA E DEMAIS INTERESSADOS DO CURSO DE MEDICINA VETERINÁRIA,Área Temática Específica
Ciências Agrárias (Produção Animal),ANÁLISE DO TEOR DE FDN E FDA NA SILAGEM DE CANA-DE-AÇUCAR COM USO DE DIFERENTES INOCULANTES,Área Temática Específica
Ciências Agrárias (Produção Animal),HERMAFRODITISMO VERDADEIRO EM CÃO DA RAÇA PINSCHER: RELATO DE CASO,Área Temática Específica
Ciências Agrárias (Produção Animal),INFLUÊNCIA DO TEMPERAMENTO ANIMAL SOB A TAXA DE CONCEPÇÃO DE NOVILHAS NELORES SUBMETIDAS À IATF,Área Temática Específica
Ciências Agrárias (Produção Animal),INFLUÊNCIA DA SUPLEMENTAÇÃO À PASTO SOB A TAXA DE CONCEPÇÃO DE NOVILHAS NELORE,Área Temática Específica
Ciências Agrárias (Produção Animal),PROTEINADOS DE BAIXO CONSUMO DE BEZERRAS DE CORTE SUPLEMENTADAS A PASTO NO PERÍODO SECO,Área Temática Específica
Ciências Agrárias (Produção Animal),PESO DE CARCAÇA DE NOVILHOS ALIMENTADOS COM DIETA SEM VOLUMOSO,Área Temática Específica
Ciências Agrárias (Produção Animal),SUPLEMENTAÇÃO DE ALTO CONSUMO PARA NOVILHOS EM PASTAGEM DE CAPIM MASSAÍ,Área Temática Específica
Ciências Agrárias (Produção Animal),SUPLEMENTAÇÃO DE BOVINOS DE CORTE NA RECRIA À PASTO NO PERÍODO SECO,Área Temática Específica
Ciências Agrárias (Produção Animal),DESEMPENHO DE NOVILHOS ALIMENTADOS COM DIETA SEM VOLUMOSO,Área Temática Específica
Ciências Agrárias (Produção Animal),RENDIMENTO DE CARCAÇA DE NOVILHOS NELORES CONFINADOS ALIMENTADOS COM DIETA SEM VOLUMOSO,Área Temática Específica
Ciências Agrárias (Produção Animal),PESO DA CARCAÇA DE NOVILHOS NELORES CONFINADOS ALIMENTADOS COM DIETA SEM VOLUMOSO,Área Temática Específica
Ciências Agrárias (Produção Animal),DESEMPENHO DE NOVILHOS NELORES CONFINADOS ALIMENTADOS COM DIETA SEM VOLUMOSO,Área Temática Específica
Ciências Agrárias (Produção Animal),CONTAGEM DE BACTÉRIAS ÁCIDO-LÁTICAS PRESENTES NO LEITE DE PRODUTORES DO REQUEIJÃO MORENO,Área Temática Específica
Ciências Agrárias (Produção Animal),INVESTIGAÇÃO DE BACTÉRIAS TOTAIS EM SUPERFÍCIES EM CONTATO COM PRODUTOS DE ORIGEM ANIMAL,Área Temática Específica
Ciências Agrárias (Produção Animal),GANHO COMPENSATÓRIO EM NOVILHAS DE CORTE SUPLEMENTADAS A PASTO NO PERÍODO DAS ÁGUAS,Área Temática Específica
Ciências Agrárias (Produção Animal),CAIXA D’ÁGUA PINTEIRO PARA CRIAÇÃO EM PEQUENA ESCALA DE PINTINHOS CAIPIRAS DURANTE O PERÍODO DE OUTONO/INVERNO,Área Temática Específica
Ciências Agrárias (Produção Animal),IMPACTO DOS PROCESSOS DE CONGELAMENTO E DESCONGELAMENTO NA SEGURANÇA MICROBIOLÓGICA DA CARNE MOÍDA,Área Temática Específica
Ciências Agrárias (Produção Animal),AVALIAÇÃO DO CONSUMO EM BEZERRAS DE CORTE SUPLEMENTADAS A PASTO NO PERÍODO DAS ÁGUAS,Área Temática Específica
Ciências Agrárias (Produção Animal),PROGRAMA DE QUALIDADE MICROBIOLÓGICA DO LEITE,Área Temática Específica
Ciências Agrárias (Produção Animal),BLEND DE ÓLEO ESSENCIAL DE COENTRO (CORIANDRUM SATIVUM) E ORÉGANO (ORIGANUM VULGARE) POTENCIALIZANDO O EFEITO ANTIMICROBIANO DA CARNE BOVINA IN NATURA.,Área Temática Específica
Ciências Agrárias (Produção Animal),COMPORTAMENTO INGESTIVO DE NOVILHOS ALIMENTADOS COM DIETA SEM VOLUMOSO EM CONFINAMENTO,Área Temática Específica
Ciências Agrárias (Produção Animal),CONTAGEM DE BACTÉRIAS ÁCIDO-LÁTICAS PRESENTES NO REQUEIJÃO MORENO,Área Temática Específica
Ciências Agrárias (Produção Animal),ATUAÇÃO DO NEEM INDIANO EM ABELHAS APIS MELLIFERA: UMA ANÁLISE BIOINFORMÁTICA,Área Temática Específica
Ciências Agrárias (Produção Animal),ANÁLISE BIOINFORMÁTICA REVELA VIAS DE ATUAÇÃO DO MEL SOBRE A BACTÉRIA PSEUDOMONAS AERUGINOSA,Área Temática Específica
Ciências Agrárias (Produção Animal),CAIXA D’ÁGUA PARA CRIAÇÃO EM PEQUENA ESCALA DE PINTINHOS CAIPIRAS,Área Temática Específica
Ciências Biológicas,BIOFILMES DE BACTÉRIAS LÁCTICAS EM DORNAS DE MADEIRA COMO POTENCIAL SISTEMA DE BIOCONSERVAÇÃO DE ALIMENTOS,Área Temática Específica
Ciências Biológicas,ATIVIDADE BACTERICIDA DOS HIDROLATOS DE PLANTAS AROMÁTICAS EM CULTIVOS DOMÉSTICOS TRADICIONAIS DE DIAMANTINA,Área Temática Específica
Ciências Biológicas,AS DIFICULDADES DE APRENDIZAGEM DA DISCIPLINA DE BIOLOGIA NO ENSINO MÉDIO,Área Temática Específica
Ciências Biológicas,O USO DE CLADOGRAMA COMO METODOLOGIA PARA O ENSINO DE BOTÂNICA,Área Temática Específica
Ciências Biológicas,ANATOMIA E HISTOQUÍMICA DE LATICÍFEROS EM PECÍOLO DE JATROPHA GOSSYPIIFOLIA (EUPHORBIACEAE),Área Temática Específica
Ciências Biológicas,DUCTOS SECRETORES EM CAULE DE PLINIA CAULIFLORA (MYRTACEAE),Área Temática Específica
Ciências Biológicas,"EFICIÊNCIA ANTIMICROBIANA DE HIDROLATOS DE MENTHA SATIVA L., CYMBOPOGON CITRATUS, PSEUDOBRICKELLIA BRASILIENSIS, LAVANDULA DENTATA E BACCHARIS DRACUNCULIFOLIA E SUA RELAÇÃO COM A COMPOSIÇÃO QUÍMICA",Área Temática Específica
Ciências Biológicas,VISITA TÉCNICA AO HORTO FLORESTAL DA FUNDAÇÃO CAIO MARTINS,Área Temática Específica
Ciências Biológicas,EXPLORANDO O MUNDO MICROBIANO: UMA AULA PRATICA EM SALA DE AULA,Área Temática Específica
Ciências Biológicas,ANÁLISE FITOQUÍMICA DOS EXTRATOS FOLIARES DA MORINGA (MORINGA OLEÍFERA),Área Temática Específica
Ciências Biológicas,ANÁLISE FÍSICO-QUÍMICA DA ÁGUA DO RIO SALINAS,Área Temática Específica
Ciências Biológicas,AVALIAÇÃO DE ESTUDO DIRIGIDO COMO FERRAMENTA DE APRENDIZAGEM DO CONTEÚDO ‘REINO PROTISTA’ EM TURMAS DO 2º ANO TÉCNICO EM AGROPECUÁRIA DO IFNMG CAMPUS JANUÁRIA,Área Temática Específica
Ciências Biológicas,PANORAMA DO DESEMPENHO DOS DISCENTES DOS 2º ANOS DO CURSO TÉCNICO EM AGROPECUÁRIA DO IFNMG - CAMPUS JANUÁRIA NO ENSINO REMOTO E PRESENCIAL,Área Temática Específica
Ciências Biológicas,O ESTUDO DA HISTÓRIA DA CLASSIFICAÇÃO BIOLÓGICA DOS SERES VIVOS COMO UM EXEMPLO DE SALA DE AULA INVERTIDA NO ENSINO MÉDIO,Área Temática Específica
Ciências Biológicas,ANÁLISE DO DESEMPENHO DOS DISCENTES DOS 2º ANOS DO CURSO TÉCNICO EM AGROPECUÁRIA DO IFNMG CAMPUS JANUÁRIA FRENTE AO CONTEÚDO REINO FUNGI,Área Temática Específica
Ciências Biológicas,CONTRIBUIÇÕES DO SEMINÁRIO COMO FACILITADOR DO PROCESSO DE ENSINO APRENDIZAGEM DE ESTUDANTES DO 3° ANO DO ENSINO MÉDIO,Área Temática Específica
Ciências Biológicas,MONITORAMENTO DO SARS-COV-2 EM ÁGUAS RESIDUÁRIAS DO MUNICÍPIO DE SALINAS-MINAS GERAIS,Área Temática Específica
Ciências Biológicas,AVALIAÇÃO FARMACOGNOSTICA E QUALIDADE DAS PLANTAS MEDICINAIS COMERCIALIZADAS NO MERCADO MUNICIPAL DE JANUÁRIA-MG,Área Temática Específica
Ciências Biológicas,DESENVOLVIMENTO E AVALIAÇÃO DA ESTABILIDADE FÍSICO- QUÍMICA DE UM XAMPU CONTENDO EXTRATOS DE MALPIGHIA EMARGINATA D.C,Área Temática Específica
Ciências Biológicas,INFECÇÕES SEXUALMENTE TRANSMISSÍVEIS E SUA ABORDAGEM NO MEIO ESCOLAR.,Área Temática Específica
Ciências Biológicas,PLANTAS NO CONTROLE ALTERNATIVO DE AEDES AEGYPTI,Área Temática Específica
Ciências Biológicas,IMPACTOS DO PROGRAMA DE MONITORIA APRENDIZAGEM E RENDIMENTO ACADÊMICO EM BIOLOGIA CELULAR.,Área Temática Específica
Ciências Biológicas,"CONFECÇÃO DE CÉLULAS COMO RECURSOS DIDÁTICOS NO ENSINO E APRENDIZAGEM DE BIOLOGIA CELULAR, UMA AÇÃO DO PROGRAMA RESIDÊNCIA PEDAGÓGICA",Área Temática Específica
Ciências Biológicas,ESTUDO DA DENSIDADE POPULACIONAL DE AEDES AEGYPTI NO IFNMG CAMPUS TEÓFILO OTONI,Área Temática Específica
Ciências Biológicas,AVALIAÇÃO DOS ESTUDANTES DO ENSINO FUNDAMENTAL II SOBRE AS CONTRIBUIÇÕES DO PROGRAMA PIBID NA ESCOLA,Área Temática Específica
Ciências da Saúde,PANDEMIA DA COVID-19 E SAÚDE MENTAL DOS DISCENTES DO CURSO TÉCNICO EM ENFERMAGEM DO IFNMG,Área Temática Específica
Ciências da Saúde,SEXUALIDADE E PREVENÇÃO DE INFECÇÕES SEXUALMENTE TRANSMISSÍVEIS ENTRE JOVENS E ADOLESCENTES BRASILEIROS,Área Temática Específica
Ciências da Saúde,"ASSOCIAÇÃO ENTRE SEXO, IDADE E PREVALÊNCIA DE DOENÇAS CRÔNICAS NÃO TRANSMISSÍVEIS EM QUILOMBOLAS RURAIS DO NORTE DE MINAS GERAIS",Área Temática Específica
Ciências da Saúde,CAPACITAÇÃO DE PROFISSIONAIS DE SAÚDE NA PREVENÇÃO E NO TRATAMENTO DE LESÕES CUTÂNEASA,Área Temática Específica
Ciências da Saúde,AVALIAÇÃO DA HIGIENIZAÇÃO DAS MÃOS PARA CONTROLE DE INFECÇÃO EM UMA UNIDADE DE SAÚDE NO MUNICÍPIO DE JANUÁRIA-MG,Área Temática Específica
Ciências da Saúde,"ESPORTE, EDUCAÇÃO E CIDADANIA NO IFNMG - CAMPUS AVANÇADO PORTEIRINHA",Área Temática Específica
Ciências da Saúde,"ANÁLISE PARASITOLÓGICA DE CARNE MOÍDA, MORTADELA E APRESUNTADO FATIADO",Área Temática Específica
Ciências da Saúde,FATORES CLIMÁTICOS E A PREDISPOSIÇÃO PARA O ADOECIMENTO POR DENGUE: UMA ANÁLISE POR MEIO DA INTELIGÊNCIA ESPACIAL,Área Temática Específica
Ciências da Saúde,CONSUMO DE ALIMENTOS SAUDÁVEIS E NÃO SAUDÁVEIS ENTRE OS ADOLESCENTES BRASILEIROS SEGUNDO A PENSE 2019,Área Temática Específica
Ciências da Saúde,QUALIDADE DE CÁPSULAS MAGISTRAIS DE BIOTINA COMERCIALIZADAS NA CIDADE DE MONTES CLAROS - MG,Área Temática Específica
Ciências da Saúde,"ADICÇÃO EM INTERNET, EM REDES SOCIAIS OU EM SMARTPHONE? PRIMEIRO ANO DE UMA ANÁLISE PROSPECTIVA",Área Temática Específica
Ciências Exatas,ANÁLISE DA QUALIDADE DA ÁGUA PARA O CONSUMO HUMANO EM FAZENDAS DO MUNICÍPIO DE RUBIM-MG,Área Temática Específica
Ciências Exatas,PARTICIPAÇÃO FEMININA NA PESQUISA DO IFNMG CAMPUS ALMENARA EM 10 ANOS,Área Temática Específica
Ciências Exatas,DETERMINAÇÃO DE VITAMINA C EM COMPRIMIDOS EFERVESCENTES E LARANJAS (CITRUS SP.) COMERCIALIZADOS EM ALMENARA-MG,Área Temática Específica
Ciências Exatas,CLASSES DE RELEVO DAS UNIDADES DE CONSERVAÇÃO DO ALTO CARIRI – MINAS GERAIS/BAHIA – BRASIL,Área Temática Específica
Ciências Exatas,ESTUDO DOS EFEITOS DAS CONDIÇÕES DA REAÇÃO DE TRANSESTERIFICAÇÃO SOBRE O RENDIMENTO NA PRODUÇÃO DE BIODIESEL,Área Temática Específica
Ciências Exatas,PREVISÃO DE VELOCIDADE DO VENTO POR APRENDIZADO DE MÁQUINAS,Área Temática Específica
Ciências Exatas,INFLUÊNCIA DA TAXA DE POPULAÇÃO OCUPADA NO PIB PER CAPITA NOS MUNICÍPIOS QUE COMPÕEM A MESORREGIÃO DO NORTE DE MINAS GERAIS DE ACORDO COM O CENSO DEMOGRÁFICO 2020,Área Temática Específica
Ciências Exatas,DESENVOLVIMENTO DE UM SPINNER DE BAIXO CUSTO PARA DEPOSIÇÃO DE FILMES POLIMÉRICOS,Área Temática Específica
Ciências Exatas,CARACTERIZAÇÃO FITOQUÍMICA E AVALIAÇÃO DE EXTRATOS ALCOÓLICOS DE PLECTRANTHUS ORNATUS CODD SOBRE A INIBIÇÃO DE LACTUCA SATIVA L.,Área Temática Específica
Ciências Exatas,ENSINO DE FÍSICA ATRAVÉS DE UMA ABORDAGEM COM ENFOQUE EM CTS&A: UMA PROPOSTA PARA ESTUDO DE FÍSICA MODERNA NAS ESCOLAS DE ENSINO MÉDIO DO VALE DO JEQUITINHONHA E NORTE DE MINAS GERAIS,Área Temática Específica
Ciências Exatas,ATIVIDADE EXPERIMENTAL PARA O ENSINO DE CALORIMETRIA NA RESIDÊNCIA PEDAGÓGICA,Área Temática Específica
Ciências Exatas,DESENVOLVIMENTO DE FERRAMENTAS A PARTIR DO SOFTWARE EXCEL FUNDAMENTADAS NA MATEMÁTICA DO ENSINO MÉDIO,Área Temática Específica
Ciências Exatas,DETERMINAÇÃO DE UMIDADE E TESTES DE QUEBRA DE DORMÊNCIA EM SEMENTES DE FORRAGEIRAS E MILHO,Área Temática Específica
Ciências Exatas,"UM ESTUDO HISTÓRICO, CONCEITUAL E TEÓRICO DO CAMPO DE HIGGS",Área Temática Específica
Ciências Exatas,"JOGO DIDÁTICO ""LUDO QUÍMICO"" COMO ESTRATÉGIA PARA O ENSINO DE QUÍMICA NO ENSINO MÉDIO",Área Temática Específica
Ciências Exatas,RELATO DE EXPERIÊNCIA SOBRE A CONFECÇÃO DE UM SITE COMO FERRAMENTA PARA O ENSINO DE FÍSICA,Área Temática Específica
Ciências Exatas,PROGRAMA RESIDÊNCIA PEDAGÓGICA: UMA PONTE ENTRE TEORIA E PRÁTICA,Área Temática Específica
Ciências Exatas,UMA ABORDAGEM EXPERIMENTAL NO ENSINO DE FÍSICA,Área Temática Específica
Ciências Exatas,CIÊNCIA: UMA ABORDAGEM NAS REDES SOCIAIS.,Área Temática Específica
Ciências Exatas,DETERMINAÇÃO DO TEOR DE ACIDEZ TOTAL TITULÁVEL EM AMOSTRA DE LIMÃO TAHITI,Área Temática Específica
Ciências Exatas,DETERMINAÇÃO DE PAR METROS FÍSICO-QUÍMICOS DE DIFERENTES SUCOS DE UVA COMERCIALIZADOS NO BAIXO JEQUITINHONHA-MG.,Área Temática Específica
Ciências Exatas,AVALIAÇÃO DO TEOR DE ACIDEZ EM SUCOS DE LARANJAS IN NATURA COMERCIALIZADAS NO BAIXO JEQUITINHONHA - MG,Área Temática Específica
Ciências Exatas,TRILHANDO O CAMINHO DA EDUCAÇÃO: REFLEXÕES PESSOAIS SOBRE MINHAS VIVÊNCIAS NO PIBID DE FÍSICA,Área Temática Específica
Ciências Exatas,DESENVOLVENDO HABILIDADES DE COMUNICAÇÃO EM SALA DE AULA: LIÇÕES DA RESIDÊNCIA PEDAGÓGICA,Área Temática Específica
Ciências Exatas,MODELAGEM MATEMÁTICA DE UM PÊNDULO SIMPLES UTILIZANDO EQUAÇÕES DIFERENCIAIS,Área Temática Específica
Ciências Exatas,APLICAÇÃO DE UMA SEQUÊNCIA DIDÁTICA PARA O ENSINO DE SOLUÇÕES UTILIZANDO RÓTULOS DE PRODUTOS COMERCIAIS NA DISCIPLINA DE QUÍMICA NO IFNMG - CAMPUS SALINAS,Área Temática Específica
Ciências Exatas,EDUCAÇÃO AMBIENTAL NA FORMAÇÃO DE PROFESSORES DE QUÍMICA PELO IFNMG CAMPUS SALINAS: UMA ANÁLISE DOS PROJETOS PEDAGÓGICOS DO CURSO,Área Temática Específica
Ciências Exatas,CRESCIMENTO DE FILMES DE POLIANILINA SOBRE VIDRO PARA DESENVOLVIMENTO DE DISPOSITIVOS,Área Temática Específica
Ciências Exatas,SUNFLOWER – SEGUIDOR SOLAR CONTROLADO COM ARDUINO UNO,Área Temática Específica
Ciências Exatas,OBSERVAÇÃO DE EVENTOS ASTRONÔMICOS NO CÉU DE JANUÁRIA-MG,Área Temática Específica
Ciências Exatas,INTELIGÊNCIA ARTIFICIAL APLICADA NA EXPLORAÇÃO DE CONCEITOS MATEMÁTICOS E RESOLUÇÃO DE PROBLEMAS LÓGICOS,Área Temática Específica
Ciências Exatas,SÍNTESE DE NANOESTRUTURAS DE ÓXIDO DE ANTIMÔNIO VIA COMBUSTÃO AUTO SUSTENTADA,Área Temática Específica
Ciências Exatas,CHAMA DE COMBUSTÃO SOB FORTE CAMPO ELÉTRICO – CONSTRUÇÃO DE UMA UNIDADE DE ENSINO SIMPLES E POTENCIALMENTE SIGNIFICATIVA,Área Temática Específica
Ciências Exatas,MONITORAMENTO DE HORTAS UTILIZANDO ARDUINO E MÓDULO XBEE: IMPLEMENTAÇÃO DE REDE DE SENSORES SEM FIO COM PROTOCOLO ZIGBEE,Área Temática Específica
Ciências Humanas,"CÁPSULA DO TEMPO: UMA PROPOSTA INTERDISCIPLAR PARA DISCUTIR MEMÓRIA, JUVENTUDE E PRESERVAÇÃO AMBIENTAL",Área Temática Específica
Ciências Humanas,"MÃES, AVÓS, FILHAS, IRMÃS ENTRE FIOS E AGULHAS: PERFIL DAS ARTESÃS DO MUNÍCIPIO DE JANAÚBA",Área Temática Específica
Ciências Humanas,RELATO DE EXPERIÊNCIA DO PROJETO: QUAL É A MINHA COR?,Área Temática Específica
Ciências Humanas,O COMPARTILHAMENTO DE EXPERIÊNCIAS DOCENTES NA FORMAÇÃO PARA O USO DE FERRAMENTAS TECNOLÓGICAS,Área Temática Específica
Ciências Humanas,PRÉ-TÉCNICO 2018,Área Temática Específica
Ciências Humanas,TRAJETÓRIAS ESTUDANTIS NO IFNMG - CAMPUS ARAÇUAÍ: PENSANDO AS JUVENTUDES A PARTIR DOS CONCEITOS DA AGROECOLOGIA,Área Temática Específica
Ciências Humanas,"REPRESENTATIVIDADE E PROPORCIONALIDADE DOS COMPONENTES DOS CONSELHOS GESTORES DO IFNMG, UM LIMITE PARA A DEMOCRATIZAÇÃO?",Área Temática Específica
Ciências Humanas,CENÁRIO E PERSPECTIVAS DE ALUNOS DO ENSINO MÉDIO EM UMA ESCOLA DO CAMPO NO MUNICÍPIO DE SALINAS-MG,Área Temática Específica
Ciências Humanas,A EDUCAÇÃO QUE LIBERTA: UM OLHAR SOBRE OS EXCLUIDOS,Área Temática Específica
Ciências Humanas,ANÁLISE DO TRABALHO NA MICRORREGIAO DE SALINAS: O CASO DA PRODUÇÃO DE CARVÃO VEGETAL,Área Temática Específica
Ciências Humanas,DESIGUALDADE DE GÊNERO E RAÇA: O PAPEL DO ENSINO MÉDIO TÉCNICO NAS DESIGUALDADES DE ACESSO À EDUCAÇÃO SUPERIOR.,Área Temática Específica
Ciências Humanas,O BIOMA DE ABRANGÊNCIA E A PREDISPOSIÇÃO PARA O ADOECIMENTO POR DENGUE NO BRASIL: UMA ANÁLISE POR MEIO DA INTELIGÊNCIA ESPACIAL,Área Temática Específica
Ciências Humanas,O PORTE DAS CIDADES E A PREDISPOSIÇÃO PARA O ADOECIMENTO POR DENGUE NO BRASIL: UMA ANÁLISE POR MEIO DA INTELIGÊNCIA ESPACIAL,Área Temática Específica
Ciências Humanas,CONSTRUINDO VÍNCULOS DURADOUROS: CARACTERÍSTICAS E VIABILIDADE DE UM PROGRAMA DE RELACIONAMENTO COM EGRESSOS DO ENSINO SUPERIOR NO IFNMG,Área Temática Específica
Ciências Humanas,OFICINAS PEDAGÓGICAS NA EDUCAÇÃO INFANTIL,Área Temática Específica
Ciências Humanas,MAPEAMENTO PRELIMINAR DOS REMANESCENTES DE COMUNIDADES QUILOMBOLAS NA MICRORREGIÃO DE SALINAS / MG,Área Temática Específica
Ciências Humanas,HISTÓRIA E HISTORIOGRAFIA DA EDUCAÇÃO MINEIRA: UM BALANÇO DA PRODUÇÃO ACADÊMICA SOBRE A ESCOLARIZAÇÃO NO SERTÃO DE MINAS GERAIS,Área Temática Específica
Ciências Humanas,CUIDAR-EDUCAR: A PERCEPÇÃO DOS PROFESSORES EM RELAÇÃO À AFETIVIDADE NA EDUCAÇÃO INFANTIL.,Área Temática Específica
Ciências Humanas,ANSIEDADE E DEPRESSÃO NA APRENDIZAGEM DOS ADOLESCENTES NO RETORNO AS AULAS PRESENCIAIS,Área Temática Específica
Ciências Humanas,SAÚDE MENTAL DO IDOSO: PERSPECTIVAS BIOPSICOSSOCIAIS PÓS INSTITUCIONALIZAÇÃO,Área Temática Específica
Ciências Humanas,PROCESSO DE APRENDIZAGEM NA ADOLESCÊNCIA,Área Temática Específica
Ciências Humanas,EXPERENCIAÇÕES PEDAGÓGICAS INCUTIDAS NA REFORMULAÇÃO CURRICULAR DOS CURSOS TÉCNICOS INTEGRADOS DO IFNMG CAMPUS ARAÇUAÍ,Área Temática Específica
Ciências Humanas,ESTUDO DE CASO: O FUNCIONAMENTO DA GESTÃO E DA ORGANIZAÇÃO PEDAGÓGICA E ADMINISTRATIVA DA EJA EM UMA INSTITUIÇÃO DE ENSINO EM SALINAS-MG,Área Temática Específica
Ciências Humanas,ACESSO ÀS TECNOLOGIAS DIGITAIS: O CAOS PERSISTE NAS ESCOLAS DO CAMPO,Área Temática Específica
Ciências Humanas,A INSERÇÃO DE JOGOS PARA O ENSINO DA MATEMÁTICA NA EDUCAÇÃO INFANTIL,Área Temática Específica
Ciências Humanas,O LÚDICO NO PROCESSO ENSINO-APRENDIZAGEM NA EDUCAÇÃO INFANTIL: ESTUDO DE CASO NO IFNMG- CAMPUS SALINAS,Área Temática Específica
Ciências Humanas,FATORES DE EVASÃO E PERMANÊNCIA: UM ESTUDO DE CASO NO ENSINO MÉDIO INTEGRADO DA EPT,Área Temática Específica
Ciências Humanas,DIFICULDADES ENFRENTADAS POR ALUNOS DO CAMPO DURANTE A PANDEMIA DA COVID-19,Área Temática Específica
Ciências Humanas,CONTRIBUIÇÕES E AVANÇOS DO MONITORAMENTO DOS PIBIDIANOS NAS SÉRIES INICIAIS DO ENSINO FUNDAMENTAL,Área Temática Específica
Ciências Humanas,SER PROFESSOR: AS RELAÇÕES ÉTNICO-RACIAIS NAS PRÁTICAS DE UM GRUPO DE DOCENTES DA CIDADE DE SALINAS/MG,Área Temática Específica
Ciências Humanas,INFORMALIDADE E DESIGUALDADES: BREVE ANÁLISE DO MERCADO DE TRABALHO BRASILEIRO,Área Temática Específica
Ciências Humanas,A IMPORTÂNCIA DAS BRINCADEIRAS ANTIGAS NA EDUCAÇÃO INFANTIL,Área Temática Específica
Ciências Sociais Aplicadas,CONDIÇÃO MACROECONÔMICA E ABERTURA DE MICRO EMPREENDIMENTOS INDIVIDUAIS (MEI) NO BRASIL: ANÁLISE ENTRE OS ANOS DE 2012 A 2020,Área Temática Específica
Ciências Sociais Aplicadas,ASPECTOS HISTÓRICOS E SOCIOECONÔMICOS ASSOCIADOS À CULTURA CAFEEIRA NO MUNICÍPIO DE MATA VERDE/MG,Área Temática Específica
Ciências Sociais Aplicadas,AFROEMPREENDEDORISMO E AS DESIGUALDADES RACIAIS NA CIDADE DE ALMENARA/MG,Área Temática Específica
Ciências Sociais Aplicadas,IF MAIS EMPRENDEDOR NACIONAL 2023: RECUPERAÇÃO DE EMPRESAS APÓS IMPACTOS DA PANDEMIA DE COVID-19,Área Temática Específica
Ciências Sociais Aplicadas,VIVENDO ALÉM DAS SALAS DE AULA: A IMPORTÂNCIA DOS AUXÍLIOS DA ASSISTÊNCIA ESTUDANTIL NA PERSPECTIVA DOS ALUNOS – IFNMG CAMPUS DIAMANTINA,Área Temática Específica
Ciências Sociais Aplicadas,CURRÍCULO E CAPACIDADE ORÇAMENTÁRIA: UMA ANÁLISE DA CARGA HORÁRIA DOS CURSOS DO IFNMG,Área Temática Específica
Ciências Sociais Aplicadas,AUTOAVALIAÇÃO INSTITUCIONAL: ESTUDO DE CASO NO IFNMG,Área Temática Específica
Ciências Sociais Aplicadas,TESTE DE PREÇOS PARA A DELIMITAÇÃO DO MERCADO RELEVANTE: UMA APLICAÇÃO PARA O MERCADO DE CIMENTO REGIÃO SUDESTE DO BRASIL.,Área Temática Específica
Ciências Sociais Aplicadas,"IMPACTO DA PRESENÇA DE UMA GRANDE EMPRESA DO SETOR SUPERMERCADISTA NOS PREÇOS LOCAIS DO MUNICÍPIO DE JANUÁRIA MG, NO PERÍODO DE 2022 A 2023: UMA ANÁLISE DE CORRELAÇÃO",Área Temática Específica
Ciências Sociais Aplicadas,CANTEIRO EXPERIMENTAL: ESPAÇO PEDAGÓGICO PARA A REALIZAÇÃO DE PRÁTICAS DE CONSTRUÇÃO CIVIL NO CAMPUS SANTA LUZIA DO IFMG,Área Temática Específica
Ciências Sociais Aplicadas,MARKETING DIGITAL APLICADO A REDES SOCIAIS,Área Temática Específica
Educação e Ensino,POTENCIALIZANDO A APRENDIZAGEM EM FÍSICA: EXPERIMENTOS NO PROGRAMA DE RESIDÊNCIA PEDAGÓGICA,Área Temática Específica
Educação e Ensino,TRAJETÓRIA DOS ESTUDANTES DO ENSINO MÉDIO INTEGRADO DO IFNMG/CAMPUS JANUÁRIA BENEFICIADOS PELO PROGRAMA DE ASSISTÊNCIA E APOIO AOS ESTUDANTES DURANTE A PANDEMIA,Área Temática Específica
Educação e Ensino,CURRÍCULO INTEGRADO E PEDAGOGIA DA ALTERNÂNCIA: INTEGRAÇÃO ENTRE SABERES TRADICIONAIS E CIENTÍFICOS,Área Temática Específica
Educação e Ensino,ENSINO DE DENSIDADE: UM RELATO DE EXPERIÊNCIA NA RESIDÊNCIA PEDAGÓGICA,Área Temática Específica
Educação e Ensino,AULAS PRÁTICAS NO ENSINO DE CIÊNCIAS: UM ESTUDO EM UMA ESCOLA PÚBLICA DE SALINAS/MG DURANTE A RESIDÊNCIA PEDAGÓGICA.,Área Temática Específica
Educação e Ensino,OFICINAS ESPORTIVAS NO IFNMG - CAMPUS AVANÇADO PORTEIRINHA: UMA VIVÊNCIA LÚDICA E PEDAGÓGICA,Área Temática Específica
Educação e Ensino,"IMPORTÂNCIA DO USO DE AULAS PRÁTICAS COMO FERRAMENTA PEDAGÓGICA, ESTUDO DE CASO APLICADO AO ENSINO DO EFEITO TYNDALL AOS ALUNOS DO ENSINO MÉDIO NO IFNMG - SALINAS.",Área Temática Específica
Educação e Ensino,O USO DOS SIMULADORES VIRTUAIS PHET E TINKERCAD NO ENSINO DE FÍSICA,Área Temática Específica
Educação e Ensino,RESIDÊNCIA PEDAGÓGICA EM BIOLOGIA: REFLEXÕES E CONTRIBUIÇÕES PARA A FORMAÇÃO DOCENTE,Área Temática Específica
Educação e Ensino,EXPERIÊNCIA NO MUNDO DO TRABALHO DOS EGRESSOS DO CURSO TÉCNICO EM SEGURANÇA DO TRABALHO DO IFNMG – CAMPUS MONTES CLAROS,Área Temática Específica
Educação e Ensino,ESTUDO DO PROGRAMA DE ASSISTÊNCIA E APOIO AO ESTUDANTE NO INSTITUTO FEDERAL DO NORTE DE MINAS GERAIS - CAMPUS ALMENARA,Área Temática Específica
Educação e Ensino,CONEXÕES ENTRE EDUCAÇÃO PROFISSIONAL E TECNOLÓGICA E EDUCAÇÃO ANTIRRACISTA: UM OLHAR NECESSÁRIO,Área Temática Específica
Educação e Ensino,PROJETO AO FUNDO DO MAR: EXPERIÊNCIAS DE EDUCAÇÃO AMBIENTAL SOBRE OS CORAIS DESENVOLVIDAS NO PIBID,Área Temática Específica
Educação e Ensino,A IMPORTÂNCIA DAS METODOLOGIAS ATIVAS NO PROCESSO DE ENSINO E APRENDIZAGEM,Área Temática Específica
Educação e Ensino,DESAFIOS DA SALA DE AULA: PRIMEIRO CONTATO COM A FÍSICA POR MEIO DE EXPERIMENTOS,Área Temática Específica
Educação e Ensino,A AUXILIAR DE CLASSE E O APAGAMENTO DE SUA IDENTIDADE PROFISSIONAL NA EDUCAÇÃO INFANTIL,Área Temática Específica
Educação e Ensino,RESIDÊNCIA PEDAGÓGICA: REFLEXÕES SOBRE A GESTÃO E O AMBIENTE ESCOLAR,Área Temática Específica
Educação e Ensino,FACILITANDO O APRENDIZADO DE FÍSICA NO ENSINO MÉDIO ATRAVÉS DA UNIÃO ENTRE TEORIA E PRÁTICA: UM ESTUDO DE CASO NA PROPULSÃO DE FOGUETES,Área Temática Específica
Educação e Ensino,EXPLORANDO O POTENCIAL DE SEMINÁRIOS COMO FERRAMENTA DE APRENDIZAGEM EM BIOLOGIA NO ENSINO MÉDIO: UM RELATO DE EXPERIÊNCIA,Área Temática Específica
Educação e Ensino,A PERCEPÇÃO DOS ESTUDANTES DO CTST DO IFNMG - CAMPUS MONTES CLAROS SOBRE A FORMAÇÃO PROFISSIONAL,Área Temática Específica
Educação e Ensino,"UM ESTUDO SOBRE INUNDAÇÃO, ALAGAMENTO E ENCHENTE EM SALINAS/MG, NA PERSPECTIVA DA PEDAGOGIA HISTÓRICO CRÍTICA",Área Temática Específica
Educação e Ensino,PRÁTICAS PEDAGÓGICAS E A ABORDAGEM ÉTNICO-RACIAL: UM ESTUDO COM PROFESSORAS DO ENSINO FUNDAMENTAL I,Área Temática Específica
Educação e Ensino,REVISÃO DOS CONCEITOS DE MÚLTIPLOS E DIVISORES DE NÚMEROS NATURAIS POR MEIO DA ABP (APRENDIZAGEM BASEADA EM PROBLEMAS),Área Temática Específica
Educação e Ensino,CONTRIBUIÇÕES DO PIBID PARA A FORMAÇÃO DOCENTE DE LICENCIANDOS DO IFNMG CAMPUS JANUÁRIA,Área Temática Específica
Educação e Ensino,CONSCIENTIZAÇÃO AMBIENTAL ATRAVÉS DA FEIRA DE CIÊNCIAS EM UMA ESCOLA DE JANUÁRIA-MG,Área Temática Específica
Educação e Ensino,ENSINO DE FÍSICA POR INVESTIGAÇÃO: PROMOVENDO A COMPREENSÃO ATIVA EM FÍSICA ATRAVÉS DE ATIVIDADES PRÁTICAS NO MBITO DO PROGRAMA PIBID.,Área Temática Específica
Educação e Ensino,A CONCEPÇÃO DE TRABALHO INFERIDA NA PROPOSTA DA EDUCAÇÃO PROFISSIONAL E TECNOLÓGICA: O BALANÇO DE PRODUÇÕES ACADÊMICAS COMO MÉTODO DE ANÁLISE,Área Temática Específica
Educação e Ensino,CONHECIMENTO ESPECIALIZADO PARA O ENSINO DE MATEMÁTICA: ANÁLISES DE TRABALHOS DE PESQUISAS PUBLICADAS NA BDTD NO PERÍODO DE 2013 A 2023,Área Temática Específica
Educação e Ensino,CURSO TÉCNICO A DISTÂNCIA EM SERVIÇOS JURÍDICOS E A INSERÇÃO DAS BASES CONCEITUAIS DA EDUCAÇÃO PROFISSIONAL E TECNOLÓGICA,Área Temática Específica
Educação e Ensino,A UTILIZAÇÃO DO SIMULADOR PHET COMO FERRAMENTA DE APRENDIZAGEM ATIVA NO ENSINO DE FÍSICA,Área Temática Específica
Educação e Ensino,“QUEM EU SOU?” COMO ESTRATÉGIA DIDÁTICA PARA O ENSINO DE BOTÂNICA E ZOOLOGIA,Área Temática Específica
Educação e Ensino,ENSINO REMOTO EMERGENCIAL E SAÚDE MENTAL: REPRESENTAÇÕES SOCIAIS DE DOCENTES DO IFNMG,Área Temática Específica
Educação e Ensino,CURRICULARIZAÇÃO DA EXTENSÃO NOS CURSOS TÉCNICOS INTEGRADOS AO ENSINO MÉDIO DO IFNMG-INSTITUTO FEDERAL DO NORTE DE MINAS GERAIS: PROPOSTA DE CONSTRUÇÃO DE UMA DIRETRIZ CURRICULAR.,Área Temática Específica
Educação e Ensino,"""APRENDENDO BRINCANDO: JOGO 'QUE FUNÇÃO SOU EU?' E A EXPLORAÇÃO DAS FUNÇÕES ORGÂNICAS""",Área Temática Específica
Educação e Ensino,O USO DE EXPERIMENTAÇÃO NO PROCESSO DE ENSINO APRENDIZAGEM DE QUÍMICA,Área Temática Específica
Educação e Ensino,"ELETROQUÍMICA E MEIO AMBIENTE: CONSCIENTIZAÇÃO DO DESCARTE ADEQUADO DE PILHAS, BATERIAS E LIXO ELETROELETRÔNICO NO ENSINO MÉDIO",Área Temática Específica
Educação e Ensino,VIVENCIANDO A DOCÊNCIA NA EDUCAÇÃO INFANTIL: PRIMEIRAS EXPERIÊNCIAS NO PROGRAMA RESIDÊNCIA PEDAGÓGICA,Área Temática Específica
Educação e Ensino,"APRENDIZAGENS E VIVÊNCIAS- VISITA TÉCNICA A CIDADE HISTÓRICA DO BRASIL, DIAMANTINA",Área Temática Específica
Educação e Ensino,MONITORIA INCLUSIVA: CONSIDERAÇÕES SOBRE O AUXÍLIO AOS ALUNOS ATENDIDOS PELO NAPNE – CAMPUS SALINAS,Área Temática Específica
Educação e Ensino,"ENERGIA RENOVÁVEL, UMA ABORDAGEM DIDÁTICA PARA A COMUNIDADE ESCOLAR",Área Temática Específica
Educação e Ensino,TRADIÇÃO E APRENDIZADO: UMA JORNADA EDUCATIVA PELAS BRINCADEIRAS DE OUTRORA NA EDUCAÇÃO INFANTIL,Área Temática Específica
Educação e Ensino,INTERVENÇÃO PEDAGÓGICA: ANÁLISE DE UMA PRÁTICA DO PIBID - SUBPROJETO PEDAGOGIA /CAMPUS SALINAS,Área Temática Específica
Educação e Ensino,UM SISTEMA DE AVALIAÇÕES DIAGNÓSTICAS COMO FERRAMENTA PARA RECUPERAÇÃO DE APRENDIZAGENS,Área Temática Específica
Educação e Ensino,O ENSINO DE GEOGRAFIA NAS SÉRIES INICIAIS: O COTIDIANO DE SALINAS-MG,Área Temática Específica
Educação e Ensino,O USO DE JOGOS PEDAGÓGICOS: VIVÊNCIA EM UMA TURMA DO ENSINO MÉDIO DE UMA ESCOLA PÚBLICA NA CIDADE DE SALINAS-MG,Área Temática Específica
Educação e Ensino,A IMPORTÂNCIA DA MUSICALIZAÇÃO NOS ANOS INICIAIS DO ENSINO FUNDAMENTAL: EXPERIÊNCIA VIVENCIADA NO PROGRAMA RESIDÊNCIA PEDAGÓGICA,Área Temática Específica
Educação e Ensino,PROCESSO DE CRIAÇÃO E APLICAÇÃO DE GUIAS DE ESTUDO PARA O MODELO DE SIMULAÇÃO IFMUNDO,Área Temática Específica
Educação e Ensino,GEOCACHING: A ALIANÇA ENTRE A GEOTECNOLOGIA E A SALA DE AULA,Área Temática Específica
Educação e Ensino,AS BASES CONCEITUAIS PARA A EPT NA FORMAÇÃO DOS LICENCIANDOS EM MATEMÁTICA NO IFNMG - CAMPUS JANUÁRIA,Área Temática Específica
Educação e Ensino,UM PANORAMA DA EVASÃO NO CURSO DE LICENCIATURA EM CIÊNCIAS BIOLÓGICAS DO IFNMG/CAMPUS JANUÁRIA,Área Temática Específica
Educação e Ensino,ANÁLISE DE EXPERIMENTO DE BAIXO CUSTO PARA O ENSINO DE PROCESSOS DE TRANSFERÊNCIA DE CALOR.,Área Temática Específica
Educação e Ensino,O ENSINO INTEGRADO NO IFBAIANO CAMPUS GUANAMBI: ANSIEDADE NOS DISCENTES,Área Temática Específica
Educação e Ensino,PRÁTICAS DE ENSINO DA EDUCAÇÃO INFANTIL: UMA ANÁLISE DAS INTERAÇÕES SOCIAIS COMO FERRAMENTA PEDAGÓGICA COMPLEMENTAR PARA O ENSINO-APRENDIZAGEM DE INTERPRETAÇÃO DE TEXTOS E IMAGENS.,Área Temática Específica
Educação e Ensino,"DA TEORIA À PRÁTICA, MINHA EXPERIÊNCIA NA RESIDÊNCIA PEDAGÓGICA",Área Temática Específica
Educação e Ensino,AULAS-PASSEIO: CONTRIBUIÇÕES PARA A CONSTRUÇÃO DA APRENDIZAGEM,Área Temática Específica
Educação e Ensino,ANÁLISE CRÍTICA DO PNLD 2021 E AS NOVAS COLEÇÕES DOS LIVROS DIDÁTICOS DE FÍSICA.,Área Temática Específica
Educação e Ensino,PERCEPÇÕES DOS ALUNOS DA E.E. PROFESSOR CLAUDEMIRO ALVES FERREIRA SOBRE AS ATIVIDADES DESENVOLVIDAS PELO PIBID DE MATEMÁTICA,Área Temática Específica
Educação e Ensino,O PAPEL CRUCIAL DAS ABORDAGENS ATIVAS NO CONTEXTO DO ENSINO E APRENDIZAGEM,Área Temática Específica
Educação e Ensino,A AVALIAÇÃO NA EDUCAÇÃO INFANTIL: O DITO E O FEITO,Área Temática Específica
Educação e Ensino,A IMPORTÂNCIA DE AULAS PRÁTICAS DE BIOLOGIA PARA O PROCESSO DE ENSINO APRENDIZAGEM,Área Temática Específica
Educação e Ensino,O NOVO ENSINO MÉDIO INTEGRAL: IMPACTOS NA DINÂMICA DO PROCESSO DE ENSINO E APRENDIZAGEM,Área Temática Específica
Educação e Ensino,O DESENVOLVIMENTO DAS OPERAÇÕES LÓGICAS SOB A ÓTICA DA EPISTEMOLOGIA DE JEAN PIAGET,Área Temática Específica
Educação e Ensino,PROJETO IPA: INSTITUTO DE PORTAS ABERTAS:MOSTRA DE PROFISSÕES DO IFNMG- CAMPUS MONTES CLAROS,Área Temática Específica
Educação e Ensino,LETRAMENTO NA EDUCAÇÃO INFANTIL: UM ESTUDO SOBRE OS IMPACTOS DE JOGOS EDUCATIVOS COMO RECURSOS PEDAGÓGICOS.,Área Temática Específica
Educação e Ensino,INVESTIGANDO O ENSINO E APRENDIZAGEM MATEMÁTICA SOB A PERSPECTIVA DA TEORIA DAS REPRESENTAÇÕES SEMIÓTICAS: UM ESTUDO COM ALUNOS INGRESSANTES NO CURSO DE LICENCIATURA EM MATEMÁTICA DO IFNMG-CAMPUS JANUÁRIA,Área Temática Específica
Educação e Ensino,A “MÁQUINA” DO TEMPO: UTILIZAÇÃO DE JOGOS PEDAGÓGICOS PARA O ENSINO DA HISTÓRIA LOCAL,Área Temática Específica
Educação e Ensino,O LOCUS DA POLITECNIA NAS DIRETRIZES PARA OFERTA DE CURSOS TÉCNICOS INTEGRADOS AO ENSINO MÉDIO NO INSTITUTO FEDERAL DO NORTE DE MINAS GERAIS – IFNMG,Área Temática Específica
Engenharias,ENSAIO DE PRODUÇÃO E ANÁLISE SENSORIAL DE GELEIA DE “MEL” DE CACAU ADICIONADO EM IOGURTE GREGO,Área Temática Específica
Engenharias,ESTUDO DE ANÁLISE TERMOGRÁFICA DOS MÓDULOS FOTOVOLTAICOS NA USINA DO IFNMG CAMPUS MONTES CLAROS,Área Temática Específica
Engenharias,ENSAIO TERMOGRÁFICO DE MÓDULOS FOTOVOLTAICOS DO IFNMG – CAMPUS MONTES CLAROS,Área Temática Específica
Engenharias,CARACTERIZAÇÃO E AVALIAÇÃO DE MOTORES DE INDUÇÃO TRIFÁSICOS: UMA ABORDAGEM BASEADA EM ENSAIOS E ALGORITMOS,Área Temática Específica
Engenharias,CARACTERIZAÇÃO DE CURVAS I-V EM MÓDULOS FOTOVOLTAICOS: UM ESTUDO EM CONDIÇÕES ADVERSAS,Área Temática Específica
Engenharias,MODELOS DE PREVISÃO PARA ENERGIA SOLAR FOTOVOLTAICA: UMA ANÁLISE COMPARATIVA,Área Temática Específica
Engenharias,DETECÇÃO DE FALHAS EM SISTEMAS FOTOVOLTAICOS ATRAVÉS DO USO DE INTELIGÊNCIA ARTIFICIAL: UMA ANÁLISE BIBLIOGRÁFICA,Área Temática Específica
Engenharias,CONTA GOTAS SONORO,Área Temática Específica
Engenharias,PESO HECTOLITRO E POROSIDADE DOS GRÃO DO FEIJÃO MUNGO VERDE ( VIGNA RADIATA – FABACEAE),Área Temática Específica
Engenharias,POROSIDADE E PESO DE MIL GRÃOS DE GIRASSOL ( HELLIANTHUS ANNUS L.),Área Temática Específica
Engenharias,NÚMERO DE VAGENS E PESO DE VAGENS DO FEIJÃO AZUKI EM DIFERENTES DENSIDADES DE PLANTAS,Área Temática Específica
Engenharias,MEMBRANA CERÂMICA DE ARGILAS LOCAIS E ARGILA COMERCIAL,Área Temática Específica
Engenharias,PRODUÇÃO DE BRIQUETES DE CARVÃO A BASE DE CIGARROS,Área Temática Específica
Engenharias,ANÁLISE DA POROSIDADE DO FEIJÃO CARIOCA,Área Temática Específica
Engenharias,MAPEAMENTO AUTOMÁTICO DE ÁREAS DE PRESERVAÇÃO PERMANENTE DAS MARGENS DE RIOS E NASCENTES NA SUB-BACIA 41,Área Temática Específica
Engenharias,SISTEMA DE CONTROLE INTELIGENTE PARA OTIMIZAÇÃO NO USO DOS APARELHOS DE AR-CONDICIONADO NAS SALAS DE AULA DO IFNMG - CAMPUS AVANÇADO PORTEIRINHA,Área Temática Específica
Engenharias,"FREQUÊNCIA DE PRECIPITAÇÃO PARA A CIDADE DE SALINAS, MINAS GERAIS",Área Temática Específica
Engenharias,COMPOSIÇÃO GRAVIMÉTRICA E ESTIMATIVA DA GERAÇÃO PER CAPITA DOS RESÍDUOS SÓLIDOS DO REFEITÓRIO DO IFNMG - CAMPUS JANUÁRIA,Área Temática Específica
Engenharias,AVALIAÇÃO DA CARNE MARMORIZADA ATRAVÉS DA APLICAÇÃO DE ENZIMA TRANSGLUTAMINASE (TGASE) EM LABORATÓRIO,Área Temática Específica
Engenharias,"INFLUÊNCIA DO USO E COBERTURA DA TERRA E DA PRECIPITAÇÃO NOS PARÂMETROS DE VAZÃO DO RIO VACARIAS, MINAS GERAIS",Área Temática Específica
Engenharias,"MUDANÇAS NO USO E COBERTURA DA TERRA NA BACIA DO RIO PARDO, MINAS GERAIS",Área Temática Específica
Engenharias,COMPARAÇÃO DA PRECIPITAÇÃO ESTIMADA PELO PRODUTO CHIRPS COM DADOS OBSERVADOS,Área Temática Específica
Engenharias,PAINEL ELETRÔNICO DE APOIO AO APRENDIZADO DE CÁLCULOS MATEMÁTICOS POR JOVENS COM DÉFICIT DE APRENDIZAGEM,Área Temática Específica
Engenharias,INTEGRAÇÃO ENTRE O IFNMG E ESCOLAS PÚBLICAS PARA COMPETIÇÕES DE ROBÓTICA,Área Temática Específica
Engenharias,ANÁLISE DA PERDA DE CARGA EM TUBULAÇÕES DE DIFERENTES DIÂMETROS,Área Temática Específica
Engenharias,PROPRIEDADES FÍSICAS DA SEMENTE DA MELANCIA,Área Temática Específica
Engenharias,CIRCULARIDADE DE GRÃOS DE MILHO ADQUIRIDO NO COMÉRCIO DE JANUÁRIA,Área Temática Específica
Engenharias,ESFERICIDADE DE GRÃOS DE MILHO ADQUIRIDO NO COMÉRCIO DE JANUÁRIA,Área Temática Específica
Engenharias,PROTÓTIPO DE BAIXO CUSTO PARA AUTOMAÇÃO DE SISTEMAS DE IRRIGAÇÃO,Área Temática Específica
Engenharias,DETERMINAÇÃO DO ÂNGULO DE REPOUSO DO MILHO DENTADO COM TEOR DE ÁGUA EM 8%(B.U),Área Temática Específica
Engenharias,ANÁLISE DA POROSIDADE DO MILHO DENTADO COM TEOR DE ÁGUA EM 8%(B.U),Área Temática Específica
Engenharias,ANÁLISE DO PESO DE MIL GRÃOS DE MILHO,Área Temática Específica
Engenharias,DETERMINAÇÃO DA VELOCIDADE DA INFILTRAÇÃO DE ÁGUA NO SOLO EM ÁREA EXPERIMENTAL DO IFNMG - CAMPUS JANUÁRIA,Área Temática Específica
Engenharias,VERTEDORES DE BASE LARGA: COMPARAÇÃO DE MÉTODOS DE ESTIMATIVA DE VAZÃO EM RIOS,Área Temática Específica
Engenharias,DETERMINAÇÃO DA UMIDADE DE SOLO ARENOSO PELO MÉTODO DO FORNO ELÉTRICO,Área Temática Específica
Engenharias,VERIFICAÇÃO DA PRESENÇA DE TRIHALOMETANOS EM ÁGUAS DE ABASTECIMENTO E RECREAÇÃO DA REGIÃO DE MONTES CLAROS,Área Temática Específica
Engenharias,IMPACTOS AMBIENTAIS GERADOS COM O AUMENTO DE LOTEAMENTOS URBANOS,Área Temática Específica
Engenharias,CONSEQUÊNCIAS DA OCUPAÇÃO DESORDENADA DAS ÁREAS URBANAS,Área Temática Específica
Engenharias,ANGULO DE REPOUSO DOS GRÃOS DE MILHO EM DIFERENTES TEORES DE ÁGUA,Área Temática Específica
Engenharias,AVALIAÇÃO DO TIPO DE LIGAÇÃO DE BATERIAS EM SISTEMAS SOLARES FOTOVOLTAICOS OFF-GRID,Área Temática Específica
Engenharias,ECONOMIA CIRCULAR E DESENVOLVIMENTO DE BLOQUETES SUSTENTÁVEIS,Área Temática Específica
Engenharias,CORTE EM MOTOR DE COMBUSTÃO PARA ESTUDO DE FUNCIONAMENTO E FINS DIDÁTICOS .,Área Temática Específica
Engenharias,INVESTIGAÇÃO DE MÉTODOS ALTERNATIVOS PARA AVALIAÇÃO DA DEGRADAÇÃO INDUZIDA POR POTENCIAL EM MÓDULOS FOTOVOLTAICOS,Área Temática Específica
Engenharias,CONCRETO VIRADO EM OBRA – IDENTIFICAÇÃO DOS TRAÇOS MAIS UTILIZADOS NO MUNICÍPIO DE PIRAPORA/MG,Área Temática Específica
Engenharias,EFEITO DAS MUDANÇAS CLIMÁTICAS NO NORTE DE MINAS GERAIS UTILIZANDO O MODELO FIO-ESM-2-0,Área Temática Específica
Engenharias,EFEITO DAS MUDANÇAS CLIMÁTICAS NO BALANÇO HIDRÍCO DO NORTE DE MINAS GERAIS,Área Temática Específica
Engenharias,AVALIAÇÃO DA UTILIZAÇÃO DE AGREGADO MIÚDO DE VIDRO NA PRODUÇÃO DE PAVIMENTOS INTERTRAVADOS DE CONCRETO,Área Temática Específica
Engenharias,ESTUDO DE SINAIS COM AUXÍLIO DAS SÉRIES DE FOURIER E APLICAÇÃO DA TRANSFORMADA DE LAPLACE PARA DIMENSIONAR FILTROS PASSIVOS,Área Temática Específica
Engenharias,BARREIRAS ARQUITETÔNICAS NA EDUCAÇÃO NACIONAL E INTERNACIONAL: UM ESTUDO COMPARATIVO ENTRE A ACESSIBILIDADE NO ENTORNO DO IFNMG - CAMPUS PIRAPORA E O INSTITUTO POLITÉCNICO DA GUARDA,Área Temática Específica
Engenharias,EFEITO DE DIFERENTES TRATAMENTOS NOS PARAMETROS FÍSICO-QUÍMICOS DA ÁGUA DE RESERVATÓRIOS DO PROGRAMA CISTERNAS,Área Temática Específica
Engenharias,DETERMINAÇÃO DA UMIDADE DE CAPACIDADE DE CAMPO PELO MÉTODO “IN SITU” EM SOLO DE ÁREA EXPERIMENTAL DO IFNMG CAMPUS JANUÁRIA,Área Temática Específica
Engenharias,CONSTRUÇÃO E VALIDAÇÃO DE MESA TENSORA ALTERNATIVA E DE BAIXO CUSTO PARA DETERMINAÇÃO DE UMIDADE EM CAPACIDADE DE CAMPO,Área Temática Específica
Engenharias,UNIFORMIDADE DE DISTRIBUIÇÃO DE IRRIGAÇÃO EM SISTEMA DE IRRIGAÇÃO POR MICROASPERSÃO INSTALADO EM BANANAL,Área Temática Específica
Engenharias,MEDIDOR DE VAZÃO ARTESANAL UTILIZANDO O EFEITO VENTURI,Área Temática Específica
Informática,UMA ANÁLISE DO DESEMPENHO EM REDES COMPUTACIONAIS: MENSURANDO THROUGHPUT EM UMA REDE DE DADOS,Área Temática Específica
Informática,"O ROTPORT: UM APLICATIVO PARA TURISMO NA CIDADE DE PORTEIRINHA, MINAS GERAIS",Área Temática Específica
Informática,DIFERENTES ABORDAGENS NO ENSINO DA PROGRAMAÇÃO DE FORMA LÚDICA NO PROJETO RONDON - OPERAÇÃO MINAS GERAIS,Área Temática Específica
Informática,EXPLORANDO ALGORITMOS DE APRENDIZADO DE MÁQUINA PARA PREDIÇÃO DE MORTE POR DOENÇA DE CHAGAS,Área Temática Específica
Informática,FORTALECENDO A CULTURA DE DOAÇÃO ATRAVÉS DE TECNOLOGIAS DIGITAIS: PROTOTIPAÇÃO DE UM APLICATIVO DE DOAÇÃO,Área Temática Específica
Informática,SIMULAÇÃO DE FLUIDOS COM O MÉTODO SEM MALHA SMOOTHED PARTICLE HYDRODYNAMICS (SPH) COM O PYSPH,Área Temática Específica
Informática,DESENVOLVIMENTO DE APLICATIVO MOBILE E SISTEMA DE GERENCIAMENTO WEB PARA INTEGRAÇÃO COM O PROTÓTIPO DE CONTROLE INTELIGENTE DE AR-CONDICIONADO NAS SALAS DE AULA DO IFNMG CAMPUS AVANÇADO PORTEIRINHA,Área Temática Específica
Informática,PRÁTICAS DE PESQUISA NO PROCESSO DE APRENDIZAGEM DE INTERFACE HOMEM – COMPUTADOR: UMA ANÁLISE DO PORTAL INSTITUCIONAL DO IFNMG POR ESTUDANTES DO CAMPUS SALINAS,Área Temática Específica
Informática,A VISUALIZAÇÃO DE DADOS PARA MELHOR COMPREENSÃO DA DINÂMICA DO MERCADO DE TRABALHO EM INFORMÁTICA NA MICRORREGIÃO DE SALINAS-MG,Área Temática Específica
Informática,FRAMEWORK PARA O ENSINO DE COMPUTAÇÃO GRÁFICA: ABSTRAÇÃO DA COMPLEXIDADE DE SOFTWARE NO CONTEXTO DO ENSINO SUPERIOR,Área Temática Específica
Informática,A MIGRAÇÃO DE UM JOGO DIGITAL EDUCACIONAL DE PLATAFORMA PARA A VERSÃO WEB: O CASO DO INDISCIPLINA 2D,Área Temática Específica
Informática,MINERAÇÃO DE REGRAS DE ASSOCIAÇÃO PARA DESCOBERTA DE PADRÕES FREQUENTES EM DOENÇA DE CHAGAS,Área Temática Específica
Informática,MINERAÇÃO DE DADOS NA PRODUÇÃO DO QUEIJO MINAS ARTESANAL,Área Temática Específica
Informática,DESENVOLVIMENTO DO PENSAMENTO COMPUTACIONAL NOS ANOS FINAIS DO ENSINO FUNDAMENTAL,Área Temática Específica
Informática,APOIO À TOMADA DE DECISÃO EM PROJETOS SOCIAIS,Área Temática Específica
Informática,AÇÕES PARA PERMANÊNCIA E ÊXITO DO PÚBLICO FEMININO NOS CURSOS DE TECNOLOGIA DA INFORMAÇÃO E COMUNICAÇÃO NO INSTITUTO FEDERAL DO NORTE DE MINAS GERAIS - CAMPUS JANUÁRIA,Área Temática Específica
Informática,ANÁLISE DE QUALIDADE DE SOFTWARE: UM ESTUDO DE CASO COM O MÓDULO DE GESTÃO DE ESTÁGIOS DO IFNMG,Área Temática Específica
Informática,DESENVOLVIMENTO DE SOFTWARE PARA REGISTRO DE ESPÉCIES DA FAUNA E FLORA DO PARQUE ESTADUAL SERRA NOVA E TALHADO,Área Temática Específica
Informática,RECONFIGURAÇÃO DE DISPOSITIVOS IPTV ILEGAIS: A CONVERSÃO EM MINICOMPUTADORES PARA DESTINAÇÃO SUSTENTÁVEL,Área Temática Específica
Informática,A TECNOLOGIA DA INFORMAÇÃO COMO FERRAMENTA DE APOIO NA CONSCIENTIZAÇÃO DE INCÊNDIOS FLORESTAIS,Área Temática Específica
Informática,A EXPERIÊNCIA NO USO DO APP INVENTOR PARA O ENSINO DE LÓGICA DE PROGRAMAÇÃO ATRAVÉS DE OFICINAS,Área Temática Específica
"Linguística, Letras e Artes",GRANDE SERTÃO:VEREDAS E O RIO URUCUIA,Área Temática Específica
"Linguística, Letras e Artes",PRÁTICAS DE LETRAMENTO NO IFNMG: DESTRAVANDO AS HABILIDADES DE LEITURA E ESCRITA ACADÊMICA,Área Temática Específica
"Linguística, Letras e Artes",ALMANAQUE IF-DIAMAS: ESCRITAS MULTIMODAIS,Área Temática Específica
"Linguística, Letras e Artes",CANTIGAS NAS MANIFESTAÇÕES DO BOI DE JANEIRO SALINENSE: NARRATIVAS DE UMA MEMÓRIA COLETIVA,Área Temática Específica
"Linguística, Letras e Artes",A FORMAÇÃO DO LEITOR LITERÁRIO E SUAS REVERBERAÇÕES NA REDAÇÃO DO ENEM,Área Temática Específica
"Linguística, Letras e Artes",JOGANDO COM AS AÇÕES BÁSICAS DE ESFORÇO: PASSO 1 – TREINAMENTO TÉCNICO EXPRESSIVO,Área Temática Específica
"Linguística, Letras e Artes","JORNAL ESCOLAR DO IFNMG, FOLHA PORTEIRINHA",Área Temática Específica
"Linguística, Letras e Artes",UTILIZAÇÃO DO SOFTWARE MATHEMATICS PARA O ENSINO DE FUNÇÃO POLINOMIAL DE GRAU UM,Área Temática Específica
"Linguística, Letras e Artes","""FILOSOFIA DE UM PAR DE BOTAS"": DESAFIOS NA EDIÇÃO DE UMA ""FANTASIA"" DE MACHADO DE ASSIS",Área Temática Específica
"Linguística, Letras e Artes",RESIDÊNCIA PEDAGÓGICA: AS LACUNAS NO PROCESSO DE ALFABETIZAÇÃO E LETRAMENTO EM UMA TURMA DO 4° ANO DO FUNDAMENTAL I,Área Temática Específica
"Linguística, Letras e Artes",O VALE DO GORUTUBA EM CANÇÃO: APROXIMAÇÕES AO PATRIMÔNIO CULTURAL IMATERIAL DE JANAÚBA-MG,Área Temática Específica
Multidisciplinar,DETERMINAÇÃO DA ACIDEZ TOTAL DE VINHOS TINTOS COMERCIALIZADOS NA CIDADE DE ALMENARA-MG,Área Temática Específica
Multidisciplinar,ENTRE PRAÇAS E RUAS: UM ESTUDO INTERDISCIPLINAR DOS NOMES DOS LOGRADOUROS DA CIDADE DE ALMENARA - MINAS GERAIS,Área Temática Específica
Multidisciplinar,ESTUDOS DE GÊNERO E SEXUALIDADE NA EDUCAÇÃO: UMA PANORÂMICA SOBRE O DOCUMENTO PCN - ORIENTAÇÃO SEXUAL (1998),Área Temática Específica
Multidisciplinar,LEVANTAMENTO DIAGNÓSTICO PARA NORTEAR PRÁTICAS DE EDUCAÇÃO AMBIENTAL,Área Temática Específica
Multidisciplinar,"DIMENSIONAMENTO E CARACTERIZAÇÃO DE HORTALIÇAS COMERCIALIZADAS NA FEIRA LIVRE DE JEQUITINHONHA, MG.",Área Temática Específica
Multidisciplinar,ANÁLISE DE QUALIDADE DE DA ÁGUA DAS NASCENTES DA CIDADE DE ALMENARA/MG,Área Temática Específica
Multidisciplinar,MAPEAMENTO DA HIDROGRAFIA DO MUNICÍPIO DE DIAMANTINA-MG UTILIZANDO O SOFTWARE LIVRE QGIS,Área Temática Específica
Multidisciplinar,ANÁLISE DA EXPERIÊNCIA DOS VISITANTES DO 1º FESTIVAL DAS FLORES DE JANUÁRIA,Área Temática Específica
Multidisciplinar,CONHECIMENTO SOBRE BIOSSEGURANÇA DOS USUÁRIOS DE LABORATÓRIOS DE ENSINO E PESQUISA DO IFNMG -CAMPUS SALINAS,Área Temática Específica
Multidisciplinar,"QUALIDADE DA ÁGUA PARA FINS DE BALNEABILIDADE, EM UM TRECHO NA SUB-BACIA DO RIACHO DA CRUZ",Área Temática Específica
Multidisciplinar,PARTICIPAÇÃO DE MULHERES NO PROGRAMA DE AQUISIÇÃO DE ALIMENTOS (PAA) NO MUNICÍPIO DE MEDINA-MG,Área Temática Específica
Multidisciplinar,ANÁLISE QUANTITATIVA DOS INSETOS QUE COMPÕEM O ACERVO DA COLEÇÃO ENTOMOLÓGICA DIDÁTICA,Área Temática Específica
Multidisciplinar,UMA ANÁLISE DA PRODUÇÃO DE TESES E DISSERTAÇÕES SOBRE MEDIDORES DE ÁGUA,Área Temática Específica
Multidisciplinar,APLICAÇÕES DE TÉCNICAS DE REGRESSÃO PARA O MONITORAMENTO DE CONDIÇÕES DE MÁQUINAS NO CONTEXTO INDUSTRIAL,Área Temática Específica
Multidisciplinar,A MILITARIZAÇÃO DAS ESCOLAS PÚBLICAS EM MINAS GERAIS: APROXIMAÇÕES INICIAIS,Área Temática Específica
Multidisciplinar,O USO DO JOGO ROBLOX NA APRENDIZAGEM DE LÓGICA DE PROGRAMAÇÃO PARA O ENSINO INTEGRATO TÉCNICO EM INFORMÁTICA,Área Temática Específica
Multidisciplinar,A UTILIZAÇÃO DA MÚSICA NO PROCESSO DE ALFABETIZAÇÃO E LETRAMENTO,Área Temática Específica
Multidisciplinar,"MAPA DAS CULTURAS DO IFNMG: IDENTIFICAÇÃO E DIVULGAÇÃO DOS AGENTES, EVENTOS, PROJETOS E ESPAÇOS CULTURAIS NA ÁREA DE ABRANGÊNCIA DO IFNMG CAMPUS PORTEIRINHA",Área Temática Específica
Multidisciplinar,UTILIZAÇÃO DO GOOGLE STREET VIEW COMO ALTERNATIVA REMOTA PARA A REALIZAÇÃO DE INVENTÁRIO FLORESTAL URBANO,Área Temática Específica
Multidisciplinar,ARBORIZAÇÃO URBANA: PERCEPÇÃO DA POPULAÇÃO URUCUIANA,Área Temática Específica
Multidisciplinar,ANÁLISE DE POTABILIDADE DA ÁGUA NOS BEBEDOUROS DO IFNMG/ CAMPUS JANUÁRIA,Área Temática Específica
