area_tematica,titulo_do_trabalho
Resumo Expandido - Ensino Médio Integrado e Concomitante/Subsequente,PANDEMIA DA COVID-19 E SAÚDE MENTAL DOS DISCENTES DO CURSO TÉCNICO EM ENFERMAGEM DO IFNMG
Resumo Expandido - Ensino Médio Integrado e Concomitante/Subsequente,AFROEMPREENDEDORISMO E AS DESIGUALDADES RACIAIS NA CIDADE DE ALMENARA/MG
Resumo Expandido - Ensino Médio Integrado e Concomitante/Subsequente,PARTICIPAÇÃO FEMININA NA PESQUISA DO IFNMG CAMPUS ALMENARA EM 10 ANOS
Resumo Expandido - Ensino Médio Integrado e Concomitante/Subsequente,SEXUALIDADE E PREVENÇÃO DE INFECÇÕES SEXUALMENTE TRANSMISSÍVEIS ENTRE JOVENS E ADOLESCENTES BRASILEIROS
Resumo Expandido - Ensino Médio Integrado e Concomitante/Subsequente,ENTRE PRAÇAS E RUAS: UM ESTUDO INTERDISCIPLINAR DOS NOMES DOS LOGRADOUROS DA CIDADE DE ALMENARA - MINAS GERAIS
Resumo Expandido - Ensino Médio Integrado e Concomitante/Subsequente,CAPACITAÇÃO DE PROFISSIONAIS DE SAÚDE NA PREVENÇÃO E NO TRATAMENTO DE LESÕES CUTÂNEASA
Resumo Expandido - Ensino Médio Integrado e Concomitante/Subsequente,TRAJETÓRIA DOS ESTUDANTES DO ENSINO MÉDIO INTEGRADO DO IFNMG/CAMPUS JANUÁRIA BENEFICIADOS PELO PROGRAMA DE ASSISTÊNCIA E APOIO AOS ESTUDANTES DURANTE A PANDEMIA
Resumo Expandido - Ensino Médio Integrado e Concomitante/Subsequente,"MÃES, AVÓS, FILHAS, IRMÃS ENTRE FIOS E AGULHAS: PERFIL DAS ARTESÃS DO MUNÍCIPIO DE JANAÚBA"
Resumo Expandido - Ensino Médio Integrado e Concomitante/Subsequente,UMA ANÁLISE DO DESEMPENHO EM REDES COMPUTACIONAIS: MENSURANDO THROUGHPUT EM UMA REDE DE DADOS
Resumo Expandido - Ensino Médio Integrado e Concomitante/Subsequente,"ESPORTE, EDUCAÇÃO E CIDADANIA NO IFNMG - CAMPUS AVANÇADO PORTEIRINHA"
Resumo Expandido - Ensino Médio Integrado e Concomitante/Subsequente,OFICINAS ESPORTIVAS NO IFNMG - CAMPUS AVANÇADO PORTEIRINHA: UMA VIVÊNCIA LÚDICA E PEDAGÓGICA
Resumo Expandido - Ensino Médio Integrado e Concomitante/Subsequente,FORTALECENDO A CULTURA DE DOAÇÃO ATRAVÉS DE TECNOLOGIAS DIGITAIS: PROTOTIPAÇÃO DE UM APLICATIVO DE DOAÇÃO
Resumo Expandido - Ensino Médio Integrado e Concomitante/Subsequente,ALMANAQUE IF-DIAMAS: ESCRITAS MULTIMODAIS
Resumo Expandido - Ensino Médio Integrado e Concomitante/Subsequente,GERMINAÇÃO DE SEMENTES DE GIRASSOL SUBMETIDAS A DIFERENTES DOSES DE CLORETO DE POTÁSSIO
Resumo Expandido - Ensino Médio Integrado e Concomitante/Subsequente,ATIVIDADE BACTERICIDA DOS HIDROLATOS DE PLANTAS AROMÁTICAS EM CULTIVOS DOMÉSTICOS TRADICIONAIS DE DIAMANTINA
Resumo Expandido - Ensino Médio Integrado e Concomitante/Subsequente,CARACTERIZAÇÃO FITOQUÍMICA E AVALIAÇÃO DE EXTRATOS ALCOÓLICOS DE PLECTRANTHUS ORNATUS CODD SOBRE A INIBIÇÃO DE LACTUCA SATIVA L.
Resumo Expandido - Ensino Médio Integrado e Concomitante/Subsequente,MAPEAMENTO DA HIDROGRAFIA DO MUNICÍPIO DE DIAMANTINA-MG UTILIZANDO O SOFTWARE LIVRE QGIS
Resumo Expandido - Ensino Médio Integrado e Concomitante/Subsequente,ESPUMA FENOLICA E DIFERENTES CONCENTRAÇÕES DE AIB NA SOBREVIVÊNCIA E ENRAIZAMENTO INICIAL DE MINIESTACAS DE CORYMBIA CITRIODORA EM ESTUFIM
Resumo Expandido - Ensino Médio Integrado e Concomitante/Subsequente,MEMBRANA CERÂMICA DE ARGILAS LOCAIS E ARGILA COMERCIAL
Resumo Expandido - Ensino Médio Integrado e Concomitante/Subsequente,CONHECIMENTO SOBRE BIOSSEGURANÇA DOS USUÁRIOS DE LABORATÓRIOS DE ENSINO E PESQUISA DO IFNMG -CAMPUS SALINAS
Resumo Expandido - Ensino Médio Integrado e Concomitante/Subsequente,JOGANDO COM AS AÇÕES BÁSICAS DE ESFORÇO: PASSO 1 – TREINAMENTO TÉCNICO EXPRESSIVO
Resumo Expandido - Ensino Médio Integrado e Concomitante/Subsequente,DETERMINAÇÃO DE UMIDADE E TESTES DE QUEBRA DE DORMÊNCIA EM SEMENTES DE FORRAGEIRAS E MILHO
Resumo Expandido - Ensino Médio Integrado e Concomitante/Subsequente,VIVENDO ALÉM DAS SALAS DE AULA: A IMPORTÂNCIA DOS AUXÍLIOS DA ASSISTÊNCIA ESTUDANTIL NA PERSPECTIVA DOS ALUNOS – IFNMG CAMPUS DIAMANTINA
Resumo Expandido - Ensino Médio Integrado e Concomitante/Subsequente,CIÊNCIA: UMA ABORDAGEM NAS REDES SOCIAIS.
Resumo Expandido - Ensino Médio Integrado e Concomitante/Subsequente,DESIGUALDADE DE GÊNERO E RAÇA: O PAPEL DO ENSINO MÉDIO TÉCNICO NAS DESIGUALDADES DE ACESSO À EDUCAÇÃO SUPERIOR.
Resumo Expandido - Ensino Médio Integrado e Concomitante/Subsequente,FATORES CLIMÁTICOS E A PREDISPOSIÇÃO PARA O ADOECIMENTO POR DENGUE: UMA ANÁLISE POR MEIO DA INTELIGÊNCIA ESPACIAL
Resumo Expandido - Ensino Médio Integrado e Concomitante/Subsequente,O BIOMA DE ABRANGÊNCIA E A PREDISPOSIÇÃO PARA O ADOECIMENTO POR DENGUE NO BRASIL: UMA ANÁLISE POR MEIO DA INTELIGÊNCIA ESPACIAL
Resumo Expandido - Ensino Médio Integrado e Concomitante/Subsequente,O PORTE DAS CIDADES E A PREDISPOSIÇÃO PARA O ADOECIMENTO POR DENGUE NO BRASIL: UMA ANÁLISE POR MEIO DA INTELIGÊNCIA ESPACIAL
Resumo Expandido - Ensino Médio Integrado e Concomitante/Subsequente,"EFICIÊNCIA ANTIMICROBIANA DE HIDROLATOS DE MENTHA SATIVA L., CYMBOPOGON CITRATUS, PSEUDOBRICKELLIA BRASILIENSIS, LAVANDULA DENTATA E BACCHARIS DRACUNCULIFOLIA E SUA RELAÇÃO COM A COMPOSIÇÃO QUÍMICA"
Resumo Expandido - Ensino Médio Integrado e Concomitante/Subsequente,CONSUMO DE ALIMENTOS SAUDÁVEIS E NÃO SAUDÁVEIS ENTRE OS ADOLESCENTES BRASILEIROS SEGUNDO A PENSE 2019
Resumo Expandido - Ensino Médio Integrado e Concomitante/Subsequente,IMPACTOS AMBIENTAIS GERADOS COM O AUMENTO DE LOTEAMENTOS URBANOS
Resumo Expandido - Ensino Médio Integrado e Concomitante/Subsequente,CONSEQUÊNCIAS DA OCUPAÇÃO DESORDENADA DAS ÁREAS URBANAS
Resumo Expandido - Ensino Médio Integrado e Concomitante/Subsequente,AVALIAÇÃO DA QUALIDADE DE MUDAS DE PINUS ELLIOTTII PRODUZIDAS EM ESTUFIM E COM DIFERENTES DOSAGENS DE BASACOTE®
Resumo Expandido - Ensino Médio Integrado e Concomitante/Subsequente,"""FILOSOFIA DE UM PAR DE BOTAS"": DESAFIOS NA EDIÇÃO DE UMA ""FANTASIA"" DE MACHADO DE ASSIS"
Resumo Expandido - Ensino Médio Integrado e Concomitante/Subsequente,SUNFLOWER – SEGUIDOR SOLAR CONTROLADO COM ARDUINO UNO
Resumo Expandido - Ensino Médio Integrado e Concomitante/Subsequente,PROCESSO DE CRIAÇÃO E APLICAÇÃO DE GUIAS DE ESTUDO PARA O MODELO DE SIMULAÇÃO IFMUNDO
Resumo Expandido - Ensino Médio Integrado e Concomitante/Subsequente,GEOCACHING: A ALIANÇA ENTRE A GEOTECNOLOGIA E A SALA DE AULA
Resumo Expandido - Ensino Médio Integrado e Concomitante/Subsequente,CAIXA D’ÁGUA PINTEIRO PARA CRIAÇÃO EM PEQUENA ESCALA DE PINTINHOS CAIPIRAS DURANTE O PERÍODO DE OUTONO/INVERNO
Resumo Expandido - Ensino Médio Integrado e Concomitante/Subsequente,QUALIDADE DE MUDAS DE IPÊ-ROSA (HANDROANTHUS HEPTAPHYLLUS) PRODUZIDAS EM DIFERENTES RECIPIENTES E SUBSTRATOS
Resumo Expandido - Ensino Médio Integrado e Concomitante/Subsequente,"MAPA DAS CULTURAS DO IFNMG: IDENTIFICAÇÃO E DIVULGAÇÃO DOS AGENTES, EVENTOS, PROJETOS E ESPAÇOS CULTURAIS NA ÁREA DE ABRANGÊNCIA DO IFNMG CAMPUS PORTEIRINHA"
Resumo Expandido - Ensino Médio Integrado e Concomitante/Subsequente,ANÁLISE DE DIFERENTES SUBSTRATOS NA PRODUÇÃO DE MUDAS DE RÚCULA EM TEÓFILO OTONI - MG
Resumo Expandido - Ensino Médio Integrado e Concomitante/Subsequente,O VALE DO GORUTUBA EM CANÇÃO: APROXIMAÇÕES AO PATRIMÔNIO CULTURAL IMATERIAL DE JANAÚBA-MG
Resumo Expandido - Ensino Médio Integrado e Concomitante/Subsequente,IMPACTOS DO PROGRAMA DE MONITORIA APRENDIZAGEM E RENDIMENTO ACADÊMICO EM BIOLOGIA CELULAR.
Resumo Expandido - Ensino Médio Integrado e Concomitante/Subsequente,"ADICÇÃO EM INTERNET, EM REDES SOCIAIS OU EM SMARTPHONE? PRIMEIRO ANO DE UMA ANÁLISE PROSPECTIVA"
Resumo Expandido - Ensino Médio Integrado e Concomitante/Subsequente,CAIXA D’ÁGUA PARA CRIAÇÃO EM PEQUENA ESCALA DE PINTINHOS CAIPIRAS
Resumo Expandido - Ensino Médio Integrado e Concomitante/Subsequente,ESTUDO DA DENSIDADE POPULACIONAL DE AEDES AEGYPTI NO IFNMG CAMPUS TEÓFILO OTONI
Resumo Expandido - Graduação,CONDIÇÃO MACROECONÔMICA E ABERTURA DE MICRO EMPREENDIMENTOS INDIVIDUAIS (MEI) NO BRASIL: ANÁLISE ENTRE OS ANOS DE 2012 A 2020
Resumo Expandido - Graduação,ASPECTOS HISTÓRICOS E SOCIOECONÔMICOS ASSOCIADOS À CULTURA CAFEEIRA NO MUNICÍPIO DE MATA VERDE/MG
Resumo Expandido - Graduação,ANÁLISE DA QUALIDADE DA ÁGUA PARA O CONSUMO HUMANO EM FAZENDAS DO MUNICÍPIO DE RUBIM-MG
Resumo Expandido - Graduação,POTENCIAL DE SEQUESTRO DE CARBONO POR LATOSSOLOS E CAMBISSOLOS DO BAIXO JEQUITINHONHA-MG
Resumo Expandido - Graduação,DETERMINAÇÃO DE VITAMINA C EM COMPRIMIDOS EFERVESCENTES E LARANJAS (CITRUS SP.) COMERCIALIZADOS EM ALMENARA-MG
Resumo Expandido - Graduação,DETERMINAÇÃO DA ACIDEZ TOTAL DE VINHOS TINTOS COMERCIALIZADOS NA CIDADE DE ALMENARA-MG
Resumo Expandido - Graduação,POTENCIALIZANDO A APRENDIZAGEM EM FÍSICA: EXPERIMENTOS NO PROGRAMA DE RESIDÊNCIA PEDAGÓGICA
Resumo Expandido - Graduação,IF MAIS EMPRENDEDOR NACIONAL 2023: RECUPERAÇÃO DE EMPRESAS APÓS IMPACTOS DA PANDEMIA DE COVID-19
Resumo Expandido - Graduação,GRANDE SERTÃO:VEREDAS E O RIO URUCUIA
Resumo Expandido - Graduação,PRÁTICAS DE LETRAMENTO NO IFNMG: DESTRAVANDO AS HABILIDADES DE LEITURA E ESCRITA ACADÊMICA
Resumo Expandido - Graduação,AVALIAÇÃO DA HIGIENIZAÇÃO DAS MÃOS PARA CONTROLE DE INFECÇÃO EM UMA UNIDADE DE SAÚDE NO MUNICÍPIO DE JANUÁRIA-MG
Resumo Expandido - Graduação,BIOFILMES DE BACTÉRIAS LÁCTICAS EM DORNAS DE MADEIRA COMO POTENCIAL SISTEMA DE BIOCONSERVAÇÃO DE ALIMENTOS
Resumo Expandido - Graduação,RENDIMENTO DE CARCAÇA DE NOVILHOS NELORES CONFINADOS ALIMENTADOS COM DIETA SEM VOLUMOSO.
Resumo Expandido - Graduação,RELATO DE EXPERIÊNCIA DO PROJETO: QUAL É A MINHA COR?
Resumo Expandido - Graduação,O COMPARTILHAMENTO DE EXPERIÊNCIAS DOCENTES NA FORMAÇÃO PARA O USO DE FERRAMENTAS TECNOLÓGICAS
Resumo Expandido - Graduação,LEVANTAMENTO DIAGNÓSTICO PARA NORTEAR PRÁTICAS DE EDUCAÇÃO AMBIENTAL
Resumo Expandido - Graduação,ANÁLISE DE USO E OCUPAÇÃO DO SOLO PELA AGRICULTURA NA BACIA HIDROGRÁFICA JQ1
Resumo Expandido - Graduação,ENSINO DE DENSIDADE: UM RELATO DE EXPERIÊNCIA NA RESIDÊNCIA PEDAGÓGICA
Resumo Expandido - Graduação,CONSUMO DE NOVILHOS ALIMENTADOS COM DIETA SEM VOLUMOSO EM CONFINAMENTO
Resumo Expandido - Graduação,"O ROTPORT: UM APLICATIVO PARA TURISMO NA CIDADE DE PORTEIRINHA, MINAS GERAIS"
Resumo Expandido - Graduação,TRAJETÓRIAS ESTUDANTIS NO IFNMG - CAMPUS ARAÇUAÍ: PENSANDO AS JUVENTUDES A PARTIR DOS CONCEITOS DA AGROECOLOGIA
Resumo Expandido - Graduação,UMIDADE DE COLHEITA DE GENÓTIPOS DE GIRASSOL CULTIVADOS NO NORTE DE MINAS GERAIS
Resumo Expandido - Graduação,ANÁLISE ECONÔMICA DA SUPLEMENTAÇÃO DE NOVILHAS DE CORTE SUPLEMENTADAS A PASTO NO PERÍODO DAS ÁGUAS
Resumo Expandido - Graduação,"ELABORAÇÃO E CARACTERIZAÇÃO FÍSICO-QUÍMA DE BIOFILME COMESTÍVEL PARA CONSERVAÇÃO DE FRUTOS DE AMORA, A PARTIR DO RESÍDUO DA GOMA DE MANDIOCA VISANDO A GERAÇÃO DE RENDA PARA PRODUTORES"
Resumo Expandido - Graduação,AULAS PRÁTICAS NO ENSINO DE CIÊNCIAS: UM ESTUDO EM UMA ESCOLA PÚBLICA DE SALINAS/MG DURANTE A RESIDÊNCIA PEDAGÓGICA.
Resumo Expandido - Graduação,DIFERENTES ABORDAGENS NO ENSINO DA PROGRAMAÇÃO DE FORMA LÚDICA NO PROJETO RONDON - OPERAÇÃO MINAS GERAIS
Resumo Expandido - Graduação,IMPACTO DA ADUBAÇÃO NA PRODUTIVIDADE DO MILHO: UMA ANÁLISE USANDO IMAGENS DO SATÉLITE PLANETSCOPE
Resumo Expandido - Graduação,ESTUDO DE ANÁLISE TERMOGRÁFICA DOS MÓDULOS FOTOVOLTAICOS NA USINA DO IFNMG CAMPUS MONTES CLAROS
Resumo Expandido - Graduação,ENSAIO TERMOGRÁFICO DE MÓDULOS FOTOVOLTAICOS DO IFNMG – CAMPUS MONTES CLAROS
Resumo Expandido - Graduação,COMPORTAMENTO DA UMIDADE DO SOLO DETERMINADA PELO MÉTODO EXPEDITO DO ÁLCOOL E PELO MÉTODO PADRÃO DA ESTUFA
Resumo Expandido - Graduação,NOVILHOS NELORES CONFINADOS COM DIETA SEM VOLUMOSO
Resumo Expandido - Graduação,EXPLORANDO ALGORITMOS DE APRENDIZADO DE MÁQUINA PARA PREDIÇÃO DE MORTE POR DOENÇA DE CHAGAS
Resumo Expandido - Graduação,PASTO APÍCOLA: O QUE PODEMOS / DEVEMOS PLANTAR NO VALE DO JEQUITINHONHA?
Resumo Expandido - Graduação,AUTOMATIZAÇÃO NO CONTROLE DE QUALIDADE DO MEL: UMA REVISÃO SISTEMÁTICA DE LITERATURA
Resumo Expandido - Graduação,O AVANÇO DA SILVICULTURA NA BACIA HIDROGRÁFICA DO RIO ARAÇUAÍ E AS POSSÍVEIS CONSEQUÊNCIAS PARA GESTÃO DE RECURSOS HÍDRICOS
Resumo Expandido - Graduação,INFLUÊNCIA DO ESCORE DE CONDIÇÃO CORPORAL SOB A TAXA DE CONCEPÇÃO DE NOVILHAS NELORE SUBMETIDAS À IATF
Resumo Expandido - Graduação,INFLUÊNCIA DA TAXA DE POPULAÇÃO OCUPADA NO PIB PER CAPITA NOS MUNICÍPIOS QUE COMPÕEM A MESORREGIÃO DO NORTE DE MINAS GERAIS DE ACORDO COM O CENSO DEMOGRÁFICO 2020
Resumo Expandido - Graduação,"IMPORTÂNCIA DO USO DE AULAS PRÁTICAS COMO FERRAMENTA PEDAGÓGICA, ESTUDO DE CASO APLICADO AO ENSINO DO EFEITO TYNDALL AOS ALUNOS DO ENSINO MÉDIO NO IFNMG - SALINAS."
Resumo Expandido - Graduação,"ANÁLISE PARASITOLÓGICA DE CARNE MOÍDA, MORTADELA E APRESUNTADO FATIADO"
Resumo Expandido - Graduação,"DIMENSIONAMENTO E CARACTERIZAÇÃO DE HORTALIÇAS COMERCIALIZADAS NA FEIRA LIVRE DE JEQUITINHONHA, MG."
Resumo Expandido - Graduação,TEOR DE PROTEÍNA NO LEITE DE VACAS LEITEIRAS ALIMENTADAS COM FARELO DE PALMA FORRAGEIRA EM SUBSTITUIÇÃO AO MILHO GRÃO
Resumo Expandido - Graduação,"ENDOPARASITOS EM NOVILHAS DE CORTE DE UMA PROPRIEDADE NO MUNICÍPIO DE SALINAS, MINAS GERAIS"
Resumo Expandido - Graduação,DIAGNÓSTICO COPROPARASITOLÓGICO DE AVES ORNAMENTAIS MANTIDAS EM CRIATÓRIO PARTICULAR
Resumo Expandido - Graduação,"AVALIAÇÃO AGRONÔMICA DE PLANTAS DE GIRASSOL, CULTIVAR BRS323, EM FUNÇÃO DE DIFERENTES DOSES DE AGROSILÍCIO"
Resumo Expandido - Graduação,SUPLEMENTAÇÃO DE BOVINOS DE CORTE NA RECRIA À PASTO NO PERÍODO SECO
Resumo Expandido - Graduação,DESEMPENHO DE BOVINOS DE CORTE NA RECRIA À PASTO COM SUPLEMENTAÇÃO NO PERÍODO SECO
Resumo Expandido - Graduação,O USO DOS SIMULADORES VIRTUAIS PHET E TINKERCAD NO ENSINO DE FÍSICA
Resumo Expandido - Graduação,DESENVOLVIMENTO DE UM SPINNER DE BAIXO CUSTO PARA DEPOSIÇÃO DE FILMES POLIMÉRICOS
Resumo Expandido - Graduação,CARACTERIZAÇÃO E AVALIAÇÃO DE MOTORES DE INDUÇÃO TRIFÁSICOS: UMA ABORDAGEM BASEADA EM ENSAIOS E ALGORITMOS
Resumo Expandido - Graduação,CARACTERIZAÇÃO DE CURVAS I-V EM MÓDULOS FOTOVOLTAICOS: UM ESTUDO EM CONDIÇÕES ADVERSAS
Resumo Expandido - Graduação,MODELOS DE PREVISÃO PARA ENERGIA SOLAR FOTOVOLTAICA: UMA ANÁLISE COMPARATIVA
Resumo Expandido - Graduação,DETECÇÃO DE FALHAS EM SISTEMAS FOTOVOLTAICOS ATRAVÉS DO USO DE INTELIGÊNCIA ARTIFICIAL: UMA ANÁLISE BIBLIOGRÁFICA
Resumo Expandido - Graduação,COMPOSIÇÃO BROMATOLÓGICA DA LAVOURA DE MILHO PARA SILAGEM CULTIVADA NO NORTE DE MINAS GERAIS
Resumo Expandido - Graduação,SIMULAÇÃO DE FLUIDOS COM O MÉTODO SEM MALHA SMOOTHED PARTICLE HYDRODYNAMICS (SPH) COM O PYSPH
Resumo Expandido - Graduação,PRODUÇÃO DE MATÉRIA SECA DE HYMENAEA MARTIANA HAYNE SUBMETIDA A DOSES CRESCENTES DE FÓSFORO.
Resumo Expandido - Graduação,CONTA GOTAS SONORO
Resumo Expandido - Graduação,ANÁLISE DE QUALIDADE DE DA ÁGUA DAS NASCENTES DA CIDADE DE ALMENARA/MG
Resumo Expandido - Graduação,COMPORTAMENTO INGESTIVO DE NOVILHOS NELORES ALIMENTADOS COM DIETA SEM VOLUMOSO EM CONFINAMENTO
Resumo Expandido - Graduação,GANHO DE PESO EM CARCAÇA E CONVERSÃO ALIMENTAR DE NOVILHOS CONFINADOS COM DIETA SEM VOLUMOSO
Resumo Expandido - Graduação,RESIDÊNCIA PEDAGÓGICA EM BIOLOGIA: REFLEXÕES E CONTRIBUIÇÕES PARA A FORMAÇÃO DOCENTE
Resumo Expandido - Graduação,PESO HECTOLITRO E POROSIDADE DOS GRÃO DO FEIJÃO MUNGO VERDE ( VIGNA RADIATA – FABACEAE)
Resumo Expandido - Graduação,POROSIDADE E PESO DE MIL GRÃOS DE GIRASSOL ( HELLIANTHUS ANNUS L.)
Resumo Expandido - Graduação,NÚMERO DE VAGENS E PESO DE VAGENS DO FEIJÃO AZUKI EM DIFERENTES DENSIDADES DE PLANTAS
Resumo Expandido - Graduação,INFLUÊNCIA DE ESPAÇAMENTO E DENSIDADE DE PLANTIO NO RENDIMENTO DE MASSA SECA DE PARTE AÉREA E RAIZ EM VARIEDADE DE AMENDOIM CV. IAC OL3 CULTIVADO NO NORTE DE MINAS GERAIS
Resumo Expandido - Graduação,VIABILIDADE DE PORTA-ENXERTOS IAC 572 E IAC 766 NO DESENVOLVIMENTO DE VIDEIRAS NO NORTE DE MINAS GERAIS
Resumo Expandido - Graduação,FITOSSOCIOLOGIA DE PLANTAS DANINHAS EM CULTIVO DE FEIJÃO MUNGO VERDE (VIGNA RADIATA) NO SEMIÁRIDO DE MINAS GERAIS
Resumo Expandido - Graduação,PROJETO AO FUNDO DO MAR: EXPERIÊNCIAS DE EDUCAÇÃO AMBIENTAL SOBRE OS CORAIS DESENVOLVIDAS NO PIBID
Resumo Expandido - Graduação,RISCO DE OCORRÊNCIA DE INCÊNDIO EM UMA ÁREA FLORETAL DO IFNMG - CAMPUS SALINAS
Resumo Expandido - Graduação,DIAGNÓSTICO DA ARBORIZAÇÃO DO MUNICÍPIO DE NOVORIZONTE - MG
Resumo Expandido - Graduação,DOMA RACIONAL DE EQUINOS PARA DISCENTES DO GRUPO DE ESTUDOS DE EQUIDEOCULTURA E DEMAIS INTERESSADOS DO CURSO DE MEDICINA VETERINÁRIA
Resumo Expandido - Graduação,ENSINO DE FÍSICA ATRAVÉS DE UMA ABORDAGEM COM ENFOQUE EM CTS&A: UMA PROPOSTA PARA ESTUDO DE FÍSICA MODERNA NAS ESCOLAS DE ENSINO MÉDIO DO VALE DO JEQUITINHONHA E NORTE DE MINAS GERAIS
Resumo Expandido - Graduação,A IMPORTÂNCIA DAS METODOLOGIAS ATIVAS NO PROCESSO DE ENSINO E APRENDIZAGEM
Resumo Expandido - Graduação,DESAFIOS DA SALA DE AULA: PRIMEIRO CONTATO COM A FÍSICA POR MEIO DE EXPERIMENTOS
Resumo Expandido - Graduação,ATIVIDADE EXPERIMENTAL PARA O ENSINO DE CALORIMETRIA NA RESIDÊNCIA PEDAGÓGICA
Resumo Expandido - Graduação,PRODUÇÃO DE BRIQUETES DE CARVÃO A BASE DE CIGARROS
Resumo Expandido - Graduação,A AUXILIAR DE CLASSE E O APAGAMENTO DE SUA IDENTIDADE PROFISSIONAL NA EDUCAÇÃO INFANTIL
Resumo Expandido - Graduação,A FORMAÇÃO DO LEITOR LITERÁRIO E SUAS REVERBERAÇÕES NA REDAÇÃO DO ENEM
Resumo Expandido - Graduação,CENÁRIO E PERSPECTIVAS DE ALUNOS DO ENSINO MÉDIO EM UMA ESCOLA DO CAMPO NO MUNICÍPIO DE SALINAS-MG
Resumo Expandido - Graduação,ANÁLISE DA POROSIDADE DO FEIJÃO CARIOCA
Resumo Expandido - Graduação,MAPEAMENTO AUTOMÁTICO DE ÁREAS DE PRESERVAÇÃO PERMANENTE DAS MARGENS DE RIOS E NASCENTES NA SUB-BACIA 41
Resumo Expandido - Graduação,AS DIFICULDADES DE APRENDIZAGEM DA DISCIPLINA DE BIOLOGIA NO ENSINO MÉDIO
Resumo Expandido - Graduação,SISTEMA DE CONTROLE INTELIGENTE PARA OTIMIZAÇÃO NO USO DOS APARELHOS DE AR-CONDICIONADO NAS SALAS DE AULA DO IFNMG - CAMPUS AVANÇADO PORTEIRINHA
Resumo Expandido - Graduação,ANÁLISE DA EXPERIÊNCIA DOS VISITANTES DO 1º FESTIVAL DAS FLORES DE JANUÁRIA
Resumo Expandido - Graduação,INTERFERÊNCIA DO CAPIM PANICUM MAXIMUM CV. MOMBAÇA NA PRODUÇÃO DE MASSA SECA DE ESPÉCIES FLORESTAIS
Resumo Expandido - Graduação,A EDUCAÇÃO QUE LIBERTA: UM OLHAR SOBRE OS EXCLUIDOS
Resumo Expandido - Graduação,RESIDÊNCIA PEDAGÓGICA: REFLEXÕES SOBRE A GESTÃO E O AMBIENTE ESCOLAR
Resumo Expandido - Graduação,"QUALIDADE DA ÁGUA PARA FINS DE BALNEABILIDADE, EM UM TRECHO NA SUB-BACIA DO RIACHO DA CRUZ"
Resumo Expandido - Graduação,"ANÁLISE COPROPARASITOLÓGICA COMPARATIVA EM GALINHAS POEDEIRAS (GALLUS GALLUS DOMESTICUS LINNAEUS, 1758) SOB DIFERENTES SISTEMAS DE CRIAÇÃO"
Resumo Expandido - Graduação,DESENVOLVIMENTO DE FERRAMENTAS A PARTIR DO SOFTWARE EXCEL FUNDAMENTADAS NA MATEMÁTICA DO ENSINO MÉDIO
Resumo Expandido - Graduação,FACILITANDO O APRENDIZADO DE FÍSICA NO ENSINO MÉDIO ATRAVÉS DA UNIÃO ENTRE TEORIA E PRÁTICA: UM ESTUDO DE CASO NA PROPULSÃO DE FOGUETES
Resumo Expandido - Graduação,"FREQUÊNCIA DE PRECIPITAÇÃO PARA A CIDADE DE SALINAS, MINAS GERAIS"
Resumo Expandido - Graduação,ANÁLISE DA EFICIENCIA DO PLANTIO CONSORCIADO ENTRE AROEIRAVERMELHA (SCHINUS TEREBINTHIFOLIUS RADDI) E SANSÃO-DO-CAMPO (MIMOSA CAESALPINIAEFOLIA BENTH) NA ALOCAÇÃO DE CARBONO ORGÂNICO NO SOLO.
Resumo Expandido - Graduação,"UM ESTUDO HISTÓRICO, CONCEITUAL E TEÓRICO DO CAMPO DE HIGGS"
Resumo Expandido - Graduação,ANÁLISE DA ARBORIZAÇÃO URBANA DO BAIRRO LIBERDADE EM RUBELITA- MG
Resumo Expandido - Graduação,COMPOSIÇÃO GRAVIMÉTRICA E ESTIMATIVA DA GERAÇÃO PER CAPITA DOS RESÍDUOS SÓLIDOS DO REFEITÓRIO DO IFNMG - CAMPUS JANUÁRIA
Resumo Expandido - Graduação,"JOGO DIDÁTICO ""LUDO QUÍMICO"" COMO ESTRATÉGIA PARA O ENSINO DE QUÍMICA NO ENSINO MÉDIO"
Resumo Expandido - Graduação,PARÂMETROS GERMINATIVOS EM SEMENTES DE TACHIGALI SUBVELUTINA (BENTH) OLIVEIRA-FILHO UTILIZANDO SUBSTRATOS Á BASE DE RESÍDUOS ALTERNATIVOS
Resumo Expandido - Graduação,DESENVOLVIMENTO DE APLICATIVO MOBILE E SISTEMA DE GERENCIAMENTO WEB PARA INTEGRAÇÃO COM O PROTÓTIPO DE CONTROLE INTELIGENTE DE AR-CONDICIONADO NAS SALAS DE AULA DO IFNMG CAMPUS AVANÇADO PORTEIRINHA
Resumo Expandido - Graduação,RELATO DE EXPERIÊNCIA SOBRE A CONFECÇÃO DE UM SITE COMO FERRAMENTA PARA O ENSINO DE FÍSICA
Resumo Expandido - Graduação,PROGRAMA RESIDÊNCIA PEDAGÓGICA: UMA PONTE ENTRE TEORIA E PRÁTICA
Resumo Expandido - Graduação,UMA ABORDAGEM EXPERIMENTAL NO ENSINO DE FÍSICA
Resumo Expandido - Graduação,CARACTERIZAÇÃO FÍSICO-QUÍMICA DE GELEIA DE ABACAXI COM HORTELÃ ADICIONADA DE PECTINA DE GOIABA
Resumo Expandido - Graduação,AVALIAÇÃO DA CARNE MARMORIZADA ATRAVÉS DA APLICAÇÃO DE ENZIMA TRANSGLUTAMINASE (TGASE) EM LABORATÓRIO
Resumo Expandido - Graduação,PARÂMETROS MORFOLÓGICOS DAS MUDAS DE ENTEROLOBIUM CONTORTISILIQUUM (VELL.) MORONG PRODUZIDAS EM DIFERENTES SUBSTRATOS E NÍVEIS DE SOMBREAMENTO
Resumo Expandido - Graduação,PRÁTICAS DE PESQUISA NO PROCESSO DE APRENDIZAGEM DE INTERFACE HOMEM – COMPUTADOR: UMA ANÁLISE DO PORTAL INSTITUCIONAL DO IFNMG POR ESTUDANTES DO CAMPUS SALINAS
Resumo Expandido - Graduação,O USO DE CLADOGRAMA COMO METODOLOGIA PARA O ENSINO DE BOTÂNICA
Resumo Expandido - Graduação,"INFLUÊNCIA DO USO E COBERTURA DA TERRA E DA PRECIPITAÇÃO NOS PARÂMETROS DE VAZÃO DO RIO VACARIAS, MINAS GERAIS"
Resumo Expandido - Graduação,"MUDANÇAS NO USO E COBERTURA DA TERRA NA BACIA DO RIO PARDO, MINAS GERAIS"
Resumo Expandido - Graduação,COMPARAÇÃO DA PRECIPITAÇÃO ESTIMADA PELO PRODUTO CHIRPS COM DADOS OBSERVADOS
Resumo Expandido - Graduação,EXPLORANDO O POTENCIAL DE SEMINÁRIOS COMO FERRAMENTA DE APRENDIZAGEM EM BIOLOGIA NO ENSINO MÉDIO: UM RELATO DE EXPERIÊNCIA
Resumo Expandido - Graduação,AVALIAÇÃO DO TEOR DE MATÉRIA DO SECA DO BRS-CAPIAÇU PARA DETERMINAÇÃO DO MOMENTO DE CORTE PARA ENSILAGEM.
Resumo Expandido - Graduação,PAINEL ELETRÔNICO DE APOIO AO APRENDIZADO DE CÁLCULOS MATEMÁTICOS POR JOVENS COM DÉFICIT DE APRENDIZAGEM
Resumo Expandido - Graduação,A VISUALIZAÇÃO DE DADOS PARA MELHOR COMPREENSÃO DA DINÂMICA DO MERCADO DE TRABALHO EM INFORMÁTICA NA MICRORREGIÃO DE SALINAS-MG
Resumo Expandido - Graduação,PARTICIPAÇÃO DE MULHERES NO PROGRAMA DE AQUISIÇÃO DE ALIMENTOS (PAA) NO MUNICÍPIO DE MEDINA-MG
Resumo Expandido - Graduação,DETERMINAÇÃO DO TEOR DE ACIDEZ TOTAL TITULÁVEL EM AMOSTRA DE LIMÃO TAHITI
Resumo Expandido - Graduação,ANATOMIA E HISTOQUÍMICA DE LATICÍFEROS EM PECÍOLO DE JATROPHA GOSSYPIIFOLIA (EUPHORBIACEAE)
Resumo Expandido - Graduação,DUCTOS SECRETORES EM CAULE DE PLINIA CAULIFLORA (MYRTACEAE)
Resumo Expandido - Graduação,DETERMINAÇÃO DE PAR METROS FÍSICO-QUÍMICOS DE DIFERENTES SUCOS DE UVA COMERCIALIZADOS NO BAIXO JEQUITINHONHA-MG.
Resumo Expandido - Graduação,AVALIAÇÃO DO TEOR DE ACIDEZ EM SUCOS DE LARANJAS IN NATURA COMERCIALIZADAS NO BAIXO JEQUITINHONHA - MG
Resumo Expandido - Graduação,QUALIDADE FÍSICA DE CAMBISSOLOS SOB MANEJO CONSERVACIONISTA
Resumo Expandido - Graduação,ANÁLISE QUANTITATIVA DOS INSETOS QUE COMPÕEM O ACERVO DA COLEÇÃO ENTOMOLÓGICA DIDÁTICA
Resumo Expandido - Graduação,DESEMPENHO DA CULTIVAR BRS-CAPIAÇU SOB DIFERENTES IDADES DE CORTE
Resumo Expandido - Graduação,UMA ANÁLISE DA PRODUÇÃO DE TESES E DISSERTAÇÕES SOBRE MEDIDORES DE ÁGUA
Resumo Expandido - Graduação,APLICAÇÕES DE TÉCNICAS DE REGRESSÃO PARA O MONITORAMENTO DE CONDIÇÕES DE MÁQUINAS NO CONTEXTO INDUSTRIAL
Resumo Expandido - Graduação,CONSTRUINDO VÍNCULOS DURADOUROS: CARACTERÍSTICAS E VIABILIDADE DE UM PROGRAMA DE RELACIONAMENTO COM EGRESSOS DO ENSINO SUPERIOR NO IFNMG
Resumo Expandido - Graduação,INTEGRAÇÃO ENTRE O IFNMG E ESCOLAS PÚBLICAS PARA COMPETIÇÕES DE ROBÓTICA
Resumo Expandido - Graduação,A MIGRAÇÃO DE UM JOGO DIGITAL EDUCACIONAL DE PLATAFORMA PARA A VERSÃO WEB: O CASO DO INDISCIPLINA 2D
Resumo Expandido - Graduação,"UM ESTUDO SOBRE INUNDAÇÃO, ALAGAMENTO E ENCHENTE EM SALINAS/MG, NA PERSPECTIVA DA PEDAGOGIA HISTÓRICO CRÍTICA"
Resumo Expandido - Graduação,PRÁTICAS PEDAGÓGICAS E A ABORDAGEM ÉTNICO-RACIAL: UM ESTUDO COM PROFESSORAS DO ENSINO FUNDAMENTAL I
Resumo Expandido - Graduação,REVISÃO DOS CONCEITOS DE MÚLTIPLOS E DIVISORES DE NÚMEROS NATURAIS POR MEIO DA ABP (APRENDIZAGEM BASEADA EM PROBLEMAS)
Resumo Expandido - Graduação,ANÁLISE DA ADEQUAÇÃO DA ROTULAGEM DE CACHAÇAS COMERCIALIZADAS NO MUNICÍPIO DE SALINAS-MG
Resumo Expandido - Graduação,FOLÍCULO ANOVULATÓRIO HEMORRÁGICO PERSISTENTE EM ÉGUA- RELATO DE CASO
Resumo Expandido - Graduação,ANÁLISE DA PERDA DE CARGA EM TUBULAÇÕES DE DIFERENTES DIÂMETROS
Resumo Expandido - Graduação,PROPRIEDADES FÍSICAS DA SEMENTE DA MELANCIA
Resumo Expandido - Graduação,CIRCULARIDADE DE GRÃOS DE MILHO ADQUIRIDO NO COMÉRCIO DE JANUÁRIA
Resumo Expandido - Graduação,ESFERICIDADE DE GRÃOS DE MILHO ADQUIRIDO NO COMÉRCIO DE JANUÁRIA
Resumo Expandido - Graduação,PROTÓTIPO DE BAIXO CUSTO PARA AUTOMAÇÃO DE SISTEMAS DE IRRIGAÇÃO
Resumo Expandido - Graduação,A MILITARIZAÇÃO DAS ESCOLAS PÚBLICAS EM MINAS GERAIS: APROXIMAÇÕES INICIAIS
Resumo Expandido - Graduação,DETERMINAÇÃO DO ÂNGULO DE REPOUSO DO MILHO DENTADO COM TEOR DE ÁGUA EM 8%(B.U)
Resumo Expandido - Graduação,ANÁLISE DA POROSIDADE DO MILHO DENTADO COM TEOR DE ÁGUA EM 8%(B.U)
Resumo Expandido - Graduação,ANÁLISE DO PESO DE MIL GRÃOS DE MILHO
Resumo Expandido - Graduação,DETERMINAÇÃO DA VELOCIDADE DA INFILTRAÇÃO DE ÁGUA NO SOLO EM ÁREA EXPERIMENTAL DO IFNMG - CAMPUS JANUÁRIA
Resumo Expandido - Graduação,UVEÍTE RECORRENTE EQUINA- RELATO DE CASO
Resumo Expandido - Graduação,RELATO DE CASO: PROCEDIMENTO CIRURGICO REALIZADO EM UM CÃO ATENDIDO NO HOSPITAL VETERINÁRIO DO IFNMG CAMPUS SALINAS SUSPEITO DE HERMAFRODITISMO VERDADEIRO
Resumo Expandido - Graduação,INGESTÃO DE ÁGUA EM VACAS LEITEIRAS ALIMENTADAS COM FARELO DE PALMA FORRAGEIRA
Resumo Expandido - Graduação,CONSUMO DE PROTEINADOS DE BEZERRAS SUPLEMENTADAS A PASTO DURANTE O PERÍODO DE TRANSIÇÃO SECA/ÁGUAS
Resumo Expandido - Graduação,MELATONINA PARA USO CONTRACEPTIVO EM GATAS - REVISÃO DE LITERATURA
Resumo Expandido - Graduação,INFLUÊNCIA DA TOSQUIA NA QUALIDADE SEMINAL DE COELHOS (ORYCTOLAGUS CUNICULUS) REPRODUTORES
Resumo Expandido - Graduação,CASQUEAMENTO DE EQUINOS PARA DISCENTES DO GRUPO DE ESTUDOS DE EQUIDEOCULTURA E DEMAIS INTERESSADOS DO CURSO DE MEDICINA VETERINÁRIA
Resumo Expandido - Graduação,ANÁLISE DO TEOR DE FDN E FDA NA SILAGEM DE CANA-DE-AÇUCAR COM USO DE DIFERENTES INOCULANTES
Resumo Expandido - Graduação,VERTEDORES DE BASE LARGA: COMPARAÇÃO DE MÉTODOS DE ESTIMATIVA DE VAZÃO EM RIOS
Resumo Expandido - Graduação,DETERMINAÇÃO DA UMIDADE DE SOLO ARENOSO PELO MÉTODO DO FORNO ELÉTRICO
Resumo Expandido - Graduação,HERMAFRODITISMO VERDADEIRO EM CÃO DA RAÇA PINSCHER: RELATO DE CASO
Resumo Expandido - Graduação,VERIFICAÇÃO DA PRESENÇA DE TRIHALOMETANOS EM ÁGUAS DE ABASTECIMENTO E RECREAÇÃO DA REGIÃO DE MONTES CLAROS
Resumo Expandido - Graduação,CONTRIBUIÇÕES DO PIBID PARA A FORMAÇÃO DOCENTE DE LICENCIANDOS DO IFNMG CAMPUS JANUÁRIA
Resumo Expandido - Graduação,CONSCIENTIZAÇÃO AMBIENTAL ATRAVÉS DA FEIRA DE CIÊNCIAS EM UMA ESCOLA DE JANUÁRIA-MG
Resumo Expandido - Graduação,AVALIAÇÃO DA DENSIDADE BÁSICA DA MADEIRA DE MOGNO AFRICANO
Resumo Expandido - Graduação,PESO DE CARCAÇA DE NOVILHOS ALIMENTADOS COM DIETA SEM VOLUMOSO
Resumo Expandido - Graduação,VISITA TÉCNICA AO HORTO FLORESTAL DA FUNDAÇÃO CAIO MARTINS
Resumo Expandido - Graduação,EXPLORANDO O MUNDO MICROBIANO: UMA AULA PRATICA EM SALA DE AULA
Resumo Expandido - Graduação,PRODUTIVIDADE E QUALIDADE DE LAVOURA DE MILHO EM SISTEMA IRRIGADO
Resumo Expandido - Graduação,SUPLEMENTAÇÃO DE ALTO CONSUMO PARA NOVILHOS EM PASTAGEM DE CAPIM MASSAÍ
Resumo Expandido - Graduação,SUPLEMENTAÇÃO DE BOVINOS DE CORTE NA RECRIA À PASTO NO PERÍODO SECO
Resumo Expandido - Graduação,DESEMPENHO DE NOVILHOS ALIMENTADOS COM DIETA SEM VOLUMOSO
Resumo Expandido - Graduação,RENDIMENTO DE CARCAÇA DE NOVILHOS NELORES CONFINADOS ALIMENTADOS COM DIETA SEM VOLUMOSO
Resumo Expandido - Graduação,PESO DA CARCAÇA DE NOVILHOS NELORES CONFINADOS ALIMENTADOS COM DIETA SEM VOLUMOSO
Resumo Expandido - Graduação,DESEMPENHO DE NOVILHOS NELORES CONFINADOS ALIMENTADOS COM DIETA SEM VOLUMOSO
Resumo Expandido - Graduação,DESEMPENHO PRODUTIVO DO MILHO HÍBRIDO LG 36799®
Resumo Expandido - Graduação,INFLUÊNCIA DO TAMANHO DO CAPÍTULO EM RELAÇÃO AO DESEMPENHO PRODUTIVO GENÓTIPOS DE GIRASSOL CULTIVADOS NO NORTE DE MINAS GERAIS SAFRA 2022/2023
Resumo Expandido - Graduação,GENÓTIPOS DE GIRASSOL: INFLUÊNCIA DE ALTURA DE PLANTAS E DIÂMETRO DO CAULE NA CONTAGEM DE PLANTAS ACAMADAS E QUEBRADAS EM STAND FINAL
Resumo Expandido - Graduação,"CORRELAÇÃO ENTRE VARIÁVEIS DE GENÓTIPOS DE GIRASSOL, CULTIVADOS NO NORTE DE MINAS GERAIS SAFRA 2022"
Resumo Expandido - Graduação,ENSINO DE FÍSICA POR INVESTIGAÇÃO: PROMOVENDO A COMPREENSÃO ATIVA EM FÍSICA ATRAVÉS DE ATIVIDADES PRÁTICAS NO MBITO DO PROGRAMA PIBID.
Resumo Expandido - Graduação,TRILHANDO O CAMINHO DA EDUCAÇÃO: REFLEXÕES PESSOAIS SOBRE MINHAS VIVÊNCIAS NO PIBID DE FÍSICA
Resumo Expandido - Graduação,"IMPACTO DA PRESENÇA DE UMA GRANDE EMPRESA DO SETOR SUPERMERCADISTA NOS PREÇOS LOCAIS DO MUNICÍPIO DE JANUÁRIA MG, NO PERÍODO DE 2022 A 2023: UMA ANÁLISE DE CORRELAÇÃO"
Resumo Expandido - Graduação,CUIDAR-EDUCAR: A PERCEPÇÃO DOS PROFESSORES EM RELAÇÃO À AFETIVIDADE NA EDUCAÇÃO INFANTIL.
Resumo Expandido - Graduação,NODULAÇÃO DE RAÍZES DE AMENDOIM CV. IAC OL3 (ARACHIS HYPOGAEA L.) PRODUZIDOS EM SEQUEIRO EM DUAS DENSIDADES ENTRE PLANTAS EM JANUÁRIA- MG
Resumo Expandido - Graduação,CORRELAÇÃO ENTRE VARIÁVEIS DE AMENDOIM CV. IAC OL3 (ARACHIS HYPOGAEA L.) CULTIVADO EM JANUÁRIA- MG SAFRA 2021/2022
Resumo Expandido - Graduação,DESENVOLVENDO HABILIDADES DE COMUNICAÇÃO EM SALA DE AULA: LIÇÕES DA RESIDÊNCIA PEDAGÓGICA
Resumo Expandido - Graduação,DESENVOLVIMENTO E CALIBRAÇÃO DE UM SENSOR CAPACITIVO PARA DETERMINAR UMIDADE DE GRÃOS DE MILHO
Resumo Expandido - Graduação,DISTRIBUIÇÃO ESPACIAL DA LÂMINA DE IRRIGAÇÃO EM UM SISTEMA DE ASPERSÃO CONVENCIONAL
Resumo Expandido - Graduação,MODELAGEM MATEMÁTICA DE UM PÊNDULO SIMPLES UTILIZANDO EQUAÇÕES DIFERENCIAIS
Resumo Expandido - Graduação,A UTILIZAÇÃO DO SIMULADOR PHET COMO FERRAMENTA DE APRENDIZAGEM ATIVA NO ENSINO DE FÍSICA
Resumo Expandido - Graduação,“QUEM EU SOU?” COMO ESTRATÉGIA DIDÁTICA PARA O ENSINO DE BOTÂNICA E ZOOLOGIA
Resumo Expandido - Graduação,ENRIQUECIMENTO MINERAL DE PLANTAS DE ORAPRONÓBIS (PERESKIA ACULEATA MILLER) CULTIVADAS EM VASOS COM DISTINTAS DOSES E FONTES DE FERRO
Resumo Expandido - Graduação,"CRESCIMENTO DE FEIJÃO-CAUPI EM RESPOSTA À APLICAÇÃO DE COBALTO, MOLIBDÊNIO, NITROGÊNIO, FÓSFORO E POTÁSSIO E À INOCULAÇÃO DE BRADYRHIZOBIUM PACHYRHIZI E GLOMUS FORMOSANUM."
Resumo Expandido - Graduação,ANÁLISE FITOQUÍMICA DOS EXTRATOS FOLIARES DA MORINGA (MORINGA OLEÍFERA)
Resumo Expandido - Graduação,DETERMINAÇÃO DO NGULO DE REPOUSO DE GRÃOS DE FEIJÃO AZUKI (VIGNA ANGULARIS) SELECIONADOS EM DIFERENTES PENEIRAS.
Resumo Expandido - Graduação,DATA DE FLORAÇÃO INICIAL DE GENÓTIPOS DE GIRASSOL CULTIVADOS NO NORTE DE MINAS GERAIS SAFRA 2022/2023
Resumo Expandido - Graduação,UTILIZAÇÃO DO SOFTWARE MATHEMATICS PARA O ENSINO DE FUNÇÃO POLINOMIAL DE GRAU UM
Resumo Expandido - Graduação,CONTAGEM DE BACTÉRIAS ÁCIDO-LÁTICAS PRESENTES NO LEITE DE PRODUTORES DO REQUEIJÃO MORENO
Resumo Expandido - Graduação,CARACTERIZAÇÃO DO POTENCIAL ANTIOXIDANTE E COMPOSTOS FENÓLICOS DOS RESÍDUOS DE FRUTAS TROPICAIS
Resumo Expandido - Graduação,"""APRENDENDO BRINCANDO: JOGO 'QUE FUNÇÃO SOU EU?' E A EXPLORAÇÃO DAS FUNÇÕES ORGÂNICAS"""
Resumo Expandido - Graduação,APLICAÇÃO DE UMA SEQUÊNCIA DIDÁTICA PARA O ENSINO DE SOLUÇÕES UTILIZANDO RÓTULOS DE PRODUTOS COMERCIAIS NA DISCIPLINA DE QUÍMICA NO IFNMG - CAMPUS SALINAS
Resumo Expandido - Graduação,ANSIEDADE E DEPRESSÃO NA APRENDIZAGEM DOS ADOLESCENTES NO RETORNO AS AULAS PRESENCIAIS
Resumo Expandido - Graduação,EDUCAÇÃO AMBIENTAL NA FORMAÇÃO DE PROFESSORES DE QUÍMICA PELO IFNMG CAMPUS SALINAS: UMA ANÁLISE DOS PROJETOS PEDAGÓGICOS DO CURSO
Resumo Expandido - Graduação,O USO DE EXPERIMENTAÇÃO NO PROCESSO DE ENSINO APRENDIZAGEM DE QUÍMICA
Resumo Expandido - Graduação,"ELETROQUÍMICA E MEIO AMBIENTE: CONSCIENTIZAÇÃO DO DESCARTE ADEQUADO DE PILHAS, BATERIAS E LIXO ELETROELETRÔNICO NO ENSINO MÉDIO"
Resumo Expandido - Graduação,ANÁLISE FÍSICO-QUÍMICA DA ÁGUA DO RIO SALINAS
Resumo Expandido - Graduação,SAÚDE MENTAL DO IDOSO: PERSPECTIVAS BIOPSICOSSOCIAIS PÓS INSTITUCIONALIZAÇÃO
Resumo Expandido - Graduação,PARÂMETROS MORFOLÓGICOS EM MUDAS DE AMBURANA CEARENSES A. C. SMITH PRODUZIDAS SOB DIFERENTES SUBSTRATOS E DENSIDADES NA BANDEJA
Resumo Expandido - Graduação,MINERAÇÃO DE REGRAS DE ASSOCIAÇÃO PARA DESCOBERTA DE PADRÕES FREQUENTES EM DOENÇA DE CHAGAS
Resumo Expandido - Graduação,VIVENCIANDO A DOCÊNCIA NA EDUCAÇÃO INFANTIL: PRIMEIRAS EXPERIÊNCIAS NO PROGRAMA RESIDÊNCIA PEDAGÓGICA
Resumo Expandido - Graduação,PROCESSO DE APRENDIZAGEM NA ADOLESCÊNCIA
Resumo Expandido - Graduação,INVESTIGAÇÃO DE BACTÉRIAS TOTAIS EM SUPERFÍCIES EM CONTATO COM PRODUTOS DE ORIGEM ANIMAL
Resumo Expandido - Graduação,AVALIAÇÃO DO TIPO DE LIGAÇÃO DE BATERIAS EM SISTEMAS SOLARES FOTOVOLTAICOS OFF-GRID
Resumo Expandido - Graduação,"APRENDIZAGENS E VIVÊNCIAS- VISITA TÉCNICA A CIDADE HISTÓRICA DO BRASIL, DIAMANTINA"
Resumo Expandido - Graduação,DIFERENTES MÉTODOS DE QUEBRA DE DORMÊNCIA EM SEMENTES DE PEQUIZEIRO
Resumo Expandido - Graduação,MINERAÇÃO DE DADOS NA PRODUÇÃO DO QUEIJO MINAS ARTESANAL
Resumo Expandido - Graduação,MONITORIA INCLUSIVA: CONSIDERAÇÕES SOBRE O AUXÍLIO AOS ALUNOS ATENDIDOS PELO NAPNE – CAMPUS SALINAS
Resumo Expandido - Graduação,"ENERGIA RENOVÁVEL, UMA ABORDAGEM DIDÁTICA PARA A COMUNIDADE ESCOLAR"
Resumo Expandido - Graduação,CRESCIMENTO DE FILMES DE POLIANILINA SOBRE VIDRO PARA DESENVOLVIMENTO DE DISPOSITIVOS
Resumo Expandido - Graduação,GERMINAÇÃO DE SEMENTE DE CAPIM CARRAPICHO COM CARIOPSE (CENCHRUS ECHINATUS LINNEAUS) EM FUNÇÃO DO TRATAMENTO COM EXTRATO AQUOSO DE ALGODÃO DE SEDA (CALOTROPIS PROCERA AITON)
Resumo Expandido - Graduação,DESENVOLVIMENTO DO PENSAMENTO COMPUTACIONAL NOS ANOS FINAIS DO ENSINO FUNDAMENTAL
Resumo Expandido - Graduação,ECONOMIA CIRCULAR E DESENVOLVIMENTO DE BLOQUETES SUSTENTÁVEIS
Resumo Expandido - Graduação,TRADIÇÃO E APRENDIZADO: UMA JORNADA EDUCATIVA PELAS BRINCADEIRAS DE OUTRORA NA EDUCAÇÃO INFANTIL
Resumo Expandido - Graduação,INTERVENÇÃO PEDAGÓGICA: ANÁLISE DE UMA PRÁTICA DO PIBID - SUBPROJETO PEDAGOGIA /CAMPUS SALINAS
Resumo Expandido - Graduação,UM SISTEMA DE AVALIAÇÕES DIAGNÓSTICAS COMO FERRAMENTA PARA RECUPERAÇÃO DE APRENDIZAGENS
Resumo Expandido - Graduação,IDENTIFICAÇÃO ESPACIAL DE ÁREAS PROPÍCIAS PARA CULTIVO DE BATATA DOCE NA MACRORREGIÃO DE VALE DO JEQUITINHONHA-MG
Resumo Expandido - Graduação,O ENSINO DE GEOGRAFIA NAS SÉRIES INICIAIS: O COTIDIANO DE SALINAS-MG
Resumo Expandido - Graduação,O USO DE JOGOS PEDAGÓGICOS: VIVÊNCIA EM UMA TURMA DO ENSINO MÉDIO DE UMA ESCOLA PÚBLICA NA CIDADE DE SALINAS-MG
Resumo Expandido - Graduação,A IMPORTÂNCIA DA MUSICALIZAÇÃO NOS ANOS INICIAIS DO ENSINO FUNDAMENTAL: EXPERIÊNCIA VIVENCIADA NO PROGRAMA RESIDÊNCIA PEDAGÓGICA
Resumo Expandido - Graduação,AVALIAÇÃO DE ESTUDO DIRIGIDO COMO FERRAMENTA DE APRENDIZAGEM DO CONTEÚDO ‘REINO PROTISTA’ EM TURMAS DO 2º ANO TÉCNICO EM AGROPECUÁRIA DO IFNMG CAMPUS JANUÁRIA
Resumo Expandido - Graduação,OBSERVAÇÃO DE EVENTOS ASTRONÔMICOS NO CÉU DE JANUÁRIA-MG
Resumo Expandido - Graduação,CORTE EM MOTOR DE COMBUSTÃO PARA ESTUDO DE FUNCIONAMENTO E FINS DIDÁTICOS .
Resumo Expandido - Graduação,ESTUDO DE CASO: O FUNCIONAMENTO DA GESTÃO E DA ORGANIZAÇÃO PEDAGÓGICA E ADMINISTRATIVA DA EJA EM UMA INSTITUIÇÃO DE ENSINO EM SALINAS-MG
Resumo Expandido - Graduação,GANHO COMPENSATÓRIO EM NOVILHAS DE CORTE SUPLEMENTADAS A PASTO NO PERÍODO DAS ÁGUAS
Resumo Expandido - Graduação,UM PANORAMA DA EVASÃO NO CURSO DE LICENCIATURA EM CIÊNCIAS BIOLÓGICAS DO IFNMG/CAMPUS JANUÁRIA
Resumo Expandido - Graduação,INFLUÊNCIA DO AMBIENTE E PROFUNDIDADE DE SEMEADURA NA EMERGÊNCIA DE PLÂNTULAS DE TACHIGALI SUBVELUTINA (BENTH) OLIVEIRA-FILHO
Resumo Expandido - Graduação,PARÂMETROS MORFOLÓGICOS DE MUDAS DE CANAFÍSTULA SOB DIFERENTES DENSIDADES NA BANDEJA E DOSES DE ADUBO DE LIBERAÇÃO LENTA
Resumo Expandido - Graduação,PRODUÇÃO DE MASSA SECA DE ESPÉCIES FLORESTAIS EM PLANTIO ISOLADO OU EM MATOCOMPETIÇÃO COM O CAPIM BUFFEL CENCHRUS CILIARIS L.
Resumo Expandido - Graduação,INTELIGÊNCIA ARTIFICIAL APLICADA NA EXPLORAÇÃO DE CONCEITOS MATEMÁTICOS E RESOLUÇÃO DE PROBLEMAS LÓGICOS
Resumo Expandido - Graduação,ÍNDICE DE ESTRESSE HÍDRICO DA CULTURA DO GIRASSOL
Resumo Expandido - Graduação,SÍNTESE DE NANOESTRUTURAS DE ÓXIDO DE ANTIMÔNIO VIA COMBUSTÃO AUTO SUSTENTADA
Resumo Expandido - Graduação,ACESSO ÀS TECNOLOGIAS DIGITAIS: O CAOS PERSISTE NAS ESCOLAS DO CAMPO
Resumo Expandido - Graduação,A INSERÇÃO DE JOGOS PARA O ENSINO DA MATEMÁTICA NA EDUCAÇÃO INFANTIL
Resumo Expandido - Graduação,APOIO À TOMADA DE DECISÃO EM PROJETOS SOCIAIS
Resumo Expandido - Graduação,PRODUÇÃO DE MASSA SECA DA PELTOPHORUM DUBIUM (SPRENGEL) TAUBERT) SOB A INTERFERÊNCIA DA BRACHIARIA DECUMBENS E PANICUM MAXIMUM
Resumo Expandido - Graduação,ESPÉCIES DE MOSCAS-DAS-FRUTAS E SUAS RELAÇÕES TRÓFICAS NA MACRORREGIÃO DE JANUÁRIA MINAS GERAIS
Resumo Expandido - Graduação,ANÁLISE DE EXPERIMENTO DE BAIXO CUSTO PARA O ENSINO DE PROCESSOS DE TRANSFERÊNCIA DE CALOR.
Resumo Expandido - Graduação,O LÚDICO NO PROCESSO ENSINO-APRENDIZAGEM NA EDUCAÇÃO INFANTIL: ESTUDO DE CASO NO IFNMG- CAMPUS SALINAS
Resumo Expandido - Graduação,IMPACTO DOS PROCESSOS DE CONGELAMENTO E DESCONGELAMENTO NA SEGURANÇA MICROBIOLÓGICA DA CARNE MOÍDA
Resumo Expandido - Graduação,PRÁTICAS DE ENSINO DA EDUCAÇÃO INFANTIL: UMA ANÁLISE DAS INTERAÇÕES SOCIAIS COMO FERRAMENTA PEDAGÓGICA COMPLEMENTAR PARA O ENSINO-APRENDIZAGEM DE INTERPRETAÇÃO DE TEXTOS E IMAGENS.
Resumo Expandido - Graduação,INVESTIGAÇÃO DE MÉTODOS ALTERNATIVOS PARA AVALIAÇÃO DA DEGRADAÇÃO INDUZIDA POR POTENCIAL EM MÓDULOS FOTOVOLTAICOS
Resumo Expandido - Graduação,"INFLUÊNCIA DA MATÉRIA ORGÂNICA, PH E ARGILA NA CAPACIDADE DE TROCA CATIÔNICA DO SOLO"
Resumo Expandido - Graduação,A UTILIZAÇÃO DA MÚSICA NO PROCESSO DE ALFABETIZAÇÃO E LETRAMENTO
Resumo Expandido - Graduação,DIFICULDADES ENFRENTADAS POR ALUNOS DO CAMPO DURANTE A PANDEMIA DA COVID-19
Resumo Expandido - Graduação,AVALIAÇÃO DO CONSUMO EM BEZERRAS DE CORTE SUPLEMENTADAS A PASTO NO PERÍODO DAS ÁGUAS
Resumo Expandido - Graduação,"INFLUENCIA DA TEMPERATURA NA REPRODUÇÃO DE ZABROTES SUBFASCIATUS (COLEOPTERA: BRUCHIDAE), CRIADO EM VIGNA RADIATA (FABACEAE)"
Resumo Expandido - Graduação,CONTRIBUIÇÕES E AVANÇOS DO MONITORAMENTO DOS PIBIDIANOS NAS SÉRIES INICIAIS DO ENSINO FUNDAMENTAL
Resumo Expandido - Graduação,"DA TEORIA À PRÁTICA, MINHA EXPERIÊNCIA NA RESIDÊNCIA PEDAGÓGICA"
Resumo Expandido - Graduação,AULAS-PASSEIO: CONTRIBUIÇÕES PARA A CONSTRUÇÃO DA APRENDIZAGEM
Resumo Expandido - Graduação,CONCRETO VIRADO EM OBRA – IDENTIFICAÇÃO DOS TRAÇOS MAIS UTILIZADOS NO MUNICÍPIO DE PIRAPORA/MG
Resumo Expandido - Graduação,PANORAMA DO DESEMPENHO DOS DISCENTES DOS 2º ANOS DO CURSO TÉCNICO EM AGROPECUÁRIA DO IFNMG - CAMPUS JANUÁRIA NO ENSINO REMOTO E PRESENCIAL
Resumo Expandido - Graduação,O ESTUDO DA HISTÓRIA DA CLASSIFICAÇÃO BIOLÓGICA DOS SERES VIVOS COMO UM EXEMPLO DE SALA DE AULA INVERTIDA NO ENSINO MÉDIO
Resumo Expandido - Graduação,ANÁLISE CRÍTICA DO PNLD 2021 E AS NOVAS COLEÇÕES DOS LIVROS DIDÁTICOS DE FÍSICA.
Resumo Expandido - Graduação,PERCEPÇÕES DOS ALUNOS DA E.E. PROFESSOR CLAUDEMIRO ALVES FERREIRA SOBRE AS ATIVIDADES DESENVOLVIDAS PELO PIBID DE MATEMÁTICA
Resumo Expandido - Graduação,EFEITO DAS MUDANÇAS CLIMÁTICAS NO NORTE DE MINAS GERAIS UTILIZANDO O MODELO FIO-ESM-2-0
Resumo Expandido - Graduação,EFEITO DAS MUDANÇAS CLIMÁTICAS NO BALANÇO HIDRÍCO DO NORTE DE MINAS GERAIS
Resumo Expandido - Graduação,AÇÕES PARA PERMANÊNCIA E ÊXITO DO PÚBLICO FEMININO NOS CURSOS DE TECNOLOGIA DA INFORMAÇÃO E COMUNICAÇÃO NO INSTITUTO FEDERAL DO NORTE DE MINAS GERAIS - CAMPUS JANUÁRIA
Resumo Expandido - Graduação,ANÁLISE DE QUALIDADE DE SOFTWARE: UM ESTUDO DE CASO COM O MÓDULO DE GESTÃO DE ESTÁGIOS DO IFNMG
Resumo Expandido - Graduação,ANÁLISE DO DESEMPENHO DOS DISCENTES DOS 2º ANOS DO CURSO TÉCNICO EM AGROPECUÁRIA DO IFNMG CAMPUS JANUÁRIA FRENTE AO CONTEÚDO REINO FUNGI
Resumo Expandido - Graduação,O PAPEL CRUCIAL DAS ABORDAGENS ATIVAS NO CONTEXTO DO ENSINO E APRENDIZAGEM
Resumo Expandido - Graduação,CHAMA DE COMBUSTÃO SOB FORTE CAMPO ELÉTRICO – CONSTRUÇÃO DE UMA UNIDADE DE ENSINO SIMPLES E POTENCIALMENTE SIGNIFICATIVA
Resumo Expandido - Graduação,CONTRIBUIÇÕES DO SEMINÁRIO COMO FACILITADOR DO PROCESSO DE ENSINO APRENDIZAGEM DE ESTUDANTES DO 3° ANO DO ENSINO MÉDIO
Resumo Expandido - Graduação,MEDIÇÃO DE UMIDADE COM PROTÓTIPO DE DATALOGGER ARDUINO APLICADA AO MONITORAMENTO DE ÁGUA NO SOLO.
Resumo Expandido - Graduação,"ALTURA E PESO DE CEM GRÃOS DO DO FEIJÃO MUNGO VERDE (VIGNA RADIATA – FABACEAE) CONSORCIADO COM MILHO CRIOULO, EM DIFERENTES DENSIDADES DE PLANTAS"
Resumo Expandido - Graduação,"ALTURA E PESO DE CEM GRÃOS DO FEIJÃO MUNGO VERDE (VIGNA RADIATA – FABACEAE) CONSORCIADO COM MILHO CRIOULO, EM DIFERENTES DENSIDADES DE PLANTAS"
Resumo Expandido - Graduação,EFICÁCIA DO REVESTIMENTO A BASE DE QUITOSANA NO CONTROLE DE PATÓGENOS PÓS-COLHEITA DE MORANGO
Resumo Expandido - Graduação,CONSERVAÇÃO DE TOMATE CEREJA COM UTILIZAÇÃO DE BIOFILMES INCORPORANDO ÓLEO ESSENCIAL DE ALECRIM
Resumo Expandido - Graduação,DESENVOLVIMENTO DE SOFTWARE PARA REGISTRO DE ESPÉCIES DA FAUNA E FLORA DO PARQUE ESTADUAL SERRA NOVA E TALHADO
Resumo Expandido - Graduação,POTENCIAL GERMINATIVO DA ESPÉCIE ACACIA POLYPHYLLA DC (ESPINHEIRO PRETO)
Resumo Expandido - Graduação,RISCO DE INCÊNDIO FLORESTAL: ESTUDO EM UMA ÁREA DO IFNMG - CAMPUS SALINAS
Resumo Expandido - Graduação,A AVALIAÇÃO NA EDUCAÇÃO INFANTIL: O DITO E O FEITO
Resumo Expandido - Graduação,RESIDÊNCIA PEDAGÓGICA: AS LACUNAS NO PROCESSO DE ALFABETIZAÇÃO E LETRAMENTO EM UMA TURMA DO 4° ANO DO FUNDAMENTAL I
Resumo Expandido - Graduação,RECONFIGURAÇÃO DE DISPOSITIVOS IPTV ILEGAIS: A CONVERSÃO EM MINICOMPUTADORES PARA DESTINAÇÃO SUSTENTÁVEL
Resumo Expandido - Graduação,MONITORAMENTO DO SARS-COV-2 EM ÁGUAS RESIDUÁRIAS DO MUNICÍPIO DE SALINAS-MINAS GERAIS
Resumo Expandido - Graduação,CARACTERIZAÇÃO REGIONAL DA AMÊNDOA DO BARU NO NOROESTE DE MINAS GERAIS
Resumo Expandido - Graduação,PROGRAMA DE QUALIDADE MICROBIOLÓGICA DO LEITE
Resumo Expandido - Graduação,BLEND DE ÓLEO ESSENCIAL DE COENTRO (CORIANDRUM SATIVUM) E ORÉGANO (ORIGANUM VULGARE) POTENCIALIZANDO O EFEITO ANTIMICROBIANO DA CARNE BOVINA IN NATURA.
Resumo Expandido - Graduação,"DESEMPENHO AGRONÔMICO DE CULTIVARES DE FEIJÃO-CAUPI NO SEMIÁRIDO DE JANUÁRIA, NORTE DE MINAS GERAIS"
Resumo Expandido - Graduação,"ÍNDICE DE GRÃOS E PRODUTIVIDADE DE CULTIVARES DE FEIJÃO-CAUPI NO SEMIÁRIDO DE JANUÁRIA, MINAS GERAIS"
Resumo Expandido - Graduação,A IMPORTÂNCIA DE AULAS PRÁTICAS DE BIOLOGIA PARA O PROCESSO DE ENSINO APRENDIZAGEM
Resumo Expandido - Graduação,DESENVOLVIMENTO E PRODUTIVIDADE DO AÇAFRÃO (CURCUMA LONGA LINN) CULTIVADO A PARTIR DE DIFERENTES MASSAS DE RIZOMAS
Resumo Expandido - Graduação,ESTUDO DAS CONDIÇÕES HIGIÊNICO-SANITÁRIAS DA MANIPUEIRA OBTIDA NAS FECULARIAS DO MUNICÍPIO DE RIO PARDO DE MINAS
Resumo Expandido - Graduação,UTILIZAÇÃO DO GOOGLE STREET VIEW COMO ALTERNATIVA REMOTA PARA A REALIZAÇÃO DE INVENTÁRIO FLORESTAL URBANO
Resumo Expandido - Graduação,ARBORIZAÇÃO URBANA: PERCEPÇÃO DA POPULAÇÃO URUCUIANA
Resumo Expandido - Graduação,"COMPORTAMENTO DE SITOPHILUS ZEAMAIS MOTSCH., 1855 (COLEOPTERA: CURCULIONIDAE) EXPOSTO A CIANTRANILIPROLE (BENEVIA®)"
Resumo Expandido - Graduação,O NOVO ENSINO MÉDIO INTEGRAL: IMPACTOS NA DINÂMICA DO PROCESSO DE ENSINO E APRENDIZAGEM
Resumo Expandido - Graduação,INFECÇÕES SEXUALMENTE TRANSMISSÍVEIS E SUA ABORDAGEM NO MEIO ESCOLAR.
Resumo Expandido - Graduação,AVALIAÇÃO DA UTILIZAÇÃO DE AGREGADO MIÚDO DE VIDRO NA PRODUÇÃO DE PAVIMENTOS INTERTRAVADOS DE CONCRETO
Resumo Expandido - Graduação,COMPORTAMENTO INGESTIVO DE NOVILHOS ALIMENTADOS COM DIETA SEM VOLUMOSO EM CONFINAMENTO
Resumo Expandido - Graduação,"EFEITOS DO CIANTRANILIPROLE NO PREDADOR NÃO-ALVO, PODISUS NIGRISPINUS (DALLAS, 1851) (HEMIPTERA: PENTATOMIDAE)"
Resumo Expandido - Graduação,MONITORAMENTO DE HORTAS UTILIZANDO ARDUINO E MÓDULO XBEE: IMPLEMENTAÇÃO DE REDE DE SENSORES SEM FIO COM PROTOCOLO ZIGBEE
Resumo Expandido - Graduação,SER PROFESSOR: AS RELAÇÕES ÉTNICO-RACIAIS NAS PRÁTICAS DE UM GRUPO DE DOCENTES DA CIDADE DE SALINAS/MG
Resumo Expandido - Graduação,A TECNOLOGIA DA INFORMAÇÃO COMO FERRAMENTA DE APOIO NA CONSCIENTIZAÇÃO DE INCÊNDIOS FLORESTAIS
Resumo Expandido - Graduação,RESISTÊNCIA DE GENÓTIPOS DE MUNGO-VERDE AO CARUNCHO-DO-FEIJÃO (ZABROTES SUBFASCIATUS).
Resumo Expandido - Graduação,QUALIDADE DE CÁPSULAS MAGISTRAIS DE BIOTINA COMERCIALIZADAS NA CIDADE DE MONTES CLAROS - MG
Resumo Expandido - Graduação,"ABSORÇÃO DE MACRONUTRIENTES NA CULTURA DO FEIJÃO CAUPI (VIGNA UNGUICULATA – FABACEAE), CULTIVODO NO SEMIÁRIDO DE JANUÁRIA, MINAS GERAIS."
Resumo Expandido - Graduação,O DESENVOLVIMENTO DAS OPERAÇÕES LÓGICAS SOB A ÓTICA DA EPISTEMOLOGIA DE JEAN PIAGET
Resumo Expandido - Graduação,CONTAGEM DE BACTÉRIAS ÁCIDO-LÁTICAS PRESENTES NO REQUEIJÃO MORENO
Resumo Expandido - Graduação,ATUAÇÃO DO NEEM INDIANO EM ABELHAS APIS MELLIFERA: UMA ANÁLISE BIOINFORMÁTICA
Resumo Expandido - Graduação,PLANTAS NO CONTROLE ALTERNATIVO DE AEDES AEGYPTI
Resumo Expandido - Graduação,ESTUDO DE SINAIS COM AUXÍLIO DAS SÉRIES DE FOURIER E APLICAÇÃO DA TRANSFORMADA DE LAPLACE PARA DIMENSIONAR FILTROS PASSIVOS
Resumo Expandido - Graduação,A IMPORTÂNCIA DAS BRINCADEIRAS ANTIGAS NA EDUCAÇÃO INFANTIL
Resumo Expandido - Graduação,"ELABORAÇÃO DE BIOFILME COMESTÍVEL PARA FRUTOS PERECÍVEIS, APARTIR DO RESÍDUO DA GOMA DE MANDIOCA, VISANDO PROLONGAR A VIDA ÚTIL"
Resumo Expandido - Graduação,"CONFECÇÃO DE CÉLULAS COMO RECURSOS DIDÁTICOS NO ENSINO E APRENDIZAGEM DE BIOLOGIA CELULAR, UMA AÇÃO DO PROGRAMA RESIDÊNCIA PEDAGÓGICA"
Resumo Expandido - Graduação,DESENVOLVIMENTO E ANÁLISE DOS PARÂMETROS SENSORIAIS DE GELEIA DE ABACAXI (ANANAS COMOSUS) COM HORTELÃ ELABORADA COM PECTINA EXTRAÍDA DA GOIABA (PSIDIUM GUAJAVA L)
Resumo Expandido - Graduação,PROJETO IPA: INSTITUTO DE PORTAS ABERTAS:MOSTRA DE PROFISSÕES DO IFNMG- CAMPUS MONTES CLAROS
Resumo Expandido - Graduação,ANÁLISE BIOINFORMÁTICA REVELA VIAS DE ATUAÇÃO DO MEL SOBRE A BACTÉRIA PSEUDOMONAS AERUGINOSA
Resumo Expandido - Graduação,BARREIRAS ARQUITETÔNICAS NA EDUCAÇÃO NACIONAL E INTERNACIONAL: UM ESTUDO COMPARATIVO ENTRE A ACESSIBILIDADE NO ENTORNO DO IFNMG - CAMPUS PIRAPORA E O INSTITUTO POLITÉCNICO DA GUARDA
Resumo Expandido - Graduação,ANÁLISE DE POTABILIDADE DA ÁGUA NOS BEBEDOUROS DO IFNMG/ CAMPUS JANUÁRIA
Resumo Expandido - Graduação,LETRAMENTO NA EDUCAÇÃO INFANTIL: UM ESTUDO SOBRE OS IMPACTOS DE JOGOS EDUCATIVOS COMO RECURSOS PEDAGÓGICOS.
Resumo Expandido - Graduação,DENSIDADE APARENTE DA MADEIRA DE MOGNO AFRICANO
Resumo Expandido - Graduação,A EXPERIÊNCIA NO USO DO APP INVENTOR PARA O ENSINO DE LÓGICA DE PROGRAMAÇÃO ATRAVÉS DE OFICINAS
Resumo Expandido - Graduação,EFEITO DE DIFERENTES TRATAMENTOS NOS PARAMETROS FÍSICO-QUÍMICOS DA ÁGUA DE RESERVATÓRIOS DO PROGRAMA CISTERNAS
Resumo Expandido - Graduação,DETERMINAÇÃO DA UMIDADE DE CAPACIDADE DE CAMPO PELO MÉTODO “IN SITU” EM SOLO DE ÁREA EXPERIMENTAL DO IFNMG CAMPUS JANUÁRIA
Resumo Expandido - Graduação,CONSTRUÇÃO E VALIDAÇÃO DE MESA TENSORA ALTERNATIVA E DE BAIXO CUSTO PARA DETERMINAÇÃO DE UMIDADE EM CAPACIDADE DE CAMPO
Resumo Expandido - Graduação,UNIFORMIDADE DE DISTRIBUIÇÃO DE IRRIGAÇÃO EM SISTEMA DE IRRIGAÇÃO POR MICROASPERSÃO INSTALADO EM BANANAL
Resumo Expandido - Graduação,INVESTIGANDO O ENSINO E APRENDIZAGEM MATEMÁTICA SOB A PERSPECTIVA DA TEORIA DAS REPRESENTAÇÕES SEMIÓTICAS: UM ESTUDO COM ALUNOS INGRESSANTES NO CURSO DE LICENCIATURA EM MATEMÁTICA DO IFNMG-CAMPUS JANUÁRIA
Resumo Expandido - Graduação,MARKETING DIGITAL APLICADO A REDES SOCIAIS
Resumo Expandido - Graduação,MEDIDOR DE VAZÃO ARTESANAL UTILIZANDO O EFEITO VENTURI
Resumo Expandido - Graduação,A “MÁQUINA” DO TEMPO: UTILIZAÇÃO DE JOGOS PEDAGÓGICOS PARA O ENSINO DA HISTÓRIA LOCAL
Resumo Expandido - Graduação,AVALIAÇÃO DOS ESTUDANTES DO ENSINO FUNDAMENTAL II SOBRE AS CONTRIBUIÇÕES DO PROGRAMA PIBID NA ESCOLA
Resumo Expandido - Pós-Graduação (Lato e Stricto Sensu),ESTUDOS DE GÊNERO E SEXUALIDADE NA EDUCAÇÃO: UMA PANORÂMICA SOBRE O DOCUMENTO PCN - ORIENTAÇÃO SEXUAL (1998)
Resumo Expandido - Pós-Graduação (Lato e Stricto Sensu),PREVISÃO DE VELOCIDADE DO VENTO POR APRENDIZADO DE MÁQUINAS
Resumo Expandido - Pós-Graduação (Lato e Stricto Sensu),ENSAIO DE PRODUÇÃO E ANÁLISE SENSORIAL DE GELEIA DE “MEL” DE CACAU ADICIONADO EM IOGURTE GREGO
Resumo Expandido - Pós-Graduação (Lato e Stricto Sensu),"REPRESENTATIVIDADE E PROPORCIONALIDADE DOS COMPONENTES DOS CONSELHOS GESTORES DO IFNMG, UM LIMITE PARA A DEMOCRATIZAÇÃO?"
Resumo Expandido - Pós-Graduação (Lato e Stricto Sensu),EXPERIÊNCIA NO MUNDO DO TRABALHO DOS EGRESSOS DO CURSO TÉCNICO EM SEGURANÇA DO TRABALHO DO IFNMG – CAMPUS MONTES CLAROS
Resumo Expandido - Pós-Graduação (Lato e Stricto Sensu),ESTUDO DO PROGRAMA DE ASSISTÊNCIA E APOIO AO ESTUDANTE NO INSTITUTO FEDERAL DO NORTE DE MINAS GERAIS - CAMPUS ALMENARA
Resumo Expandido - Pós-Graduação (Lato e Stricto Sensu),CONEXÕES ENTRE EDUCAÇÃO PROFISSIONAL E TECNOLÓGICA E EDUCAÇÃO ANTIRRACISTA: UM OLHAR NECESSÁRIO
Resumo Expandido - Pós-Graduação (Lato e Stricto Sensu),A PERCEPÇÃO DOS ESTUDANTES DO CTST DO IFNMG - CAMPUS MONTES CLAROS SOBRE A FORMAÇÃO PROFISSIONAL
Resumo Expandido - Pós-Graduação (Lato e Stricto Sensu),TESTE DE PREÇOS PARA A DELIMITAÇÃO DO MERCADO RELEVANTE: UMA APLICAÇÃO PARA O MERCADO DE CIMENTO REGIÃO SUDESTE DO BRASIL.
Resumo Expandido - Pós-Graduação (Lato e Stricto Sensu),MAPEAMENTO PRELIMINAR DOS REMANESCENTES DE COMUNIDADES QUILOMBOLAS NA MICRORREGIÃO DE SALINAS / MG
Resumo Expandido - Pós-Graduação (Lato e Stricto Sensu),INFLUÊNCIA DO TEMPERAMENTO ANIMAL SOB A TAXA DE CONCEPÇÃO DE NOVILHAS NELORES SUBMETIDAS À IATF
Resumo Expandido - Pós-Graduação (Lato e Stricto Sensu),INFLUÊNCIA DA SUPLEMENTAÇÃO À PASTO SOB A TAXA DE CONCEPÇÃO DE NOVILHAS NELORE
Resumo Expandido - Pós-Graduação (Lato e Stricto Sensu),PROTEINADOS DE BAIXO CONSUMO DE BEZERRAS DE CORTE SUPLEMENTADAS A PASTO NO PERÍODO SECO
Resumo Expandido - Pós-Graduação (Lato e Stricto Sensu),"JORNAL ESCOLAR DO IFNMG, FOLHA PORTEIRINHA"
Resumo Expandido - Pós-Graduação (Lato e Stricto Sensu),CONHECIMENTO ESPECIALIZADO PARA O ENSINO DE MATEMÁTICA: ANÁLISES DE TRABALHOS DE PESQUISAS PUBLICADAS NA BDTD NO PERÍODO DE 2013 A 2023
Resumo Expandido - Pós-Graduação (Lato e Stricto Sensu),CURSO TÉCNICO A DISTÂNCIA EM SERVIÇOS JURÍDICOS E A INSERÇÃO DAS BASES CONCEITUAIS DA EDUCAÇÃO PROFISSIONAL E TECNOLÓGICA
Resumo Expandido - Pós-Graduação (Lato e Stricto Sensu),ENSINO REMOTO EMERGENCIAL E SAÚDE MENTAL: REPRESENTAÇÕES SOCIAIS DE DOCENTES DO IFNMG
Resumo Expandido - Pós-Graduação (Lato e Stricto Sensu),CURRICULARIZAÇÃO DA EXTENSÃO NOS CURSOS TÉCNICOS INTEGRADOS AO ENSINO MÉDIO DO IFNMG-INSTITUTO FEDERAL DO NORTE DE MINAS GERAIS: PROPOSTA DE CONSTRUÇÃO DE UMA DIRETRIZ CURRICULAR.
Resumo Expandido - Pós-Graduação (Lato e Stricto Sensu),O USO DO JOGO ROBLOX NA APRENDIZAGEM DE LÓGICA DE PROGRAMAÇÃO PARA O ENSINO INTEGRATO TÉCNICO EM INFORMÁTICA
Resumo Expandido - Pós-Graduação (Lato e Stricto Sensu),INFLUÊNCIA DA EMBALAGEM NA COMPOSIÇÃO CENTESIMAL DA FARINHA DE BETERRABA
Resumo Expandido - Pós-Graduação (Lato e Stricto Sensu),AS BASES CONCEITUAIS PARA A EPT NA FORMAÇÃO DOS LICENCIANDOS EM MATEMÁTICA NO IFNMG - CAMPUS JANUÁRIA
Resumo Expandido - Pós-Graduação (Lato e Stricto Sensu),O ENSINO INTEGRADO NO IFBAIANO CAMPUS GUANAMBI: ANSIEDADE NOS DISCENTES
Resumo Expandido - Pós-Graduação (Lato e Stricto Sensu),AVALIAÇÃO FARMACOGNOSTICA E QUALIDADE DAS PLANTAS MEDICINAIS COMERCIALIZADAS NO MERCADO MUNICIPAL DE JANUÁRIA-MG
Resumo Expandido - Pós-Graduação (Lato e Stricto Sensu),DESENVOLVIMENTO E AVALIAÇÃO DA ESTABILIDADE FÍSICO- QUÍMICA DE UM XAMPU CONTENDO EXTRATOS DE MALPIGHIA EMARGINATA D.C
Resumo Expandido - Pós-Graduação (Lato e Stricto Sensu),O LOCUS DA POLITECNIA NAS DIRETRIZES PARA OFERTA DE CURSOS TÉCNICOS INTEGRADOS AO ENSINO MÉDIO NO INSTITUTO FEDERAL DO NORTE DE MINAS GERAIS – IFNMG
Resumo Expandido - Profissional,"ASSOCIAÇÃO ENTRE SEXO, IDADE E PREVALÊNCIA DE DOENÇAS CRÔNICAS NÃO TRANSMISSÍVEIS EM QUILOMBOLAS RURAIS DO NORTE DE MINAS GERAIS"
Resumo Expandido - Profissional,CLASSES DE RELEVO DAS UNIDADES DE CONSERVAÇÃO DO ALTO CARIRI – MINAS GERAIS/BAHIA – BRASIL
Resumo Expandido - Profissional,"CÁPSULA DO TEMPO: UMA PROPOSTA INTERDISCIPLAR PARA DISCUTIR MEMÓRIA, JUVENTUDE E PRESERVAÇÃO AMBIENTAL"
Resumo Expandido - Profissional,ESTUDO DOS EFEITOS DAS CONDIÇÕES DA REAÇÃO DE TRANSESTERIFICAÇÃO SOBRE O RENDIMENTO NA PRODUÇÃO DE BIODIESEL
Resumo Expandido - Profissional,CURRÍCULO INTEGRADO E PEDAGOGIA DA ALTERNÂNCIA: INTEGRAÇÃO ENTRE SABERES TRADICIONAIS E CIENTÍFICOS
Resumo Expandido - Profissional,PRÉ-TÉCNICO 2018
Resumo Expandido - Profissional,CARBOIDRATOS FIBROSOS E NÃO FIBROSOS DO CAPIM UROCHLOA VERSUS BUFFEL ÁRIDUS E ESTIMATIVA DA PRODUÇÃO DE LEITE NO PERÍODO DE VERÃO NO SEMIÁRIDO
Resumo Expandido - Profissional,CANTIGAS NAS MANIFESTAÇÕES DO BOI DE JANEIRO SALINENSE: NARRATIVAS DE UMA MEMÓRIA COLETIVA
Resumo Expandido - Profissional,CURRÍCULO E CAPACIDADE ORÇAMENTÁRIA: UMA ANÁLISE DA CARGA HORÁRIA DOS CURSOS DO IFNMG
Resumo Expandido - Profissional,AUTOAVALIAÇÃO INSTITUCIONAL: ESTUDO DE CASO NO IFNMG
Resumo Expandido - Profissional,ANÁLISE DO TRABALHO NA MICRORREGIAO DE SALINAS: O CASO DA PRODUÇÃO DE CARVÃO VEGETAL
Resumo Expandido - Profissional,FRAMEWORK PARA O ENSINO DE COMPUTAÇÃO GRÁFICA: ABSTRAÇÃO DA COMPLEXIDADE DE SOFTWARE NO CONTEXTO DO ENSINO SUPERIOR
Resumo Expandido - Profissional,OFICINAS PEDAGÓGICAS NA EDUCAÇÃO INFANTIL
Resumo Expandido - Profissional,HISTÓRIA E HISTORIOGRAFIA DA EDUCAÇÃO MINEIRA: UM BALANÇO DA PRODUÇÃO ACADÊMICA SOBRE A ESCOLARIZAÇÃO NO SERTÃO DE MINAS GERAIS
Resumo Expandido - Profissional,A CONCEPÇÃO DE TRABALHO INFERIDA NA PROPOSTA DA EDUCAÇÃO PROFISSIONAL E TECNOLÓGICA: O BALANÇO DE PRODUÇÕES ACADÊMICAS COMO MÉTODO DE ANÁLISE
Resumo Expandido - Profissional,ANGULO DE REPOUSO DOS GRÃOS DE MILHO EM DIFERENTES TEORES DE ÁGUA
Resumo Expandido - Profissional,EXPERENCIAÇÕES PEDAGÓGICAS INCUTIDAS NA REFORMULAÇÃO CURRICULAR DOS CURSOS TÉCNICOS INTEGRADOS DO IFNMG CAMPUS ARAÇUAÍ
Resumo Expandido - Profissional,CANTEIRO EXPERIMENTAL: ESPAÇO PEDAGÓGICO PARA A REALIZAÇÃO DE PRÁTICAS DE CONSTRUÇÃO CIVIL NO CAMPUS SANTA LUZIA DO IFMG
Resumo Expandido - Profissional,FATORES DE EVASÃO E PERMANÊNCIA: UM ESTUDO DE CASO NO ENSINO MÉDIO INTEGRADO DA EPT
Resumo Expandido - Profissional,INFORMALIDADE E DESIGUALDADES: BREVE ANÁLISE DO MERCADO DE TRABALHO BRASILEIRO
Ciências Agrárias (Produção Vegetal),POTENCIAL DE SEQUESTRO DE CARBONO POR LATOSSOLOS E CAMBISSOLOS DO BAIXO JEQUITINHONHA-MG
Ciências Agrárias (Produção Vegetal),ANÁLISE DE USO E OCUPAÇÃO DO SOLO PELA AGRICULTURA NA BACIA HIDROGRÁFICA JQ1
Ciências Agrárias (Produção Vegetal),UMIDADE DE COLHEITA DE GENÓTIPOS DE GIRASSOL CULTIVADOS NO NORTE DE MINAS GERAIS
Ciências Agrárias (Produção Vegetal),"ELABORAÇÃO E CARACTERIZAÇÃO FÍSICO-QUÍMA DE BIOFILME COMESTÍVEL PARA CONSERVAÇÃO DE FRUTOS DE AMORA, A PARTIR DO RESÍDUO DA GOMA DE MANDIOCA VISANDO A GERAÇÃO DE RENDA PARA PRODUTORES"
Ciências Agrárias (Produção Vegetal),IMPACTO DA ADUBAÇÃO NA PRODUTIVIDADE DO MILHO: UMA ANÁLISE USANDO IMAGENS DO SATÉLITE PLANETSCOPE
Ciências Agrárias (Produção Vegetal),COMPORTAMENTO DA UMIDADE DO SOLO DETERMINADA PELO MÉTODO EXPEDITO DO ÁLCOOL E PELO MÉTODO PADRÃO DA ESTUFA
Ciências Agrárias (Produção Vegetal),O AVANÇO DA SILVICULTURA NA BACIA HIDROGRÁFICA DO RIO ARAÇUAÍ E AS POSSÍVEIS CONSEQUÊNCIAS PARA GESTÃO DE RECURSOS HÍDRICOS
Ciências Agrárias (Produção Vegetal),"AVALIAÇÃO AGRONÔMICA DE PLANTAS DE GIRASSOL, CULTIVAR BRS323, EM FUNÇÃO DE DIFERENTES DOSES DE AGROSILÍCIO"
Ciências Agrárias (Produção Vegetal),GERMINAÇÃO DE SEMENTES DE GIRASSOL SUBMETIDAS A DIFERENTES DOSES DE CLORETO DE POTÁSSIO
Ciências Agrárias (Produção Vegetal),COMPOSIÇÃO BROMATOLÓGICA DA LAVOURA DE MILHO PARA SILAGEM CULTIVADA NO NORTE DE MINAS GERAIS
Ciências Agrárias (Produção Vegetal),PRODUÇÃO DE MATÉRIA SECA DE HYMENAEA MARTIANA HAYNE SUBMETIDA A DOSES CRESCENTES DE FÓSFORO.
Ciências Agrárias (Produção Vegetal),INFLUÊNCIA DE ESPAÇAMENTO E DENSIDADE DE PLANTIO NO RENDIMENTO DE MASSA SECA DE PARTE AÉREA E RAIZ EM VARIEDADE DE AMENDOIM CV. IAC OL3 CULTIVADO NO NORTE DE MINAS GERAIS
Ciências Agrárias (Produção Vegetal),VIABILIDADE DE PORTA-ENXERTOS IAC 572 E IAC 766 NO DESENVOLVIMENTO DE VIDEIRAS NO NORTE DE MINAS GERAIS
Ciências Agrárias (Produção Vegetal),FITOSSOCIOLOGIA DE PLANTAS DANINHAS EM CULTIVO DE FEIJÃO MUNGO VERDE (VIGNA RADIATA) NO SEMIÁRIDO DE MINAS GERAIS
Ciências Agrárias (Produção Vegetal),ESPUMA FENOLICA E DIFERENTES CONCENTRAÇÕES DE AIB NA SOBREVIVÊNCIA E ENRAIZAMENTO INICIAL DE MINIESTACAS DE CORYMBIA CITRIODORA EM ESTUFIM
Ciências Agrárias (Produção Vegetal),RISCO DE OCORRÊNCIA DE INCÊNDIO EM UMA ÁREA FLORETAL DO IFNMG - CAMPUS SALINAS
Ciências Agrárias (Produção Vegetal),DIAGNÓSTICO DA ARBORIZAÇÃO DO MUNICÍPIO DE NOVORIZONTE - MG
Ciências Agrárias (Produção Vegetal),INTERFERÊNCIA DO CAPIM PANICUM MAXIMUM CV. MOMBAÇA NA PRODUÇÃO DE MASSA SECA DE ESPÉCIES FLORESTAIS
Ciências Agrárias (Produção Vegetal),ANÁLISE DA EFICIENCIA DO PLANTIO CONSORCIADO ENTRE AROEIRAVERMELHA (SCHINUS TEREBINTHIFOLIUS RADDI) E SANSÃO-DO-CAMPO (MIMOSA CAESALPINIAEFOLIA BENTH) NA ALOCAÇÃO DE CARBONO ORGÂNICO NO SOLO.
Ciências Agrárias (Produção Vegetal),ANÁLISE DA ARBORIZAÇÃO URBANA DO BAIRRO LIBERDADE EM RUBELITA- MG
Ciências Agrárias (Produção Vegetal),PARÂMETROS GERMINATIVOS EM SEMENTES DE TACHIGALI SUBVELUTINA (BENTH) OLIVEIRA-FILHO UTILIZANDO SUBSTRATOS Á BASE DE RESÍDUOS ALTERNATIVOS
Ciências Agrárias (Produção Vegetal),CARACTERIZAÇÃO FÍSICO-QUÍMICA DE GELEIA DE ABACAXI COM HORTELÃ ADICIONADA DE PECTINA DE GOIABA
Ciências Agrárias (Produção Vegetal),PARÂMETROS MORFOLÓGICOS DAS MUDAS DE ENTEROLOBIUM CONTORTISILIQUUM (VELL.) MORONG PRODUZIDAS EM DIFERENTES SUBSTRATOS E NÍVEIS DE SOMBREAMENTO
Ciências Agrárias (Produção Vegetal),AVALIAÇÃO DO TEOR DE MATÉRIA DO SECA DO BRS-CAPIAÇU PARA DETERMINAÇÃO DO MOMENTO DE CORTE PARA ENSILAGEM.
Ciências Agrárias (Produção Vegetal),QUALIDADE FÍSICA DE CAMBISSOLOS SOB MANEJO CONSERVACIONISTA
Ciências Agrárias (Produção Vegetal),DESEMPENHO DA CULTIVAR BRS-CAPIAÇU SOB DIFERENTES IDADES DE CORTE
Ciências Agrárias (Produção Vegetal),ANÁLISE DA ADEQUAÇÃO DA ROTULAGEM DE CACHAÇAS COMERCIALIZADAS NO MUNICÍPIO DE SALINAS-MG
Ciências Agrárias (Produção Vegetal),AVALIAÇÃO DA DENSIDADE BÁSICA DA MADEIRA DE MOGNO AFRICANO
Ciências Agrárias (Produção Vegetal),PRODUTIVIDADE E QUALIDADE DE LAVOURA DE MILHO EM SISTEMA IRRIGADO
Ciências Agrárias (Produção Vegetal),DESEMPENHO PRODUTIVO DO MILHO HÍBRIDO LG 36799®
Ciências Agrárias (Produção Vegetal),INFLUÊNCIA DO TAMANHO DO CAPÍTULO EM RELAÇÃO AO DESEMPENHO PRODUTIVO GENÓTIPOS DE GIRASSOL CULTIVADOS NO NORTE DE MINAS GERAIS SAFRA 2022/2023
Ciências Agrárias (Produção Vegetal),GENÓTIPOS DE GIRASSOL: INFLUÊNCIA DE ALTURA DE PLANTAS E DIÂMETRO DO CAULE NA CONTAGEM DE PLANTAS ACAMADAS E QUEBRADAS EM STAND FINAL
Ciências Agrárias (Produção Vegetal),"CORRELAÇÃO ENTRE VARIÁVEIS DE GENÓTIPOS DE GIRASSOL, CULTIVADOS NO NORTE DE MINAS GERAIS SAFRA 2022"
Ciências Agrárias (Produção Vegetal),NODULAÇÃO DE RAÍZES DE AMENDOIM CV. IAC OL3 (ARACHIS HYPOGAEA L.) PRODUZIDOS EM SEQUEIRO EM DUAS DENSIDADES ENTRE PLANTAS EM JANUÁRIA- MG
Ciências Agrárias (Produção Vegetal),CORRELAÇÃO ENTRE VARIÁVEIS DE AMENDOIM CV. IAC OL3 (ARACHIS HYPOGAEA L.) CULTIVADO EM JANUÁRIA- MG SAFRA 2021/2022
Ciências Agrárias (Produção Vegetal),DESENVOLVIMENTO E CALIBRAÇÃO DE UM SENSOR CAPACITIVO PARA DETERMINAR UMIDADE DE GRÃOS DE MILHO
Ciências Agrárias (Produção Vegetal),DISTRIBUIÇÃO ESPACIAL DA LÂMINA DE IRRIGAÇÃO EM UM SISTEMA DE ASPERSÃO CONVENCIONAL
Ciências Agrárias (Produção Vegetal),ENRIQUECIMENTO MINERAL DE PLANTAS DE ORAPRONÓBIS (PERESKIA ACULEATA MILLER) CULTIVADAS EM VASOS COM DISTINTAS DOSES E FONTES DE FERRO
Ciências Agrárias (Produção Vegetal),"CRESCIMENTO DE FEIJÃO-CAUPI EM RESPOSTA À APLICAÇÃO DE COBALTO, MOLIBDÊNIO, NITROGÊNIO, FÓSFORO E POTÁSSIO E À INOCULAÇÃO DE BRADYRHIZOBIUM PACHYRHIZI E GLOMUS FORMOSANUM."
Ciências Agrárias (Produção Vegetal),DETERMINAÇÃO DO NGULO DE REPOUSO DE GRÃOS DE FEIJÃO AZUKI (VIGNA ANGULARIS) SELECIONADOS EM DIFERENTES PENEIRAS.
Ciências Agrárias (Produção Vegetal),AVALIAÇÃO DA QUALIDADE DE MUDAS DE PINUS ELLIOTTII PRODUZIDAS EM ESTUFIM E COM DIFERENTES DOSAGENS DE BASACOTE®
Ciências Agrárias (Produção Vegetal),DATA DE FLORAÇÃO INICIAL DE GENÓTIPOS DE GIRASSOL CULTIVADOS NO NORTE DE MINAS GERAIS SAFRA 2022/2023
Ciências Agrárias (Produção Vegetal),CARACTERIZAÇÃO DO POTENCIAL ANTIOXIDANTE E COMPOSTOS FENÓLICOS DOS RESÍDUOS DE FRUTAS TROPICAIS
Ciências Agrárias (Produção Vegetal),PARÂMETROS MORFOLÓGICOS EM MUDAS DE AMBURANA CEARENSES A. C. SMITH PRODUZIDAS SOB DIFERENTES SUBSTRATOS E DENSIDADES NA BANDEJA
Ciências Agrárias (Produção Vegetal),DIFERENTES MÉTODOS DE QUEBRA DE DORMÊNCIA EM SEMENTES DE PEQUIZEIRO
Ciências Agrárias (Produção Vegetal),INFLUÊNCIA DA EMBALAGEM NA COMPOSIÇÃO CENTESIMAL DA FARINHA DE BETERRABA
Ciências Agrárias (Produção Vegetal),GERMINAÇÃO DE SEMENTE DE CAPIM CARRAPICHO COM CARIOPSE (CENCHRUS ECHINATUS LINNEAUS) EM FUNÇÃO DO TRATAMENTO COM EXTRATO AQUOSO DE ALGODÃO DE SEDA (CALOTROPIS PROCERA AITON)
Ciências Agrárias (Produção Vegetal),IDENTIFICAÇÃO ESPACIAL DE ÁREAS PROPÍCIAS PARA CULTIVO DE BATATA DOCE NA MACRORREGIÃO DE VALE DO JEQUITINHONHA-MG
Ciências Agrárias (Produção Vegetal),INFLUÊNCIA DO AMBIENTE E PROFUNDIDADE DE SEMEADURA NA EMERGÊNCIA DE PLÂNTULAS DE TACHIGALI SUBVELUTINA (BENTH) OLIVEIRA-FILHO
Ciências Agrárias (Produção Vegetal),PARÂMETROS MORFOLÓGICOS DE MUDAS DE CANAFÍSTULA SOB DIFERENTES DENSIDADES NA BANDEJA E DOSES DE ADUBO DE LIBERAÇÃO LENTA
Ciências Agrárias (Produção Vegetal),PRODUÇÃO DE MASSA SECA DE ESPÉCIES FLORESTAIS EM PLANTIO ISOLADO OU EM MATOCOMPETIÇÃO COM O CAPIM BUFFEL CENCHRUS CILIARIS L.
Ciências Agrárias (Produção Vegetal),ÍNDICE DE ESTRESSE HÍDRICO DA CULTURA DO GIRASSOL
Ciências Agrárias (Produção Vegetal),PRODUÇÃO DE MASSA SECA DA PELTOPHORUM DUBIUM (SPRENGEL) TAUBERT) SOB A INTERFERÊNCIA DA BRACHIARIA DECUMBENS E PANICUM MAXIMUM
Ciências Agrárias (Produção Vegetal),ESPÉCIES DE MOSCAS-DAS-FRUTAS E SUAS RELAÇÕES TRÓFICAS NA MACRORREGIÃO DE JANUÁRIA MINAS GERAIS
Ciências Agrárias (Produção Vegetal),"INFLUÊNCIA DA MATÉRIA ORGÂNICA, PH E ARGILA NA CAPACIDADE DE TROCA CATIÔNICA DO SOLO"
Ciências Agrárias (Produção Vegetal),QUALIDADE DE MUDAS DE IPÊ-ROSA (HANDROANTHUS HEPTAPHYLLUS) PRODUZIDAS EM DIFERENTES RECIPIENTES E SUBSTRATOS
Ciências Agrárias (Produção Vegetal),"INFLUENCIA DA TEMPERATURA NA REPRODUÇÃO DE ZABROTES SUBFASCIATUS (COLEOPTERA: BRUCHIDAE), CRIADO EM VIGNA RADIATA (FABACEAE)"
Ciências Agrárias (Produção Vegetal),MEDIÇÃO DE UMIDADE COM PROTÓTIPO DE DATALOGGER ARDUINO APLICADA AO MONITORAMENTO DE ÁGUA NO SOLO.
Ciências Agrárias (Produção Vegetal),"ALTURA E PESO DE CEM GRÃOS DO DO FEIJÃO MUNGO VERDE (VIGNA RADIATA – FABACEAE) CONSORCIADO COM MILHO CRIOULO, EM DIFERENTES DENSIDADES DE PLANTAS"
Ciências Agrárias (Produção Vegetal),"ALTURA E PESO DE CEM GRÃOS DO FEIJÃO MUNGO VERDE (VIGNA RADIATA – FABACEAE) CONSORCIADO COM MILHO CRIOULO, EM DIFERENTES DENSIDADES DE PLANTAS"
Ciências Agrárias (Produção Vegetal),EFICÁCIA DO REVESTIMENTO A BASE DE QUITOSANA NO CONTROLE DE PATÓGENOS PÓS-COLHEITA DE MORANGO
Ciências Agrárias (Produção Vegetal),CONSERVAÇÃO DE TOMATE CEREJA COM UTILIZAÇÃO DE BIOFILMES INCORPORANDO ÓLEO ESSENCIAL DE ALECRIM
Ciências Agrárias (Produção Vegetal),POTENCIAL GERMINATIVO DA ESPÉCIE ACACIA POLYPHYLLA DC (ESPINHEIRO PRETO)
Ciências Agrárias (Produção Vegetal),RISCO DE INCÊNDIO FLORESTAL: ESTUDO EM UMA ÁREA DO IFNMG - CAMPUS SALINAS
Ciências Agrárias (Produção Vegetal),CARACTERIZAÇÃO REGIONAL DA AMÊNDOA DO BARU NO NOROESTE DE MINAS GERAIS
Ciências Agrárias (Produção Vegetal),"DESEMPENHO AGRONÔMICO DE CULTIVARES DE FEIJÃO-CAUPI NO SEMIÁRIDO DE JANUÁRIA, NORTE DE MINAS GERAIS"
Ciências Agrárias (Produção Vegetal),"ÍNDICE DE GRÃOS E PRODUTIVIDADE DE CULTIVARES DE FEIJÃO-CAUPI NO SEMIÁRIDO DE JANUÁRIA, MINAS GERAIS"
Ciências Agrárias (Produção Vegetal),DESENVOLVIMENTO E PRODUTIVIDADE DO AÇAFRÃO (CURCUMA LONGA LINN) CULTIVADO A PARTIR DE DIFERENTES MASSAS DE RIZOMAS
Ciências Agrárias (Produção Vegetal),ANÁLISE DE DIFERENTES SUBSTRATOS NA PRODUÇÃO DE MUDAS DE RÚCULA EM TEÓFILO OTONI - MG
Ciências Agrárias (Produção Vegetal),ESTUDO DAS CONDIÇÕES HIGIÊNICO-SANITÁRIAS DA MANIPUEIRA OBTIDA NAS FECULARIAS DO MUNICÍPIO DE RIO PARDO DE MINAS
Ciências Agrárias (Produção Vegetal),"COMPORTAMENTO DE SITOPHILUS ZEAMAIS MOTSCH., 1855 (COLEOPTERA: CURCULIONIDAE) EXPOSTO A CIANTRANILIPROLE (BENEVIA®)"
Ciências Agrárias (Produção Vegetal),"EFEITOS DO CIANTRANILIPROLE NO PREDADOR NÃO-ALVO, PODISUS NIGRISPINUS (DALLAS, 1851) (HEMIPTERA: PENTATOMIDAE)"
Ciências Agrárias (Produção Vegetal),RESISTÊNCIA DE GENÓTIPOS DE MUNGO-VERDE AO CARUNCHO-DO-FEIJÃO (ZABROTES SUBFASCIATUS).
Ciências Agrárias (Produção Vegetal),"ABSORÇÃO DE MACRONUTRIENTES NA CULTURA DO FEIJÃO CAUPI (VIGNA UNGUICULATA – FABACEAE), CULTIVODO NO SEMIÁRIDO DE JANUÁRIA, MINAS GERAIS."
Ciências Agrárias (Produção Vegetal),"ELABORAÇÃO DE BIOFILME COMESTÍVEL PARA FRUTOS PERECÍVEIS, APARTIR DO RESÍDUO DA GOMA DE MANDIOCA, VISANDO PROLONGAR A VIDA ÚTIL"
Ciências Agrárias (Produção Vegetal),DESENVOLVIMENTO E ANÁLISE DOS PARÂMETROS SENSORIAIS DE GELEIA DE ABACAXI (ANANAS COMOSUS) COM HORTELÃ ELABORADA COM PECTINA EXTRAÍDA DA GOIABA (PSIDIUM GUAJAVA L)
Ciências Agrárias (Produção Vegetal),DENSIDADE APARENTE DA MADEIRA DE MOGNO AFRICANO
Ciências Agrárias (Produção Animal),RENDIMENTO DE CARCAÇA DE NOVILHOS NELORES CONFINADOS ALIMENTADOS COM DIETA SEM VOLUMOSO.
Ciências Agrárias (Produção Animal),CARBOIDRATOS FIBROSOS E NÃO FIBROSOS DO CAPIM UROCHLOA VERSUS BUFFEL ÁRIDUS E ESTIMATIVA DA PRODUÇÃO DE LEITE NO PERÍODO DE VERÃO NO SEMIÁRIDO
Ciências Agrárias (Produção Animal),CONSUMO DE NOVILHOS ALIMENTADOS COM DIETA SEM VOLUMOSO EM CONFINAMENTO
Ciências Agrárias (Produção Animal),ANÁLISE ECONÔMICA DA SUPLEMENTAÇÃO DE NOVILHAS DE CORTE SUPLEMENTADAS A PASTO NO PERÍODO DAS ÁGUAS
Ciências Agrárias (Produção Animal),NOVILHOS NELORES CONFINADOS COM DIETA SEM VOLUMOSO
Ciências Agrárias (Produção Animal),PASTO APÍCOLA: O QUE PODEMOS / DEVEMOS PLANTAR NO VALE DO JEQUITINHONHA?
Ciências Agrárias (Produção Animal),AUTOMATIZAÇÃO NO CONTROLE DE QUALIDADE DO MEL: UMA REVISÃO SISTEMÁTICA DE LITERATURA
Ciências Agrárias (Produção Animal),INFLUÊNCIA DO ESCORE DE CONDIÇÃO CORPORAL SOB A TAXA DE CONCEPÇÃO DE NOVILHAS NELORE SUBMETIDAS À IATF
Ciências Agrárias (Produção Animal),TEOR DE PROTEÍNA NO LEITE DE VACAS LEITEIRAS ALIMENTADAS COM FARELO DE PALMA FORRAGEIRA EM SUBSTITUIÇÃO AO MILHO GRÃO
Ciências Agrárias (Produção Animal),"ENDOPARASITOS EM NOVILHAS DE CORTE DE UMA PROPRIEDADE NO MUNICÍPIO DE SALINAS, MINAS GERAIS"
Ciências Agrárias (Produção Animal),DIAGNÓSTICO COPROPARASITOLÓGICO DE AVES ORNAMENTAIS MANTIDAS EM CRIATÓRIO PARTICULAR
Ciências Agrárias (Produção Animal),SUPLEMENTAÇÃO DE BOVINOS DE CORTE NA RECRIA À PASTO NO PERÍODO SECO
Ciências Agrárias (Produção Animal),DESEMPENHO DE BOVINOS DE CORTE NA RECRIA À PASTO COM SUPLEMENTAÇÃO NO PERÍODO SECO
Ciências Agrárias (Produção Animal),COMPORTAMENTO INGESTIVO DE NOVILHOS NELORES ALIMENTADOS COM DIETA SEM VOLUMOSO EM CONFINAMENTO
Ciências Agrárias (Produção Animal),GANHO DE PESO EM CARCAÇA E CONVERSÃO ALIMENTAR DE NOVILHOS CONFINADOS COM DIETA SEM VOLUMOSO
Ciências Agrárias (Produção Animal),DOMA RACIONAL DE EQUINOS PARA DISCENTES DO GRUPO DE ESTUDOS DE EQUIDEOCULTURA E DEMAIS INTERESSADOS DO CURSO DE MEDICINA VETERINÁRIA
Ciências Agrárias (Produção Animal),"ANÁLISE COPROPARASITOLÓGICA COMPARATIVA EM GALINHAS POEDEIRAS (GALLUS GALLUS DOMESTICUS LINNAEUS, 1758) SOB DIFERENTES SISTEMAS DE CRIAÇÃO"
Ciências Agrárias (Produção Animal),FOLÍCULO ANOVULATÓRIO HEMORRÁGICO PERSISTENTE EM ÉGUA- RELATO DE CASO
Ciências Agrárias (Produção Animal),UVEÍTE RECORRENTE EQUINA- RELATO DE CASO
Ciências Agrárias (Produção Animal),RELATO DE CASO: PROCEDIMENTO CIRURGICO REALIZADO EM UM CÃO ATENDIDO NO HOSPITAL VETERINÁRIO DO IFNMG CAMPUS SALINAS SUSPEITO DE HERMAFRODITISMO VERDADEIRO
Ciências Agrárias (Produção Animal),INGESTÃO DE ÁGUA EM VACAS LEITEIRAS ALIMENTADAS COM FARELO DE PALMA FORRAGEIRA
Ciências Agrárias (Produção Animal),CONSUMO DE PROTEINADOS DE BEZERRAS SUPLEMENTADAS A PASTO DURANTE O PERÍODO DE TRANSIÇÃO SECA/ÁGUAS
Ciências Agrárias (Produção Animal),MELATONINA PARA USO CONTRACEPTIVO EM GATAS - REVISÃO DE LITERATURA
Ciências Agrárias (Produção Animal),INFLUÊNCIA DA TOSQUIA NA QUALIDADE SEMINAL DE COELHOS (ORYCTOLAGUS CUNICULUS) REPRODUTORES
Ciências Agrárias (Produção Animal),CASQUEAMENTO DE EQUINOS PARA DISCENTES DO GRUPO DE ESTUDOS DE EQUIDEOCULTURA E DEMAIS INTERESSADOS DO CURSO DE MEDICINA VETERINÁRIA
Ciências Agrárias (Produção Animal),ANÁLISE DO TEOR DE FDN E FDA NA SILAGEM DE CANA-DE-AÇUCAR COM USO DE DIFERENTES INOCULANTES
Ciências Agrárias (Produção Animal),HERMAFRODITISMO VERDADEIRO EM CÃO DA RAÇA PINSCHER: RELATO DE CASO
Ciências Agrárias (Produção Animal),INFLUÊNCIA DO TEMPERAMENTO ANIMAL SOB A TAXA DE CONCEPÇÃO DE NOVILHAS NELORES SUBMETIDAS À IATF
Ciências Agrárias (Produção Animal),INFLUÊNCIA DA SUPLEMENTAÇÃO À PASTO SOB A TAXA DE CONCEPÇÃO DE NOVILHAS NELORE
Ciências Agrárias (Produção Animal),PROTEINADOS DE BAIXO CONSUMO DE BEZERRAS DE CORTE SUPLEMENTADAS A PASTO NO PERÍODO SECO
Ciências Agrárias (Produção Animal),PESO DE CARCAÇA DE NOVILHOS ALIMENTADOS COM DIETA SEM VOLUMOSO
Ciências Agrárias (Produção Animal),SUPLEMENTAÇÃO DE ALTO CONSUMO PARA NOVILHOS EM PASTAGEM DE CAPIM MASSAÍ
Ciências Agrárias (Produção Animal),SUPLEMENTAÇÃO DE BOVINOS DE CORTE NA RECRIA À PASTO NO PERÍODO SECO
Ciências Agrárias (Produção Animal),DESEMPENHO DE NOVILHOS ALIMENTADOS COM DIETA SEM VOLUMOSO
Ciências Agrárias (Produção Animal),RENDIMENTO DE CARCAÇA DE NOVILHOS NELORES CONFINADOS ALIMENTADOS COM DIETA SEM VOLUMOSO
Ciências Agrárias (Produção Animal),PESO DA CARCAÇA DE NOVILHOS NELORES CONFINADOS ALIMENTADOS COM DIETA SEM VOLUMOSO
Ciências Agrárias (Produção Animal),DESEMPENHO DE NOVILHOS NELORES CONFINADOS ALIMENTADOS COM DIETA SEM VOLUMOSO
Ciências Agrárias (Produção Animal),CONTAGEM DE BACTÉRIAS ÁCIDO-LÁTICAS PRESENTES NO LEITE DE PRODUTORES DO REQUEIJÃO MORENO
Ciências Agrárias (Produção Animal),INVESTIGAÇÃO DE BACTÉRIAS TOTAIS EM SUPERFÍCIES EM CONTATO COM PRODUTOS DE ORIGEM ANIMAL
Ciências Agrárias (Produção Animal),GANHO COMPENSATÓRIO EM NOVILHAS DE CORTE SUPLEMENTADAS A PASTO NO PERÍODO DAS ÁGUAS
Ciências Agrárias (Produção Animal),CAIXA D’ÁGUA PINTEIRO PARA CRIAÇÃO EM PEQUENA ESCALA DE PINTINHOS CAIPIRAS DURANTE O PERÍODO DE OUTONO/INVERNO
Ciências Agrárias (Produção Animal),IMPACTO DOS PROCESSOS DE CONGELAMENTO E DESCONGELAMENTO NA SEGURANÇA MICROBIOLÓGICA DA CARNE MOÍDA
Ciências Agrárias (Produção Animal),AVALIAÇÃO DO CONSUMO EM BEZERRAS DE CORTE SUPLEMENTADAS A PASTO NO PERÍODO DAS ÁGUAS
Ciências Agrárias (Produção Animal),PROGRAMA DE QUALIDADE MICROBIOLÓGICA DO LEITE
Ciências Agrárias (Produção Animal),BLEND DE ÓLEO ESSENCIAL DE COENTRO (CORIANDRUM SATIVUM) E ORÉGANO (ORIGANUM VULGARE) POTENCIALIZANDO O EFEITO ANTIMICROBIANO DA CARNE BOVINA IN NATURA.
Ciências Agrárias (Produção Animal),COMPORTAMENTO INGESTIVO DE NOVILHOS ALIMENTADOS COM DIETA SEM VOLUMOSO EM CONFINAMENTO
Ciências Agrárias (Produção Animal),CONTAGEM DE BACTÉRIAS ÁCIDO-LÁTICAS PRESENTES NO REQUEIJÃO MORENO
Ciências Agrárias (Produção Animal),ATUAÇÃO DO NEEM INDIANO EM ABELHAS APIS MELLIFERA: UMA ANÁLISE BIOINFORMÁTICA
Ciências Agrárias (Produção Animal),ANÁLISE BIOINFORMÁTICA REVELA VIAS DE ATUAÇÃO DO MEL SOBRE A BACTÉRIA PSEUDOMONAS AERUGINOSA
Ciências Agrárias (Produção Animal),CAIXA D’ÁGUA PARA CRIAÇÃO EM PEQUENA ESCALA DE PINTINHOS CAIPIRAS
Ciências Biológicas,BIOFILMES DE BACTÉRIAS LÁCTICAS EM DORNAS DE MADEIRA COMO POTENCIAL SISTEMA DE BIOCONSERVAÇÃO DE ALIMENTOS
Ciências Biológicas,ATIVIDADE BACTERICIDA DOS HIDROLATOS DE PLANTAS AROMÁTICAS EM CULTIVOS DOMÉSTICOS TRADICIONAIS DE DIAMANTINA
Ciências Biológicas,AS DIFICULDADES DE APRENDIZAGEM DA DISCIPLINA DE BIOLOGIA NO ENSINO MÉDIO
Ciências Biológicas,O USO DE CLADOGRAMA COMO METODOLOGIA PARA O ENSINO DE BOTÂNICA
Ciências Biológicas,ANATOMIA E HISTOQUÍMICA DE LATICÍFEROS EM PECÍOLO DE JATROPHA GOSSYPIIFOLIA (EUPHORBIACEAE)
Ciências Biológicas,DUCTOS SECRETORES EM CAULE DE PLINIA CAULIFLORA (MYRTACEAE)
Ciências Biológicas,"EFICIÊNCIA ANTIMICROBIANA DE HIDROLATOS DE MENTHA SATIVA L., CYMBOPOGON CITRATUS, PSEUDOBRICKELLIA BRASILIENSIS, LAVANDULA DENTATA E BACCHARIS DRACUNCULIFOLIA E SUA RELAÇÃO COM A COMPOSIÇÃO QUÍMICA"
Ciências Biológicas,VISITA TÉCNICA AO HORTO FLORESTAL DA FUNDAÇÃO CAIO MARTINS
Ciências Biológicas,EXPLORANDO O MUNDO MICROBIANO: UMA AULA PRATICA EM SALA DE AULA
Ciências Biológicas,ANÁLISE FITOQUÍMICA DOS EXTRATOS FOLIARES DA MORINGA (MORINGA OLEÍFERA)
Ciências Biológicas,ANÁLISE FÍSICO-QUÍMICA DA ÁGUA DO RIO SALINAS
Ciências Biológicas,AVALIAÇÃO DE ESTUDO DIRIGIDO COMO FERRAMENTA DE APRENDIZAGEM DO CONTEÚDO ‘REINO PROTISTA’ EM TURMAS DO 2º ANO TÉCNICO EM AGROPECUÁRIA DO IFNMG CAMPUS JANUÁRIA
Ciências Biológicas,PANORAMA DO DESEMPENHO DOS DISCENTES DOS 2º ANOS DO CURSO TÉCNICO EM AGROPECUÁRIA DO IFNMG - CAMPUS JANUÁRIA NO ENSINO REMOTO E PRESENCIAL
Ciências Biológicas,O ESTUDO DA HISTÓRIA DA CLASSIFICAÇÃO BIOLÓGICA DOS SERES VIVOS COMO UM EXEMPLO DE SALA DE AULA INVERTIDA NO ENSINO MÉDIO
Ciências Biológicas,ANÁLISE DO DESEMPENHO DOS DISCENTES DOS 2º ANOS DO CURSO TÉCNICO EM AGROPECUÁRIA DO IFNMG CAMPUS JANUÁRIA FRENTE AO CONTEÚDO REINO FUNGI
Ciências Biológicas,CONTRIBUIÇÕES DO SEMINÁRIO COMO FACILITADOR DO PROCESSO DE ENSINO APRENDIZAGEM DE ESTUDANTES DO 3° ANO DO ENSINO MÉDIO
Ciências Biológicas,MONITORAMENTO DO SARS-COV-2 EM ÁGUAS RESIDUÁRIAS DO MUNICÍPIO DE SALINAS-MINAS GERAIS
Ciências Biológicas,AVALIAÇÃO FARMACOGNOSTICA E QUALIDADE DAS PLANTAS MEDICINAIS COMERCIALIZADAS NO MERCADO MUNICIPAL DE JANUÁRIA-MG
Ciências Biológicas,DESENVOLVIMENTO E AVALIAÇÃO DA ESTABILIDADE FÍSICO- QUÍMICA DE UM XAMPU CONTENDO EXTRATOS DE MALPIGHIA EMARGINATA D.C
Ciências Biológicas,INFECÇÕES SEXUALMENTE TRANSMISSÍVEIS E SUA ABORDAGEM NO MEIO ESCOLAR.
Ciências Biológicas,PLANTAS NO CONTROLE ALTERNATIVO DE AEDES AEGYPTI
Ciências Biológicas,IMPACTOS DO PROGRAMA DE MONITORIA APRENDIZAGEM E RENDIMENTO ACADÊMICO EM BIOLOGIA CELULAR.
Ciências Biológicas,"CONFECÇÃO DE CÉLULAS COMO RECURSOS DIDÁTICOS NO ENSINO E APRENDIZAGEM DE BIOLOGIA CELULAR, UMA AÇÃO DO PROGRAMA RESIDÊNCIA PEDAGÓGICA"
Ciências Biológicas,ESTUDO DA DENSIDADE POPULACIONAL DE AEDES AEGYPTI NO IFNMG CAMPUS TEÓFILO OTONI
Ciências Biológicas,AVALIAÇÃO DOS ESTUDANTES DO ENSINO FUNDAMENTAL II SOBRE AS CONTRIBUIÇÕES DO PROGRAMA PIBID NA ESCOLA
Ciências da Saúde,PANDEMIA DA COVID-19 E SAÚDE MENTAL DOS DISCENTES DO CURSO TÉCNICO EM ENFERMAGEM DO IFNMG
Ciências da Saúde,SEXUALIDADE E PREVENÇÃO DE INFECÇÕES SEXUALMENTE TRANSMISSÍVEIS ENTRE JOVENS E ADOLESCENTES BRASILEIROS
Ciências da Saúde,"ASSOCIAÇÃO ENTRE SEXO, IDADE E PREVALÊNCIA DE DOENÇAS CRÔNICAS NÃO TRANSMISSÍVEIS EM QUILOMBOLAS RURAIS DO NORTE DE MINAS GERAIS"
Ciências da Saúde,CAPACITAÇÃO DE PROFISSIONAIS DE SAÚDE NA PREVENÇÃO E NO TRATAMENTO DE LESÕES CUTÂNEASA
Ciências da Saúde,AVALIAÇÃO DA HIGIENIZAÇÃO DAS MÃOS PARA CONTROLE DE INFECÇÃO EM UMA UNIDADE DE SAÚDE NO MUNICÍPIO DE JANUÁRIA-MG
Ciências da Saúde,"ESPORTE, EDUCAÇÃO E CIDADANIA NO IFNMG - CAMPUS AVANÇADO PORTEIRINHA"
Ciências da Saúde,"ANÁLISE PARASITOLÓGICA DE CARNE MOÍDA, MORTADELA E APRESUNTADO FATIADO"
Ciências da Saúde,FATORES CLIMÁTICOS E A PREDISPOSIÇÃO PARA O ADOECIMENTO POR DENGUE: UMA ANÁLISE POR MEIO DA INTELIGÊNCIA ESPACIAL
Ciências da Saúde,CONSUMO DE ALIMENTOS SAUDÁVEIS E NÃO SAUDÁVEIS ENTRE OS ADOLESCENTES BRASILEIROS SEGUNDO A PENSE 2019
Ciências da Saúde,QUALIDADE DE CÁPSULAS MAGISTRAIS DE BIOTINA COMERCIALIZADAS NA CIDADE DE MONTES CLAROS - MG
Ciências da Saúde,"ADICÇÃO EM INTERNET, EM REDES SOCIAIS OU EM SMARTPHONE? PRIMEIRO ANO DE UMA ANÁLISE PROSPECTIVA"
Ciências Exatas,ANÁLISE DA QUALIDADE DA ÁGUA PARA O CONSUMO HUMANO EM FAZENDAS DO MUNICÍPIO DE RUBIM-MG
Ciências Exatas,PARTICIPAÇÃO FEMININA NA PESQUISA DO IFNMG CAMPUS ALMENARA EM 10 ANOS
Ciências Exatas,DETERMINAÇÃO DE VITAMINA C EM COMPRIMIDOS EFERVESCENTES E LARANJAS (CITRUS SP.) COMERCIALIZADOS EM ALMENARA-MG
Ciências Exatas,CLASSES DE RELEVO DAS UNIDADES DE CONSERVAÇÃO DO ALTO CARIRI – MINAS GERAIS/BAHIA – BRASIL
Ciências Exatas,ESTUDO DOS EFEITOS DAS CONDIÇÕES DA REAÇÃO DE TRANSESTERIFICAÇÃO SOBRE O RENDIMENTO NA PRODUÇÃO DE BIODIESEL
Ciências Exatas,PREVISÃO DE VELOCIDADE DO VENTO POR APRENDIZADO DE MÁQUINAS
Ciências Exatas,INFLUÊNCIA DA TAXA DE POPULAÇÃO OCUPADA NO PIB PER CAPITA NOS MUNICÍPIOS QUE COMPÕEM A MESORREGIÃO DO NORTE DE MINAS GERAIS DE ACORDO COM O CENSO DEMOGRÁFICO 2020
Ciências Exatas,DESENVOLVIMENTO DE UM SPINNER DE BAIXO CUSTO PARA DEPOSIÇÃO DE FILMES POLIMÉRICOS
Ciências Exatas,CARACTERIZAÇÃO FITOQUÍMICA E AVALIAÇÃO DE EXTRATOS ALCOÓLICOS DE PLECTRANTHUS ORNATUS CODD SOBRE A INIBIÇÃO DE LACTUCA SATIVA L.
Ciências Exatas,ENSINO DE FÍSICA ATRAVÉS DE UMA ABORDAGEM COM ENFOQUE EM CTS&A: UMA PROPOSTA PARA ESTUDO DE FÍSICA MODERNA NAS ESCOLAS DE ENSINO MÉDIO DO VALE DO JEQUITINHONHA E NORTE DE MINAS GERAIS
Ciências Exatas,ATIVIDADE EXPERIMENTAL PARA O ENSINO DE CALORIMETRIA NA RESIDÊNCIA PEDAGÓGICA
Ciências Exatas,DESENVOLVIMENTO DE FERRAMENTAS A PARTIR DO SOFTWARE EXCEL FUNDAMENTADAS NA MATEMÁTICA DO ENSINO MÉDIO
Ciências Exatas,DETERMINAÇÃO DE UMIDADE E TESTES DE QUEBRA DE DORMÊNCIA EM SEMENTES DE FORRAGEIRAS E MILHO
Ciências Exatas,"UM ESTUDO HISTÓRICO, CONCEITUAL E TEÓRICO DO CAMPO DE HIGGS"
Ciências Exatas,"JOGO DIDÁTICO ""LUDO QUÍMICO"" COMO ESTRATÉGIA PARA O ENSINO DE QUÍMICA NO ENSINO MÉDIO"
Ciências Exatas,RELATO DE EXPERIÊNCIA SOBRE A CONFECÇÃO DE UM SITE COMO FERRAMENTA PARA O ENSINO DE FÍSICA
Ciências Exatas,PROGRAMA RESIDÊNCIA PEDAGÓGICA: UMA PONTE ENTRE TEORIA E PRÁTICA
Ciências Exatas,UMA ABORDAGEM EXPERIMENTAL NO ENSINO DE FÍSICA
Ciências Exatas,CIÊNCIA: UMA ABORDAGEM NAS REDES SOCIAIS.
Ciências Exatas,DETERMINAÇÃO DO TEOR DE ACIDEZ TOTAL TITULÁVEL EM AMOSTRA DE LIMÃO TAHITI
Ciências Exatas,DETERMINAÇÃO DE PAR METROS FÍSICO-QUÍMICOS DE DIFERENTES SUCOS DE UVA COMERCIALIZADOS NO BAIXO JEQUITINHONHA-MG.
Ciências Exatas,AVALIAÇÃO DO TEOR DE ACIDEZ EM SUCOS DE LARANJAS IN NATURA COMERCIALIZADAS NO BAIXO JEQUITINHONHA - MG
Ciências Exatas,TRILHANDO O CAMINHO DA EDUCAÇÃO: REFLEXÕES PESSOAIS SOBRE MINHAS VIVÊNCIAS NO PIBID DE FÍSICA
Ciências Exatas,DESENVOLVENDO HABILIDADES DE COMUNICAÇÃO EM SALA DE AULA: LIÇÕES DA RESIDÊNCIA PEDAGÓGICA
Ciências Exatas,MODELAGEM MATEMÁTICA DE UM PÊNDULO SIMPLES UTILIZANDO EQUAÇÕES DIFERENCIAIS
Ciências Exatas,APLICAÇÃO DE UMA SEQUÊNCIA DIDÁTICA PARA O ENSINO DE SOLUÇÕES UTILIZANDO RÓTULOS DE PRODUTOS COMERCIAIS NA DISCIPLINA DE QUÍMICA NO IFNMG - CAMPUS SALINAS
Ciências Exatas,EDUCAÇÃO AMBIENTAL NA FORMAÇÃO DE PROFESSORES DE QUÍMICA PELO IFNMG CAMPUS SALINAS: UMA ANÁLISE DOS PROJETOS PEDAGÓGICOS DO CURSO
Ciências Exatas,CRESCIMENTO DE FILMES DE POLIANILINA SOBRE VIDRO PARA DESENVOLVIMENTO DE DISPOSITIVOS
Ciências Exatas,SUNFLOWER – SEGUIDOR SOLAR CONTROLADO COM ARDUINO UNO
Ciências Exatas,OBSERVAÇÃO DE EVENTOS ASTRONÔMICOS NO CÉU DE JANUÁRIA-MG
Ciências Exatas,INTELIGÊNCIA ARTIFICIAL APLICADA NA EXPLORAÇÃO DE CONCEITOS MATEMÁTICOS E RESOLUÇÃO DE PROBLEMAS LÓGICOS
Ciências Exatas,SÍNTESE DE NANOESTRUTURAS DE ÓXIDO DE ANTIMÔNIO VIA COMBUSTÃO AUTO SUSTENTADA
Ciências Exatas,CHAMA DE COMBUSTÃO SOB FORTE CAMPO ELÉTRICO – CONSTRUÇÃO DE UMA UNIDADE DE ENSINO SIMPLES E POTENCIALMENTE SIGNIFICATIVA
Ciências Exatas,MONITORAMENTO DE HORTAS UTILIZANDO ARDUINO E MÓDULO XBEE: IMPLEMENTAÇÃO DE REDE DE SENSORES SEM FIO COM PROTOCOLO ZIGBEE
Ciências Humanas,"CÁPSULA DO TEMPO: UMA PROPOSTA INTERDISCIPLAR PARA DISCUTIR MEMÓRIA, JUVENTUDE E PRESERVAÇÃO AMBIENTAL"
Ciências Humanas,"MÃES, AVÓS, FILHAS, IRMÃS ENTRE FIOS E AGULHAS: PERFIL DAS ARTESÃS DO MUNÍCIPIO DE JANAÚBA"
Ciências Humanas,RELATO DE EXPERIÊNCIA DO PROJETO: QUAL É A MINHA COR?
Ciências Humanas,O COMPARTILHAMENTO DE EXPERIÊNCIAS DOCENTES NA FORMAÇÃO PARA O USO DE FERRAMENTAS TECNOLÓGICAS
Ciências Humanas,PRÉ-TÉCNICO 2018
Ciências Humanas,TRAJETÓRIAS ESTUDANTIS NO IFNMG - CAMPUS ARAÇUAÍ: PENSANDO AS JUVENTUDES A PARTIR DOS CONCEITOS DA AGROECOLOGIA
Ciências Humanas,"REPRESENTATIVIDADE E PROPORCIONALIDADE DOS COMPONENTES DOS CONSELHOS GESTORES DO IFNMG, UM LIMITE PARA A DEMOCRATIZAÇÃO?"
Ciências Humanas,CENÁRIO E PERSPECTIVAS DE ALUNOS DO ENSINO MÉDIO EM UMA ESCOLA DO CAMPO NO MUNICÍPIO DE SALINAS-MG
Ciências Humanas,A EDUCAÇÃO QUE LIBERTA: UM OLHAR SOBRE OS EXCLUIDOS
Ciências Humanas,ANÁLISE DO TRABALHO NA MICRORREGIAO DE SALINAS: O CASO DA PRODUÇÃO DE CARVÃO VEGETAL
Ciências Humanas,DESIGUALDADE DE GÊNERO E RAÇA: O PAPEL DO ENSINO MÉDIO TÉCNICO NAS DESIGUALDADES DE ACESSO À EDUCAÇÃO SUPERIOR.
Ciências Humanas,O BIOMA DE ABRANGÊNCIA E A PREDISPOSIÇÃO PARA O ADOECIMENTO POR DENGUE NO BRASIL: UMA ANÁLISE POR MEIO DA INTELIGÊNCIA ESPACIAL
Ciências Humanas,O PORTE DAS CIDADES E A PREDISPOSIÇÃO PARA O ADOECIMENTO POR DENGUE NO BRASIL: UMA ANÁLISE POR MEIO DA INTELIGÊNCIA ESPACIAL
Ciências Humanas,CONSTRUINDO VÍNCULOS DURADOUROS: CARACTERÍSTICAS E VIABILIDADE DE UM PROGRAMA DE RELACIONAMENTO COM EGRESSOS DO ENSINO SUPERIOR NO IFNMG
Ciências Humanas,OFICINAS PEDAGÓGICAS NA EDUCAÇÃO INFANTIL
Ciências Humanas,MAPEAMENTO PRELIMINAR DOS REMANESCENTES DE COMUNIDADES QUILOMBOLAS NA MICRORREGIÃO DE SALINAS / MG
Ciências Humanas,HISTÓRIA E HISTORIOGRAFIA DA EDUCAÇÃO MINEIRA: UM BALANÇO DA PRODUÇÃO ACADÊMICA SOBRE A ESCOLARIZAÇÃO NO SERTÃO DE MINAS GERAIS
Ciências Humanas,CUIDAR-EDUCAR: A PERCEPÇÃO DOS PROFESSORES EM RELAÇÃO À AFETIVIDADE NA EDUCAÇÃO INFANTIL.
Ciências Humanas,ANSIEDADE E DEPRESSÃO NA APRENDIZAGEM DOS ADOLESCENTES NO RETORNO AS AULAS PRESENCIAIS
Ciências Humanas,SAÚDE MENTAL DO IDOSO: PERSPECTIVAS BIOPSICOSSOCIAIS PÓS INSTITUCIONALIZAÇÃO
Ciências Humanas,PROCESSO DE APRENDIZAGEM NA ADOLESCÊNCIA
Ciências Humanas,EXPERENCIAÇÕES PEDAGÓGICAS INCUTIDAS NA REFORMULAÇÃO CURRICULAR DOS CURSOS TÉCNICOS INTEGRADOS DO IFNMG CAMPUS ARAÇUAÍ
Ciências Humanas,ESTUDO DE CASO: O FUNCIONAMENTO DA GESTÃO E DA ORGANIZAÇÃO PEDAGÓGICA E ADMINISTRATIVA DA EJA EM UMA INSTITUIÇÃO DE ENSINO EM SALINAS-MG
Ciências Humanas,ACESSO ÀS TECNOLOGIAS DIGITAIS: O CAOS PERSISTE NAS ESCOLAS DO CAMPO
Ciências Humanas,A INSERÇÃO DE JOGOS PARA O ENSINO DA MATEMÁTICA NA EDUCAÇÃO INFANTIL
Ciências Humanas,O LÚDICO NO PROCESSO ENSINO-APRENDIZAGEM NA EDUCAÇÃO INFANTIL: ESTUDO DE CASO NO IFNMG- CAMPUS SALINAS
Ciências Humanas,FATORES DE EVASÃO E PERMANÊNCIA: UM ESTUDO DE CASO NO ENSINO MÉDIO INTEGRADO DA EPT
Ciências Humanas,DIFICULDADES ENFRENTADAS POR ALUNOS DO CAMPO DURANTE A PANDEMIA DA COVID-19
Ciências Humanas,CONTRIBUIÇÕES E AVANÇOS DO MONITORAMENTO DOS PIBIDIANOS NAS SÉRIES INICIAIS DO ENSINO FUNDAMENTAL
Ciências Humanas,SER PROFESSOR: AS RELAÇÕES ÉTNICO-RACIAIS NAS PRÁTICAS DE UM GRUPO DE DOCENTES DA CIDADE DE SALINAS/MG
Ciências Humanas,INFORMALIDADE E DESIGUALDADES: BREVE ANÁLISE DO MERCADO DE TRABALHO BRASILEIRO
Ciências Humanas,A IMPORTÂNCIA DAS BRINCADEIRAS ANTIGAS NA EDUCAÇÃO INFANTIL
Ciências Sociais Aplicadas,CONDIÇÃO MACROECONÔMICA E ABERTURA DE MICRO EMPREENDIMENTOS INDIVIDUAIS (MEI) NO BRASIL: ANÁLISE ENTRE OS ANOS DE 2012 A 2020
Ciências Sociais Aplicadas,ASPECTOS HISTÓRICOS E SOCIOECONÔMICOS ASSOCIADOS À CULTURA CAFEEIRA NO MUNICÍPIO DE MATA VERDE/MG
Ciências Sociais Aplicadas,AFROEMPREENDEDORISMO E AS DESIGUALDADES RACIAIS NA CIDADE DE ALMENARA/MG
Ciências Sociais Aplicadas,IF MAIS EMPRENDEDOR NACIONAL 2023: RECUPERAÇÃO DE EMPRESAS APÓS IMPACTOS DA PANDEMIA DE COVID-19
Ciências Sociais Aplicadas,VIVENDO ALÉM DAS SALAS DE AULA: A IMPORTÂNCIA DOS AUXÍLIOS DA ASSISTÊNCIA ESTUDANTIL NA PERSPECTIVA DOS ALUNOS – IFNMG CAMPUS DIAMANTINA
Ciências Sociais Aplicadas,CURRÍCULO E CAPACIDADE ORÇAMENTÁRIA: UMA ANÁLISE DA CARGA HORÁRIA DOS CURSOS DO IFNMG
Ciências Sociais Aplicadas,AUTOAVALIAÇÃO INSTITUCIONAL: ESTUDO DE CASO NO IFNMG
Ciências Sociais Aplicadas,TESTE DE PREÇOS PARA A DELIMITAÇÃO DO MERCADO RELEVANTE: UMA APLICAÇÃO PARA O MERCADO DE CIMENTO REGIÃO SUDESTE DO BRASIL.
Ciências Sociais Aplicadas,"IMPACTO DA PRESENÇA DE UMA GRANDE EMPRESA DO SETOR SUPERMERCADISTA NOS PREÇOS LOCAIS DO MUNICÍPIO DE JANUÁRIA MG, NO PERÍODO DE 2022 A 2023: UMA ANÁLISE DE CORRELAÇÃO"
Ciências Sociais Aplicadas,CANTEIRO EXPERIMENTAL: ESPAÇO PEDAGÓGICO PARA A REALIZAÇÃO DE PRÁTICAS DE CONSTRUÇÃO CIVIL NO CAMPUS SANTA LUZIA DO IFMG
Ciências Sociais Aplicadas,MARKETING DIGITAL APLICADO A REDES SOCIAIS
Educação e Ensino,POTENCIALIZANDO A APRENDIZAGEM EM FÍSICA: EXPERIMENTOS NO PROGRAMA DE RESIDÊNCIA PEDAGÓGICA
Educação e Ensino,TRAJETÓRIA DOS ESTUDANTES DO ENSINO MÉDIO INTEGRADO DO IFNMG/CAMPUS JANUÁRIA BENEFICIADOS PELO PROGRAMA DE ASSISTÊNCIA E APOIO AOS ESTUDANTES DURANTE A PANDEMIA
Educação e Ensino,CURRÍCULO INTEGRADO E PEDAGOGIA DA ALTERNÂNCIA: INTEGRAÇÃO ENTRE SABERES TRADICIONAIS E CIENTÍFICOS
Educação e Ensino,ENSINO DE DENSIDADE: UM RELATO DE EXPERIÊNCIA NA RESIDÊNCIA PEDAGÓGICA
Educação e Ensino,AULAS PRÁTICAS NO ENSINO DE CIÊNCIAS: UM ESTUDO EM UMA ESCOLA PÚBLICA DE SALINAS/MG DURANTE A RESIDÊNCIA PEDAGÓGICA.
Educação e Ensino,OFICINAS ESPORTIVAS NO IFNMG - CAMPUS AVANÇADO PORTEIRINHA: UMA VIVÊNCIA LÚDICA E PEDAGÓGICA
Educação e Ensino,"IMPORTÂNCIA DO USO DE AULAS PRÁTICAS COMO FERRAMENTA PEDAGÓGICA, ESTUDO DE CASO APLICADO AO ENSINO DO EFEITO TYNDALL AOS ALUNOS DO ENSINO MÉDIO NO IFNMG - SALINAS."
Educação e Ensino,O USO DOS SIMULADORES VIRTUAIS PHET E TINKERCAD NO ENSINO DE FÍSICA
Educação e Ensino,RESIDÊNCIA PEDAGÓGICA EM BIOLOGIA: REFLEXÕES E CONTRIBUIÇÕES PARA A FORMAÇÃO DOCENTE
Educação e Ensino,EXPERIÊNCIA NO MUNDO DO TRABALHO DOS EGRESSOS DO CURSO TÉCNICO EM SEGURANÇA DO TRABALHO DO IFNMG – CAMPUS MONTES CLAROS
Educação e Ensino,ESTUDO DO PROGRAMA DE ASSISTÊNCIA E APOIO AO ESTUDANTE NO INSTITUTO FEDERAL DO NORTE DE MINAS GERAIS - CAMPUS ALMENARA
Educação e Ensino,CONEXÕES ENTRE EDUCAÇÃO PROFISSIONAL E TECNOLÓGICA E EDUCAÇÃO ANTIRRACISTA: UM OLHAR NECESSÁRIO
Educação e Ensino,PROJETO AO FUNDO DO MAR: EXPERIÊNCIAS DE EDUCAÇÃO AMBIENTAL SOBRE OS CORAIS DESENVOLVIDAS NO PIBID
Educação e Ensino,A IMPORTÂNCIA DAS METODOLOGIAS ATIVAS NO PROCESSO DE ENSINO E APRENDIZAGEM
Educação e Ensino,DESAFIOS DA SALA DE AULA: PRIMEIRO CONTATO COM A FÍSICA POR MEIO DE EXPERIMENTOS
Educação e Ensino,A AUXILIAR DE CLASSE E O APAGAMENTO DE SUA IDENTIDADE PROFISSIONAL NA EDUCAÇÃO INFANTIL
Educação e Ensino,RESIDÊNCIA PEDAGÓGICA: REFLEXÕES SOBRE A GESTÃO E O AMBIENTE ESCOLAR
Educação e Ensino,FACILITANDO O APRENDIZADO DE FÍSICA NO ENSINO MÉDIO ATRAVÉS DA UNIÃO ENTRE TEORIA E PRÁTICA: UM ESTUDO DE CASO NA PROPULSÃO DE FOGUETES
Educação e Ensino,EXPLORANDO O POTENCIAL DE SEMINÁRIOS COMO FERRAMENTA DE APRENDIZAGEM EM BIOLOGIA NO ENSINO MÉDIO: UM RELATO DE EXPERIÊNCIA
Educação e Ensino,A PERCEPÇÃO DOS ESTUDANTES DO CTST DO IFNMG - CAMPUS MONTES CLAROS SOBRE A FORMAÇÃO PROFISSIONAL
Educação e Ensino,"UM ESTUDO SOBRE INUNDAÇÃO, ALAGAMENTO E ENCHENTE EM SALINAS/MG, NA PERSPECTIVA DA PEDAGOGIA HISTÓRICO CRÍTICA"
Educação e Ensino,PRÁTICAS PEDAGÓGICAS E A ABORDAGEM ÉTNICO-RACIAL: UM ESTUDO COM PROFESSORAS DO ENSINO FUNDAMENTAL I
Educação e Ensino,REVISÃO DOS CONCEITOS DE MÚLTIPLOS E DIVISORES DE NÚMEROS NATURAIS POR MEIO DA ABP (APRENDIZAGEM BASEADA EM PROBLEMAS)
Educação e Ensino,CONTRIBUIÇÕES DO PIBID PARA A FORMAÇÃO DOCENTE DE LICENCIANDOS DO IFNMG CAMPUS JANUÁRIA
Educação e Ensino,CONSCIENTIZAÇÃO AMBIENTAL ATRAVÉS DA FEIRA DE CIÊNCIAS EM UMA ESCOLA DE JANUÁRIA-MG
Educação e Ensino,ENSINO DE FÍSICA POR INVESTIGAÇÃO: PROMOVENDO A COMPREENSÃO ATIVA EM FÍSICA ATRAVÉS DE ATIVIDADES PRÁTICAS NO MBITO DO PROGRAMA PIBID.
Educação e Ensino,A CONCEPÇÃO DE TRABALHO INFERIDA NA PROPOSTA DA EDUCAÇÃO PROFISSIONAL E TECNOLÓGICA: O BALANÇO DE PRODUÇÕES ACADÊMICAS COMO MÉTODO DE ANÁLISE
Educação e Ensino,CONHECIMENTO ESPECIALIZADO PARA O ENSINO DE MATEMÁTICA: ANÁLISES DE TRABALHOS DE PESQUISAS PUBLICADAS NA BDTD NO PERÍODO DE 2013 A 2023
Educação e Ensino,CURSO TÉCNICO A DISTÂNCIA EM SERVIÇOS JURÍDICOS E A INSERÇÃO DAS BASES CONCEITUAIS DA EDUCAÇÃO PROFISSIONAL E TECNOLÓGICA
Educação e Ensino,A UTILIZAÇÃO DO SIMULADOR PHET COMO FERRAMENTA DE APRENDIZAGEM ATIVA NO ENSINO DE FÍSICA
Educação e Ensino,“QUEM EU SOU?” COMO ESTRATÉGIA DIDÁTICA PARA O ENSINO DE BOTÂNICA E ZOOLOGIA
Educação e Ensino,ENSINO REMOTO EMERGENCIAL E SAÚDE MENTAL: REPRESENTAÇÕES SOCIAIS DE DOCENTES DO IFNMG
Educação e Ensino,CURRICULARIZAÇÃO DA EXTENSÃO NOS CURSOS TÉCNICOS INTEGRADOS AO ENSINO MÉDIO DO IFNMG-INSTITUTO FEDERAL DO NORTE DE MINAS GERAIS: PROPOSTA DE CONSTRUÇÃO DE UMA DIRETRIZ CURRICULAR.
Educação e Ensino,"""APRENDENDO BRINCANDO: JOGO 'QUE FUNÇÃO SOU EU?' E A EXPLORAÇÃO DAS FUNÇÕES ORGÂNICAS"""
Educação e Ensino,O USO DE EXPERIMENTAÇÃO NO PROCESSO DE ENSINO APRENDIZAGEM DE QUÍMICA
Educação e Ensino,"ELETROQUÍMICA E MEIO AMBIENTE: CONSCIENTIZAÇÃO DO DESCARTE ADEQUADO DE PILHAS, BATERIAS E LIXO ELETROELETRÔNICO NO ENSINO MÉDIO"
Educação e Ensino,VIVENCIANDO A DOCÊNCIA NA EDUCAÇÃO INFANTIL: PRIMEIRAS EXPERIÊNCIAS NO PROGRAMA RESIDÊNCIA PEDAGÓGICA
Educação e Ensino,"APRENDIZAGENS E VIVÊNCIAS- VISITA TÉCNICA A CIDADE HISTÓRICA DO BRASIL, DIAMANTINA"
Educação e Ensino,MONITORIA INCLUSIVA: CONSIDERAÇÕES SOBRE O AUXÍLIO AOS ALUNOS ATENDIDOS PELO NAPNE – CAMPUS SALINAS
Educação e Ensino,"ENERGIA RENOVÁVEL, UMA ABORDAGEM DIDÁTICA PARA A COMUNIDADE ESCOLAR"
Educação e Ensino,TRADIÇÃO E APRENDIZADO: UMA JORNADA EDUCATIVA PELAS BRINCADEIRAS DE OUTRORA NA EDUCAÇÃO INFANTIL
Educação e Ensino,INTERVENÇÃO PEDAGÓGICA: ANÁLISE DE UMA PRÁTICA DO PIBID - SUBPROJETO PEDAGOGIA /CAMPUS SALINAS
Educação e Ensino,UM SISTEMA DE AVALIAÇÕES DIAGNÓSTICAS COMO FERRAMENTA PARA RECUPERAÇÃO DE APRENDIZAGENS
Educação e Ensino,O ENSINO DE GEOGRAFIA NAS SÉRIES INICIAIS: O COTIDIANO DE SALINAS-MG
Educação e Ensino,O USO DE JOGOS PEDAGÓGICOS: VIVÊNCIA EM UMA TURMA DO ENSINO MÉDIO DE UMA ESCOLA PÚBLICA NA CIDADE DE SALINAS-MG
Educação e Ensino,A IMPORTÂNCIA DA MUSICALIZAÇÃO NOS ANOS INICIAIS DO ENSINO FUNDAMENTAL: EXPERIÊNCIA VIVENCIADA NO PROGRAMA RESIDÊNCIA PEDAGÓGICA
Educação e Ensino,PROCESSO DE CRIAÇÃO E APLICAÇÃO DE GUIAS DE ESTUDO PARA O MODELO DE SIMULAÇÃO IFMUNDO
Educação e Ensino,GEOCACHING: A ALIANÇA ENTRE A GEOTECNOLOGIA E A SALA DE AULA
Educação e Ensino,AS BASES CONCEITUAIS PARA A EPT NA FORMAÇÃO DOS LICENCIANDOS EM MATEMÁTICA NO IFNMG - CAMPUS JANUÁRIA
Educação e Ensino,UM PANORAMA DA EVASÃO NO CURSO DE LICENCIATURA EM CIÊNCIAS BIOLÓGICAS DO IFNMG/CAMPUS JANUÁRIA
Educação e Ensino,ANÁLISE DE EXPERIMENTO DE BAIXO CUSTO PARA O ENSINO DE PROCESSOS DE TRANSFERÊNCIA DE CALOR.
Educação e Ensino,O ENSINO INTEGRADO NO IFBAIANO CAMPUS GUANAMBI: ANSIEDADE NOS DISCENTES
Educação e Ensino,PRÁTICAS DE ENSINO DA EDUCAÇÃO INFANTIL: UMA ANÁLISE DAS INTERAÇÕES SOCIAIS COMO FERRAMENTA PEDAGÓGICA COMPLEMENTAR PARA O ENSINO-APRENDIZAGEM DE INTERPRETAÇÃO DE TEXTOS E IMAGENS.
Educação e Ensino,"DA TEORIA À PRÁTICA, MINHA EXPERIÊNCIA NA RESIDÊNCIA PEDAGÓGICA"
Educação e Ensino,AULAS-PASSEIO: CONTRIBUIÇÕES PARA A CONSTRUÇÃO DA APRENDIZAGEM
Educação e Ensino,ANÁLISE CRÍTICA DO PNLD 2021 E AS NOVAS COLEÇÕES DOS LIVROS DIDÁTICOS DE FÍSICA.
Educação e Ensino,PERCEPÇÕES DOS ALUNOS DA E.E. PROFESSOR CLAUDEMIRO ALVES FERREIRA SOBRE AS ATIVIDADES DESENVOLVIDAS PELO PIBID DE MATEMÁTICA
Educação e Ensino,O PAPEL CRUCIAL DAS ABORDAGENS ATIVAS NO CONTEXTO DO ENSINO E APRENDIZAGEM
Educação e Ensino,A AVALIAÇÃO NA EDUCAÇÃO INFANTIL: O DITO E O FEITO
Educação e Ensino,A IMPORTÂNCIA DE AULAS PRÁTICAS DE BIOLOGIA PARA O PROCESSO DE ENSINO APRENDIZAGEM
Educação e Ensino,O NOVO ENSINO MÉDIO INTEGRAL: IMPACTOS NA DINÂMICA DO PROCESSO DE ENSINO E APRENDIZAGEM
Educação e Ensino,O DESENVOLVIMENTO DAS OPERAÇÕES LÓGICAS SOB A ÓTICA DA EPISTEMOLOGIA DE JEAN PIAGET
Educação e Ensino,PROJETO IPA: INSTITUTO DE PORTAS ABERTAS:MOSTRA DE PROFISSÕES DO IFNMG- CAMPUS MONTES CLAROS
Educação e Ensino,LETRAMENTO NA EDUCAÇÃO INFANTIL: UM ESTUDO SOBRE OS IMPACTOS DE JOGOS EDUCATIVOS COMO RECURSOS PEDAGÓGICOS.
Educação e Ensino,INVESTIGANDO O ENSINO E APRENDIZAGEM MATEMÁTICA SOB A PERSPECTIVA DA TEORIA DAS REPRESENTAÇÕES SEMIÓTICAS: UM ESTUDO COM ALUNOS INGRESSANTES NO CURSO DE LICENCIATURA EM MATEMÁTICA DO IFNMG-CAMPUS JANUÁRIA
Educação e Ensino,A “MÁQUINA” DO TEMPO: UTILIZAÇÃO DE JOGOS PEDAGÓGICOS PARA O ENSINO DA HISTÓRIA LOCAL
Educação e Ensino,O LOCUS DA POLITECNIA NAS DIRETRIZES PARA OFERTA DE CURSOS TÉCNICOS INTEGRADOS AO ENSINO MÉDIO NO INSTITUTO FEDERAL DO NORTE DE MINAS GERAIS – IFNMG
Engenharias,ENSAIO DE PRODUÇÃO E ANÁLISE SENSORIAL DE GELEIA DE “MEL” DE CACAU ADICIONADO EM IOGURTE GREGO
Engenharias,ESTUDO DE ANÁLISE TERMOGRÁFICA DOS MÓDULOS FOTOVOLTAICOS NA USINA DO IFNMG CAMPUS MONTES CLAROS
Engenharias,ENSAIO TERMOGRÁFICO DE MÓDULOS FOTOVOLTAICOS DO IFNMG – CAMPUS MONTES CLAROS
Engenharias,CARACTERIZAÇÃO E AVALIAÇÃO DE MOTORES DE INDUÇÃO TRIFÁSICOS: UMA ABORDAGEM BASEADA EM ENSAIOS E ALGORITMOS
Engenharias,CARACTERIZAÇÃO DE CURVAS I-V EM MÓDULOS FOTOVOLTAICOS: UM ESTUDO EM CONDIÇÕES ADVERSAS
Engenharias,MODELOS DE PREVISÃO PARA ENERGIA SOLAR FOTOVOLTAICA: UMA ANÁLISE COMPARATIVA
Engenharias,DETECÇÃO DE FALHAS EM SISTEMAS FOTOVOLTAICOS ATRAVÉS DO USO DE INTELIGÊNCIA ARTIFICIAL: UMA ANÁLISE BIBLIOGRÁFICA
Engenharias,CONTA GOTAS SONORO
Engenharias,PESO HECTOLITRO E POROSIDADE DOS GRÃO DO FEIJÃO MUNGO VERDE ( VIGNA RADIATA – FABACEAE)
Engenharias,POROSIDADE E PESO DE MIL GRÃOS DE GIRASSOL ( HELLIANTHUS ANNUS L.)
Engenharias,NÚMERO DE VAGENS E PESO DE VAGENS DO FEIJÃO AZUKI EM DIFERENTES DENSIDADES DE PLANTAS
Engenharias,MEMBRANA CERÂMICA DE ARGILAS LOCAIS E ARGILA COMERCIAL
Engenharias,PRODUÇÃO DE BRIQUETES DE CARVÃO A BASE DE CIGARROS
Engenharias,ANÁLISE DA POROSIDADE DO FEIJÃO CARIOCA
Engenharias,MAPEAMENTO AUTOMÁTICO DE ÁREAS DE PRESERVAÇÃO PERMANENTE DAS MARGENS DE RIOS E NASCENTES NA SUB-BACIA 41
Engenharias,SISTEMA DE CONTROLE INTELIGENTE PARA OTIMIZAÇÃO NO USO DOS APARELHOS DE AR-CONDICIONADO NAS SALAS DE AULA DO IFNMG - CAMPUS AVANÇADO PORTEIRINHA
Engenharias,"FREQUÊNCIA DE PRECIPITAÇÃO PARA A CIDADE DE SALINAS, MINAS GERAIS"
Engenharias,COMPOSIÇÃO GRAVIMÉTRICA E ESTIMATIVA DA GERAÇÃO PER CAPITA DOS RESÍDUOS SÓLIDOS DO REFEITÓRIO DO IFNMG - CAMPUS JANUÁRIA
Engenharias,AVALIAÇÃO DA CARNE MARMORIZADA ATRAVÉS DA APLICAÇÃO DE ENZIMA TRANSGLUTAMINASE (TGASE) EM LABORATÓRIO
Engenharias,"INFLUÊNCIA DO USO E COBERTURA DA TERRA E DA PRECIPITAÇÃO NOS PARÂMETROS DE VAZÃO DO RIO VACARIAS, MINAS GERAIS"
Engenharias,"MUDANÇAS NO USO E COBERTURA DA TERRA NA BACIA DO RIO PARDO, MINAS GERAIS"
Engenharias,COMPARAÇÃO DA PRECIPITAÇÃO ESTIMADA PELO PRODUTO CHIRPS COM DADOS OBSERVADOS
Engenharias,PAINEL ELETRÔNICO DE APOIO AO APRENDIZADO DE CÁLCULOS MATEMÁTICOS POR JOVENS COM DÉFICIT DE APRENDIZAGEM
Engenharias,INTEGRAÇÃO ENTRE O IFNMG E ESCOLAS PÚBLICAS PARA COMPETIÇÕES DE ROBÓTICA
Engenharias,ANÁLISE DA PERDA DE CARGA EM TUBULAÇÕES DE DIFERENTES DIÂMETROS
Engenharias,PROPRIEDADES FÍSICAS DA SEMENTE DA MELANCIA
Engenharias,CIRCULARIDADE DE GRÃOS DE MILHO ADQUIRIDO NO COMÉRCIO DE JANUÁRIA
Engenharias,ESFERICIDADE DE GRÃOS DE MILHO ADQUIRIDO NO COMÉRCIO DE JANUÁRIA
Engenharias,PROTÓTIPO DE BAIXO CUSTO PARA AUTOMAÇÃO DE SISTEMAS DE IRRIGAÇÃO
Engenharias,DETERMINAÇÃO DO ÂNGULO DE REPOUSO DO MILHO DENTADO COM TEOR DE ÁGUA EM 8%(B.U)
Engenharias,ANÁLISE DA POROSIDADE DO MILHO DENTADO COM TEOR DE ÁGUA EM 8%(B.U)
Engenharias,ANÁLISE DO PESO DE MIL GRÃOS DE MILHO
Engenharias,DETERMINAÇÃO DA VELOCIDADE DA INFILTRAÇÃO DE ÁGUA NO SOLO EM ÁREA EXPERIMENTAL DO IFNMG - CAMPUS JANUÁRIA
Engenharias,VERTEDORES DE BASE LARGA: COMPARAÇÃO DE MÉTODOS DE ESTIMATIVA DE VAZÃO EM RIOS
Engenharias,DETERMINAÇÃO DA UMIDADE DE SOLO ARENOSO PELO MÉTODO DO FORNO ELÉTRICO
Engenharias,VERIFICAÇÃO DA PRESENÇA DE TRIHALOMETANOS EM ÁGUAS DE ABASTECIMENTO E RECREAÇÃO DA REGIÃO DE MONTES CLAROS
Engenharias,IMPACTOS AMBIENTAIS GERADOS COM O AUMENTO DE LOTEAMENTOS URBANOS
Engenharias,CONSEQUÊNCIAS DA OCUPAÇÃO DESORDENADA DAS ÁREAS URBANAS
Engenharias,ANGULO DE REPOUSO DOS GRÃOS DE MILHO EM DIFERENTES TEORES DE ÁGUA
Engenharias,AVALIAÇÃO DO TIPO DE LIGAÇÃO DE BATERIAS EM SISTEMAS SOLARES FOTOVOLTAICOS OFF-GRID
Engenharias,ECONOMIA CIRCULAR E DESENVOLVIMENTO DE BLOQUETES SUSTENTÁVEIS
Engenharias,CORTE EM MOTOR DE COMBUSTÃO PARA ESTUDO DE FUNCIONAMENTO E FINS DIDÁTICOS .
Engenharias,INVESTIGAÇÃO DE MÉTODOS ALTERNATIVOS PARA AVALIAÇÃO DA DEGRADAÇÃO INDUZIDA POR POTENCIAL EM MÓDULOS FOTOVOLTAICOS
Engenharias,CONCRETO VIRADO EM OBRA – IDENTIFICAÇÃO DOS TRAÇOS MAIS UTILIZADOS NO MUNICÍPIO DE PIRAPORA/MG
Engenharias,EFEITO DAS MUDANÇAS CLIMÁTICAS NO NORTE DE MINAS GERAIS UTILIZANDO O MODELO FIO-ESM-2-0
Engenharias,EFEITO DAS MUDANÇAS CLIMÁTICAS NO BALANÇO HIDRÍCO DO NORTE DE MINAS GERAIS
Engenharias,AVALIAÇÃO DA UTILIZAÇÃO DE AGREGADO MIÚDO DE VIDRO NA PRODUÇÃO DE PAVIMENTOS INTERTRAVADOS DE CONCRETO
Engenharias,ESTUDO DE SINAIS COM AUXÍLIO DAS SÉRIES DE FOURIER E APLICAÇÃO DA TRANSFORMADA DE LAPLACE PARA DIMENSIONAR FILTROS PASSIVOS
Engenharias,BARREIRAS ARQUITETÔNICAS NA EDUCAÇÃO NACIONAL E INTERNACIONAL: UM ESTUDO COMPARATIVO ENTRE A ACESSIBILIDADE NO ENTORNO DO IFNMG - CAMPUS PIRAPORA E O INSTITUTO POLITÉCNICO DA GUARDA
Engenharias,EFEITO DE DIFERENTES TRATAMENTOS NOS PARAMETROS FÍSICO-QUÍMICOS DA ÁGUA DE RESERVATÓRIOS DO PROGRAMA CISTERNAS
Engenharias,DETERMINAÇÃO DA UMIDADE DE CAPACIDADE DE CAMPO PELO MÉTODO “IN SITU” EM SOLO DE ÁREA EXPERIMENTAL DO IFNMG CAMPUS JANUÁRIA
Engenharias,CONSTRUÇÃO E VALIDAÇÃO DE MESA TENSORA ALTERNATIVA E DE BAIXO CUSTO PARA DETERMINAÇÃO DE UMIDADE EM CAPACIDADE DE CAMPO
Engenharias,UNIFORMIDADE DE DISTRIBUIÇÃO DE IRRIGAÇÃO EM SISTEMA DE IRRIGAÇÃO POR MICROASPERSÃO INSTALADO EM BANANAL
Engenharias,MEDIDOR DE VAZÃO ARTESANAL UTILIZANDO O EFEITO VENTURI
Informática,UMA ANÁLISE DO DESEMPENHO EM REDES COMPUTACIONAIS: MENSURANDO THROUGHPUT EM UMA REDE DE DADOS
Informática,"O ROTPORT: UM APLICATIVO PARA TURISMO NA CIDADE DE PORTEIRINHA, MINAS GERAIS"
Informática,DIFERENTES ABORDAGENS NO ENSINO DA PROGRAMAÇÃO DE FORMA LÚDICA NO PROJETO RONDON - OPERAÇÃO MINAS GERAIS
Informática,EXPLORANDO ALGORITMOS DE APRENDIZADO DE MÁQUINA PARA PREDIÇÃO DE MORTE POR DOENÇA DE CHAGAS
Informática,FORTALECENDO A CULTURA DE DOAÇÃO ATRAVÉS DE TECNOLOGIAS DIGITAIS: PROTOTIPAÇÃO DE UM APLICATIVO DE DOAÇÃO
Informática,SIMULAÇÃO DE FLUIDOS COM O MÉTODO SEM MALHA SMOOTHED PARTICLE HYDRODYNAMICS (SPH) COM O PYSPH
Informática,DESENVOLVIMENTO DE APLICATIVO MOBILE E SISTEMA DE GERENCIAMENTO WEB PARA INTEGRAÇÃO COM O PROTÓTIPO DE CONTROLE INTELIGENTE DE AR-CONDICIONADO NAS SALAS DE AULA DO IFNMG CAMPUS AVANÇADO PORTEIRINHA
Informática,PRÁTICAS DE PESQUISA NO PROCESSO DE APRENDIZAGEM DE INTERFACE HOMEM – COMPUTADOR: UMA ANÁLISE DO PORTAL INSTITUCIONAL DO IFNMG POR ESTUDANTES DO CAMPUS SALINAS
Informática,A VISUALIZAÇÃO DE DADOS PARA MELHOR COMPREENSÃO DA DINÂMICA DO MERCADO DE TRABALHO EM INFORMÁTICA NA MICRORREGIÃO DE SALINAS-MG
Informática,FRAMEWORK PARA O ENSINO DE COMPUTAÇÃO GRÁFICA: ABSTRAÇÃO DA COMPLEXIDADE DE SOFTWARE NO CONTEXTO DO ENSINO SUPERIOR
Informática,A MIGRAÇÃO DE UM JOGO DIGITAL EDUCACIONAL DE PLATAFORMA PARA A VERSÃO WEB: O CASO DO INDISCIPLINA 2D
Informática,MINERAÇÃO DE REGRAS DE ASSOCIAÇÃO PARA DESCOBERTA DE PADRÕES FREQUENTES EM DOENÇA DE CHAGAS
Informática,MINERAÇÃO DE DADOS NA PRODUÇÃO DO QUEIJO MINAS ARTESANAL
Informática,DESENVOLVIMENTO DO PENSAMENTO COMPUTACIONAL NOS ANOS FINAIS DO ENSINO FUNDAMENTAL
Informática,APOIO À TOMADA DE DECISÃO EM PROJETOS SOCIAIS
Informática,AÇÕES PARA PERMANÊNCIA E ÊXITO DO PÚBLICO FEMININO NOS CURSOS DE TECNOLOGIA DA INFORMAÇÃO E COMUNICAÇÃO NO INSTITUTO FEDERAL DO NORTE DE MINAS GERAIS - CAMPUS JANUÁRIA
Informática,ANÁLISE DE QUALIDADE DE SOFTWARE: UM ESTUDO DE CASO COM O MÓDULO DE GESTÃO DE ESTÁGIOS DO IFNMG
Informática,DESENVOLVIMENTO DE SOFTWARE PARA REGISTRO DE ESPÉCIES DA FAUNA E FLORA DO PARQUE ESTADUAL SERRA NOVA E TALHADO
Informática,RECONFIGURAÇÃO DE DISPOSITIVOS IPTV ILEGAIS: A CONVERSÃO EM MINICOMPUTADORES PARA DESTINAÇÃO SUSTENTÁVEL
Informática,A TECNOLOGIA DA INFORMAÇÃO COMO FERRAMENTA DE APOIO NA CONSCIENTIZAÇÃO DE INCÊNDIOS FLORESTAIS
Informática,A EXPERIÊNCIA NO USO DO APP INVENTOR PARA O ENSINO DE LÓGICA DE PROGRAMAÇÃO ATRAVÉS DE OFICINAS
"Linguística, Letras e Artes",GRANDE SERTÃO:VEREDAS E O RIO URUCUIA
"Linguística, Letras e Artes",PRÁTICAS DE LETRAMENTO NO IFNMG: DESTRAVANDO AS HABILIDADES DE LEITURA E ESCRITA ACADÊMICA
"Linguística, Letras e Artes",ALMANAQUE IF-DIAMAS: ESCRITAS MULTIMODAIS
"Linguística, Letras e Artes",CANTIGAS NAS MANIFESTAÇÕES DO BOI DE JANEIRO SALINENSE: NARRATIVAS DE UMA MEMÓRIA COLETIVA
"Linguística, Letras e Artes",A FORMAÇÃO DO LEITOR LITERÁRIO E SUAS REVERBERAÇÕES NA REDAÇÃO DO ENEM
"Linguística, Letras e Artes",JOGANDO COM AS AÇÕES BÁSICAS DE ESFORÇO: PASSO 1 – TREINAMENTO TÉCNICO EXPRESSIVO
"Linguística, Letras e Artes","JORNAL ESCOLAR DO IFNMG, FOLHA PORTEIRINHA"
"Linguística, Letras e Artes",UTILIZAÇÃO DO SOFTWARE MATHEMATICS PARA O ENSINO DE FUNÇÃO POLINOMIAL DE GRAU UM
"Linguística, Letras e Artes","""FILOSOFIA DE UM PAR DE BOTAS"": DESAFIOS NA EDIÇÃO DE UMA ""FANTASIA"" DE MACHADO DE ASSIS"
"Linguística, Letras e Artes",RESIDÊNCIA PEDAGÓGICA: AS LACUNAS NO PROCESSO DE ALFABETIZAÇÃO E LETRAMENTO EM UMA TURMA DO 4° ANO DO FUNDAMENTAL I
"Linguística, Letras e Artes",O VALE DO GORUTUBA EM CANÇÃO: APROXIMAÇÕES AO PATRIMÔNIO CULTURAL IMATERIAL DE JANAÚBA-MG
Multidisciplinar,DETERMINAÇÃO DA ACIDEZ TOTAL DE VINHOS TINTOS COMERCIALIZADOS NA CIDADE DE ALMENARA-MG
Multidisciplinar,ENTRE PRAÇAS E RUAS: UM ESTUDO INTERDISCIPLINAR DOS NOMES DOS LOGRADOUROS DA CIDADE DE ALMENARA - MINAS GERAIS
Multidisciplinar,ESTUDOS DE GÊNERO E SEXUALIDADE NA EDUCAÇÃO: UMA PANORÂMICA SOBRE O DOCUMENTO PCN - ORIENTAÇÃO SEXUAL (1998)
Multidisciplinar,LEVANTAMENTO DIAGNÓSTICO PARA NORTEAR PRÁTICAS DE EDUCAÇÃO AMBIENTAL
Multidisciplinar,"DIMENSIONAMENTO E CARACTERIZAÇÃO DE HORTALIÇAS COMERCIALIZADAS NA FEIRA LIVRE DE JEQUITINHONHA, MG."
Multidisciplinar,ANÁLISE DE QUALIDADE DE DA ÁGUA DAS NASCENTES DA CIDADE DE ALMENARA/MG
Multidisciplinar,MAPEAMENTO DA HIDROGRAFIA DO MUNICÍPIO DE DIAMANTINA-MG UTILIZANDO O SOFTWARE LIVRE QGIS
Multidisciplinar,ANÁLISE DA EXPERIÊNCIA DOS VISITANTES DO 1º FESTIVAL DAS FLORES DE JANUÁRIA
Multidisciplinar,CONHECIMENTO SOBRE BIOSSEGURANÇA DOS USUÁRIOS DE LABORATÓRIOS DE ENSINO E PESQUISA DO IFNMG -CAMPUS SALINAS
Multidisciplinar,"QUALIDADE DA ÁGUA PARA FINS DE BALNEABILIDADE, EM UM TRECHO NA SUB-BACIA DO RIACHO DA CRUZ"
Multidisciplinar,PARTICIPAÇÃO DE MULHERES NO PROGRAMA DE AQUISIÇÃO DE ALIMENTOS (PAA) NO MUNICÍPIO DE MEDINA-MG
Multidisciplinar,ANÁLISE QUANTITATIVA DOS INSETOS QUE COMPÕEM O ACERVO DA COLEÇÃO ENTOMOLÓGICA DIDÁTICA
Multidisciplinar,UMA ANÁLISE DA PRODUÇÃO DE TESES E DISSERTAÇÕES SOBRE MEDIDORES DE ÁGUA
Multidisciplinar,APLICAÇÕES DE TÉCNICAS DE REGRESSÃO PARA O MONITORAMENTO DE CONDIÇÕES DE MÁQUINAS NO CONTEXTO INDUSTRIAL
Multidisciplinar,A MILITARIZAÇÃO DAS ESCOLAS PÚBLICAS EM MINAS GERAIS: APROXIMAÇÕES INICIAIS
Multidisciplinar,O USO DO JOGO ROBLOX NA APRENDIZAGEM DE LÓGICA DE PROGRAMAÇÃO PARA O ENSINO INTEGRATO TÉCNICO EM INFORMÁTICA
Multidisciplinar,A UTILIZAÇÃO DA MÚSICA NO PROCESSO DE ALFABETIZAÇÃO E LETRAMENTO
Multidisciplinar,"MAPA DAS CULTURAS DO IFNMG: IDENTIFICAÇÃO E DIVULGAÇÃO DOS AGENTES, EVENTOS, PROJETOS E ESPAÇOS CULTURAIS NA ÁREA DE ABRANGÊNCIA DO IFNMG CAMPUS PORTEIRINHA"
Multidisciplinar,UTILIZAÇÃO DO GOOGLE STREET VIEW COMO ALTERNATIVA REMOTA PARA A REALIZAÇÃO DE INVENTÁRIO FLORESTAL URBANO
Multidisciplinar,ARBORIZAÇÃO URBANA: PERCEPÇÃO DA POPULAÇÃO URUCUIANA
Multidisciplinar,ANÁLISE DE POTABILIDADE DA ÁGUA NOS BEBEDOUROS DO IFNMG/ CAMPUS JANUÁRIA
