area_tematica,titulo_do_trabalho,categoria
Não Especificada,DESENVOLVIMENTO DE UM JOGO DIGITAL EDUCATIVO PARA O ENSINO DE QUÍMICA: UMA ABORDAGEM INTERATIVA E GAMIFICADA PARA A APRENDIZAGEM DE CONCEITOS FUNDAMENTAIS,"PIBIC-EM, PIBIC-Jr ou trabalho de pesquisa voluntário nível médio/técnico"
Não Especificada,EXTRATO ALCOÓLICO DE PRÓPOLIS E ÓLEOS ESSENCIAIS COMO AGENTES DE BIOCONTROLE EM COMBATE AO FUNGO CANDIDA ALBICANS,"PIBIC-EM, PIBIC-Jr ou trabalho de pesquisa voluntário nível médio/técnico"
Não Especificada,EXPERIMENTAÇÃO COMO ESTRATÉGIA PARA O ENSINO DE FÍSICA NO IFNMG CAMPUS JANAÚBA,"PIBIC-EM, PIBIC-Jr ou trabalho de pesquisa voluntário nível médio/técnico"
Não Especificada,CAIXA DE CORES OCULTA,"PIBIC-EM, PIBIC-Jr ou trabalho de pesquisa voluntário nível médio/técnico"
Não Especificada,DETERMINAÇÃO EXPERIMENTAL DA ACELERAÇÃO DE UMA CARRINHO NO PLANO INCLINADO,"PIBIC-EM, PIBIC-Jr ou trabalho de pesquisa voluntário nível médio/técnico"
Não Especificada,INVASÃO ARBÓREA NO CERRADO: APLICAÇÃO DO ÍNDICE DE ÁREA FOLIAR (LAI) COMO INDICADOR ESTRUTURAL POR SENSORIAMENTO REMOTO,"PIBIC-EM, PIBIC-Jr ou trabalho de pesquisa voluntário nível médio/técnico"
Não Especificada,LABORATÓRIO DE PRÁTICAS PEDAGÓGICAS E METODOLOGIAS ATIVAS (LAPP) DO IFNMG/CAMPUS JANUÁRIA: UM PANORAMA DA UTILIZAÇÃO DESSE ESPAÇO DE ENSINO-APRENDIZAGEM,"PIBIC-EM, PIBIC-Jr ou trabalho de pesquisa voluntário nível médio/técnico"
Não Especificada,O CAMPO DE INDUÇÃO MAGNÉTICA COMO BENEFICIAMENTO SUSTENTÁVEL DO FEIJÃO-COMUM.,"PIBIC-EM, PIBIC-Jr ou trabalho de pesquisa voluntário nível médio/técnico"
Não Especificada,AVALIAÇÃO DO DESENVOLVIMENTO MORFOLÓGICO DO CAPIM-BUFFEL NO PERÍODO OUTONO-INVERNO,"PIBIC-EM, PIBIC-Jr ou trabalho de pesquisa voluntário nível médio/técnico"
Não Especificada,AVALIAÇÃO DAS CARACTERÍSTICAS PRODUTIVAS E ESTRUTURAIS DA PALMA FORRAGEIRA CV. IPA SERTÂNIA EM DIFERENTES FORMAS DE PROPAGAÇÃO,"PIBIC-EM, PIBIC-Jr ou trabalho de pesquisa voluntário nível médio/técnico"
Não Especificada,LEVANTAMENTO FITOSSOCIOLÓGICO DE PLANTAS DANINHAS EM PASTAGENS,"PIBIC-EM, PIBIC-Jr ou trabalho de pesquisa voluntário nível médio/técnico"
Não Especificada,AVALIAÇÃO DA QUALIDADE DE VIDA DE ESTUDANTES DE GRADUAÇÃO DE UMA INSTITUIÇÃO PÚBLICA DE ENSINO SUPERIOR POR MEIO DO WHOQOL-BREF,"PIBIC-EM, PIBIC-Jr ou trabalho de pesquisa voluntário nível médio/técnico"
Não Especificada,CONTRIBUIÇÕES DA ATIVIDADE FÍSICA PARA A QUALIDADE DE VIDA DE IDOSOS,"PIBIC-EM, PIBIC-Jr ou trabalho de pesquisa voluntário nível médio/técnico"
Não Especificada,"BOI DE JANEIRO: CANÇÃO, TRADIÇÃO E CULTURA POPULAR NAS ESCOLAS DE SALINAS","PIBIC-EM, PIBIC-Jr ou trabalho de pesquisa voluntário nível médio/técnico"
Não Especificada,"EDUCAÇÃO E IDENTIDADE QUILOMBOLA: PRÁTICAS PEDAGÓGICAS NA ESCOLA ESTADUAL MANOEL PEDRO DA SILVA, COMUNIDADE NOVA MATRONA","PIBIC-EM, PIBIC-Jr ou trabalho de pesquisa voluntário nível médio/técnico"
Não Especificada,PROTAGONISMO FEMININO NA EDUCAÇÃO INDÍGENA: A ATUAÇÃO DAS MULHERES DA COMUNIDADE CINTA VERMELHA JUNDIBÁ,"PIBIC-EM, PIBIC-Jr ou trabalho de pesquisa voluntário nível médio/técnico"
Não Especificada,PRESENÇA E PERMANÊNCIA DE ESTUDANTES COM DEFICIÊNCIA NO ENSINO SUPERIOR: ANÁLISE NO CONTEXTO DO IFNMG-CAMPUS PIRAPORA (2016-2025),"PIBIC-EM, PIBIC-Jr ou trabalho de pesquisa voluntário nível médio/técnico"
Não Especificada,A REGIÃO NORTE DE MINAS GERAIS SOB ANÁLISE SINTETIZADA: O DESENVOLVIMENTO SOCIAL DOS MUNICÍPIOS,"PIBIC-EM, PIBIC-Jr ou trabalho de pesquisa voluntário nível médio/técnico"
Não Especificada,INVESTIGAÇÃO DOS MUNICÍPIOS BRASILEIROS: OS MULTIFATORES DA INFRAESTRUTURA URBANA E SEUS PADRÕES DE QUALIDADE,"PIBIC-EM, PIBIC-Jr ou trabalho de pesquisa voluntário nível médio/técnico"
Não Especificada,GEOESTATÍSTICA E REGIONALIZAÇÃO DO AGRAVAMENTO DAS INFECÇÕES POR DENGUE: O ESTADO DAS MINAS POR MEIO DA TECNOLOGIA GEOGRÁFICA,"PIBIC-EM, PIBIC-Jr ou trabalho de pesquisa voluntário nível médio/técnico"
Não Especificada,PREDISPOSIÇÃO HIERÁRQUICA PARA AS INFECÇÕES POR DENGUE: O CASO DO ESTADO DA BAHIA SOB EXAME ESTATÍSTICO,"PIBIC-EM, PIBIC-Jr ou trabalho de pesquisa voluntário nível médio/técnico"
Não Especificada,A CORRELAÇÃO DA CLASSIFICAÇÃO CLIMÁTICA DE KÖPPEN COM O ADOECIMENTO POR DENGUE: REGIONALIZAÇÃO DO BRASIL POR MEIO DE MÚLTIPLOS FATORES ESPACIAIS,"PIBIC-EM, PIBIC-Jr ou trabalho de pesquisa voluntário nível médio/técnico"
Não Especificada,PRODUÇÃO DE MATÉRIA SECA NO SISTEMA DE INTEGRAÇÃO LAVOURA-PECUÁRIA COM SORGO BRS 658 E CAPIM-PAIAGUÁS,"PIBIC-EM, PIBIC-Jr ou trabalho de pesquisa voluntário nível médio/técnico"
Não Especificada,INFLUÊNCIA DA INTENSIDADE LUMINOSA NO CRESCIMENTO MORFOLÓGICO DE FEIJÃO-CAUPI (VIGNA UNGUICULATA),"PIBIC-EM, PIBIC-Jr ou trabalho de pesquisa voluntário nível médio/técnico"
Não Especificada,EFEITO DA ADUBAÇÃO QUÍMICA SOBRE AS CARACTERÍSTICAS ESTRUTURAIS DE CULTIVARES DE PALMA FORRAGEIRA,"PIBIC-EM, PIBIC-Jr ou trabalho de pesquisa voluntário nível médio/técnico"
Não Especificada,DIGITALIZAÇÃO E DEMOCRATIZAÇÃO DO ACESSO AOS SERVIÇOS BANCÁRIOS: UM ESTUDO EM UMA INSTITUIÇÃO FEDERAL DE ENSINO,"PIBIC-EM, PIBIC-Jr ou trabalho de pesquisa voluntário nível médio/técnico"
Não Especificada,PERFILHAMENTO DE CULTIVARES DO GÊNERO BRACHIARIA IRRIGADAS NO PERÍODO SECO,"PIBIC-EM, PIBIC-Jr ou trabalho de pesquisa voluntário nível médio/técnico"
Não Especificada,ENTREVISTA E DIÁLOGO COM AGRICULTORES FAMILIARES DA CIDADE DE JOAÍMA MINAS GERAIS.,"PIBIC-EM, PIBIC-Jr ou trabalho de pesquisa voluntário nível médio/técnico"
Não Especificada,PÓ DE ROCHA NO DESEMPENHO PRODUTIVO DE PLANTAS FORRAGEIRAS,"PIBIC-EM, PIBIC-Jr ou trabalho de pesquisa voluntário nível médio/técnico"
Não Especificada,DETERMINAÇÃO DO TEOR DE CAFEÍNA EM AMOSTRAS DE CAFÉ COM DIFERENTES TIPOS DE TORRAS COMERCIALIZADAS NO MUNICÍPIO DE MONTES CLAROS – MG,"PIBIC-EM, PIBIC-Jr ou trabalho de pesquisa voluntário nível médio/técnico"
Não Especificada,"SIMULAÇÃO GLOBAL NO IFNMG-CAMPUS PIRAPORA: FORMAÇÃO CIDADÃ, CRÍTICA E GLOBAL","PIBIC-EM, PIBIC-Jr ou trabalho de pesquisa voluntário nível médio/técnico"
Não Especificada,DIFERENTES MÉTODOS DE CULTIVO DE IPÊ-ROSA (HANDROANTHUS HEPTAPHYLLUS) PARA ARBORIZAÇÃO E REFLORESTAMENTO,"PIBIC-EM, PIBIC-Jr ou trabalho de pesquisa voluntário nível médio/técnico"
Não Especificada,INFLUÊNCIA DE DIFERENTES RECIPIENTES NA QUALIDADE DE MUDAS E NO DESENVOLVIMENTO EM CAMPO DE KHAYA SENEGALENSIS,"PIBIC-EM, PIBIC-Jr ou trabalho de pesquisa voluntário nível médio/técnico"
Não Especificada,ESTRELAS NA NOITE DO BRASIL: MÚSICA E ENSINO DE HISTÓRIA DA DITADURA MILITAR (1964-1985),"PIBIC-EM, PIBIC-Jr ou trabalho de pesquisa voluntário nível médio/técnico"
Não Especificada,"ADICÇÃO EM INTERNET, EM REDES SOCIAIS OU EM SMARTPHONE? TERCEIRO ANO DE UMA ANÁLISE PROSPECTIVA","PIBIC-EM, PIBIC-Jr ou trabalho de pesquisa voluntário nível médio/técnico"
Não Especificada,DISTRIBUIÇÃO ESPAÇO-TEMPORAL DE APHIS GOSSYPII E COCCINELLIDAE EM ALGODÃO NO VALE DO JEQUITINHONHA,"PIBIC-EM, PIBIC-Jr ou trabalho de pesquisa voluntário nível médio/técnico"
Não Especificada,AVALIAÇÃO DA PERCEPÇÃO DE CONCEPÇÕES E PRÁTICAS DA COLETA SELETIVA NO MUNICÍPIO DE DIAMANTINA- MG,"PIBIC-EM, PIBIC-Jr ou trabalho de pesquisa voluntário nível médio/técnico"
Não Especificada,EFEITO DO FUNGO ENTOMOPATOGÊNICO BEAUVERIA BASSIANA EM PUPAS DE SPODOPTERA FRUGIPERDA,"PIBIC-EM, PIBIC-Jr ou trabalho de pesquisa voluntário nível médio/técnico"
Não Especificada,DETERMINAÇÃO DAS ÁREAS PRIORITÁRIAS À CONSERVAÇÃO NA BACIA DO RIO MOSQUITO,"PIBIC-EM, PIBIC-Jr ou trabalho de pesquisa voluntário nível médio/técnico"
Não Especificada,QUALIDADE FISIOLÓGICA DE SEMENTES SALVAS (S2) DE FEIJÕES CAUPI CULTIVADAS NA REGIÃO DO BAIXO JEQUITINHONHA,"PIBIC-EM, PIBIC-Jr ou trabalho de pesquisa voluntário nível médio/técnico"
Não Especificada,MODELAGEM DE UX/UI PARA UM APLICATIVO DE CREDENCIAMENTO ACADÊMICO: UMA EXPERIÊNCIA CENTRADA NO USUÁRIO,"PIBIC-EM, PIBIC-Jr ou trabalho de pesquisa voluntário nível médio/técnico"
Não Especificada,AS CARACTERÍSTICAS DO AMBIENTE E SUA RELAÇÃO COM A OCORRÊNCIA DE FOCOS DE INCÊNCIO NO CERRADO EM MINAS GERAIS,"PIBIC-EM, PIBIC-Jr ou trabalho de pesquisa voluntário nível médio/técnico"
Não Especificada,SEQUÊNCIA DIDÁTICA INVESTIGATIVA SOBRE DIFERENÇA DE QUADRADOS: UM RELATO DE PRÁTICA NO ENSINO FUNDAMENTAL,"PIBIC-EM, PIBIC-Jr ou trabalho de pesquisa voluntário nível médio/técnico"
Não Especificada,O REMANESCENTE QUILOMBOLA MARGEM DA LINHA EM TEÓFILO OTONI-MG: PRIMEIRAS APROXIMAÇÕES DE UMA PESQUISA EM CONSTRUÇÃO,"PIBIC-EM, PIBIC-Jr ou trabalho de pesquisa voluntário nível médio/técnico"
Não Especificada,DINÂMICA DA COBERTURA VEGETAL NA APA MATA DO KRAMBECK ENTRE 2015 E 2025 POR MEIO DA SUBTRAÇÃO DE IMAGENS NDVI,"PIBIC-EM, PIBIC-Jr ou trabalho de pesquisa voluntário nível médio/técnico"
Não Especificada,METODOLOGIAS ATIVAS NO ENSINO DE CIÊNCIAS: O USO DO FILME OSMOSE JONES COMO FERRAMENTA FACILITADORA DA APRENDIZAGEM.,"PIBIC-EM, PIBIC-Jr ou trabalho de pesquisa voluntário nível médio/técnico"
Não Especificada,INTELIGÊNCIA ARTIFICIAL CONTRA FAKE NEWS: A LUTA PELA VERDADE E PELA SEGURANÇA NAS REDES SOCIAIS,"PIBIC-EM, PIBIC-Jr ou trabalho de pesquisa voluntário nível médio/técnico"
Não Especificada,DINÂMICA DA COBERTURA VEGETAL NA APA DO RIO PANDEIROS ENTRE 2015 E 2025 POR MEIO DA SUBTRAÇÃO DE IMAGENS NDVI,"PIBIC-EM, PIBIC-Jr ou trabalho de pesquisa voluntário nível médio/técnico"
Não Especificada,VOZES DO VALE DO GURUTUBA: HISTÓRIAS E SABERES ANCESTRAIS,"PIBIC-EM, PIBIC-Jr ou trabalho de pesquisa voluntário nível médio/técnico"
Não Especificada,DESEMPENHO ESCOLAR DOS ESTUDANTES DO ENSINO MÉDIO: APOIO SOCIAL E FAMILIAR,"PIBIC-EM, PIBIC-Jr ou trabalho de pesquisa voluntário nível médio/técnico"
Não Especificada,DESENVOLVIMENTO E ANÁLISE DE FOGUETES DE GARRAFA PET PARA ENSINO E PESQUISA EM SUSTENTABILIDADE AMBIENTAL,"PIBIC-EM, PIBIC-Jr ou trabalho de pesquisa voluntário nível médio/técnico"
Não Especificada,COMPARAÇÃO DA REPRESENTATIVIDADE DE AMOSTRAS COMPOSTAS (ALBITA E XISTO) POR QUARTEAMENTO MANUAL DE PILHAS CÔNICAS E QUARTEADOR RIFLE.,"PIBIC-EM, PIBIC-Jr ou trabalho de pesquisa voluntário nível médio/técnico"
Não Especificada,ROBÔ TREINADOR PARA TÊNIS DE MESA,"PIBIC-EM, PIBIC-Jr ou trabalho de pesquisa voluntário nível médio/técnico"
Não Especificada,ANÁLISE COMPARATIVA ENTRE AS PROPRIEDADES DAS MADEIRAS DE PINUS E JATOBÁ PARA A APLICAÇÃO NA CONSTRUÇÃO,"PIBIC-EM, PIBIC-Jr ou trabalho de pesquisa voluntário nível médio/técnico"
Não Especificada,GERMINAÇÃO DE SEMENTES DE MIMOSA TENUIFLORA SUBMETIDAS A DIFERENTES MÉTODOS DE SUPERAÇÃO DE DORMÊNCIA,"PIBIC-EM, PIBIC-Jr ou trabalho de pesquisa voluntário nível médio/técnico"
Não Especificada,MODELAGEM MATEMÁTICA: EXPLORANDO A CONSTRUÇÃO DE UM AEROMODELO,"PIBIC-EM, PIBIC-Jr ou trabalho de pesquisa voluntário nível médio/técnico"
Não Especificada,VIABILIDADE DA GERMINAÇÃO DE SEMENTES DE AMBURANA CEARENSIS EM DIFERENTES TEMPOS DE ARMAZENAMENTO,"PIBIC-EM, PIBIC-Jr ou trabalho de pesquisa voluntário nível médio/técnico"
Não Especificada,INDICES DE INFESTAÇÃO DE MOSCAS DAS FRUTAS E SUAS INTERAÇÕES TRÓFICAS NO IFNMG - CAMPUS JANUÁRIA,"PIBIC-EM, PIBIC-Jr ou trabalho de pesquisa voluntário nível médio/técnico"
Não Especificada,INFLUÊNCIA DA TERMOTOLERÂNCIA NA GERMINAÇÃO DE CULTIVARES DE FEIJÃO CAUPI NO SEMIARIDO MINEIRO,"PIBIC-EM, PIBIC-Jr ou trabalho de pesquisa voluntário nível médio/técnico"
Não Especificada,FITOTOXICIDADE EM PLANTAS DE AMENDOIM IAC TATU EM RESPOSTA À PRESENÇA DE SILÍCIO E ALUMÍNIO EM SOLO DE CULTIVO,"PIBIC-EM, PIBIC-Jr ou trabalho de pesquisa voluntário nível médio/técnico"
Não Especificada,DETERMINAÇÃO DAS CARACTERÍSTICAS FÍSICAS E MORFOMETRIA DA BACIA HIDROGRÁFICA DA BARRAGEM DA COPASA EM DIAMANTINA/MG: ANÁLISE DO USO E OCUPAÇÃO DO SOLO EM 1985 E 2023 E ELABORAÇÃO DO MAPA HIPSOMÉTRICO,"PIBIC-EM, PIBIC-Jr ou trabalho de pesquisa voluntário nível médio/técnico"
Não Especificada,VITRINE DE PROJETOS: UMA PLATAFORMA ACADÊMICA MODULAR PARA GESTÃO E DIVULGAÇÃO DE INICIATIVAS INSTITUCIONAIS,"PIBIC, PIBIC-AF, PIBIT ou trabalho de pesquisa voluntário nível superior/tecnólogo"
Não Especificada,ROBÓTICA E DESENVOLVIMENTO DE SOFT SKILLS EM ESTUDANTES DO ENSINO MÉDIO,"PIBIC, PIBIC-AF, PIBIT ou trabalho de pesquisa voluntário nível superior/tecnólogo"
Não Especificada,IMPACTO DO USO DE ROBÓTICA EDUCACIONAL NO ENSINO DA FÍSICA,"PIBIC, PIBIC-AF, PIBIT ou trabalho de pesquisa voluntário nível superior/tecnólogo"
Não Especificada,DESENVOLVIMENTO DE UM KIT ROBÓTICO PARA OFICINAS DE ROBÓTICA EDUCACIONAL NO ENSINO FUNDAMENTAL,"PIBIC, PIBIC-AF, PIBIT ou trabalho de pesquisa voluntário nível superior/tecnólogo"
Não Especificada,DESEMPENHO DE CLONES DE PALMA FORRAGEIRA NAS CONDIÇÕES EDAFOCLIMÁTICAS DE JANUÁRIA-MG,"PIBIC, PIBIC-AF, PIBIT ou trabalho de pesquisa voluntário nível superior/tecnólogo"
Não Especificada,EFICIÊNCIA DE MÉTODOS PRÉ-GERMINATIVOS NA REMOÇÃO DA MUCILAGEM E DO ARILO SOBRE A EMERGÊNCIA DE PLÂNTULAS DE MARACUJÁ AZEDO,"PIBIC, PIBIC-AF, PIBIT ou trabalho de pesquisa voluntário nível superior/tecnólogo"
Não Especificada,PERFIL SOCIOECONÔMICO DE CONSUMIDORES DE FRUTAS NO MUNICÍPIO DE ALMENARA-MG,"PIBIC, PIBIC-AF, PIBIT ou trabalho de pesquisa voluntário nível superior/tecnólogo"
Não Especificada,USO DE LIDAR ORBITAL (GEDI) NA AVALIAÇÃO DE ESTRUTURA DA VEGETAÇÃO NO CERRADO,"PIBIC, PIBIC-AF, PIBIT ou trabalho de pesquisa voluntário nível superior/tecnólogo"
Não Especificada,IDENTIFICAÇÃO DE PONTOS ANATÔMICOS USANDO VISÃO COMPUTACIONAL,"PIBIC, PIBIC-AF, PIBIT ou trabalho de pesquisa voluntário nível superior/tecnólogo"
Não Especificada,DESAFIOS DO ACESSO E DA PERMANÊNCIA NO ENSINO SUPERIOR: UMA ANÁLISE DO PERFIL ESTUDANTIL NO IFNMG – CAMPUS MONTES CLAROS,"PIBIC, PIBIC-AF, PIBIT ou trabalho de pesquisa voluntário nível superior/tecnólogo"
Não Especificada,"LINGUAGEM PROLOG E ENSINO DE MATEMÁTICA: INTERSEÇÕES ENTRE COMPUTAÇÃO, LÓGICA E EDUCAÇÃO","PIBIC, PIBIC-AF, PIBIT ou trabalho de pesquisa voluntário nível superior/tecnólogo"
Não Especificada,ANÁLISE MELISSOPALINOLÓGICA DE UM APIÁRIO NO MUNICÍPIO DE ARINOS - MG,"PIBIC, PIBIC-AF, PIBIT ou trabalho de pesquisa voluntário nível superior/tecnólogo"
Não Especificada,QUALIDADE MICROBIOLÓGICA DA ÁGUA DE POÇOS ARTESIANOS E CISTERNAS DE CAPTAÇÃO DE ÁGUA DE CHUVA DE UMA COMUNIDADE RURAL DO MUNICÍPIO DE JANUÁRIA-MG,"PIBIC, PIBIC-AF, PIBIT ou trabalho de pesquisa voluntário nível superior/tecnólogo"
Não Especificada,QUALIDADE MICROBIOLÓGICA DO LEITE CRU PRODUZIDO EM UM LATICÍNIO NO MUNICÍPIO DE JANUÁRIA-MG,"PIBIC, PIBIC-AF, PIBIT ou trabalho de pesquisa voluntário nível superior/tecnólogo"
Não Especificada,"AVALIAÇÃO DO NÍVEL DE CONHECIMENTO SOBRE ESQUISTOSSOMOSE EM UMA ESCOLA PÚBLICA DO DISTRITO DE SÃO JOAQUIM, MUNICÍPIO DE JANUÁRIA-MG","PIBIC, PIBIC-AF, PIBIT ou trabalho de pesquisa voluntário nível superior/tecnólogo"
Não Especificada,QUALIDADE MICROBIOLÓGICA DE QUEIJO MINAS FRESCAL PRODUZIDO EM UM MUNICÍPIO DA REGIÃO NORTE DO ESTADO DE MINAS GERAIS,"PIBIC, PIBIC-AF, PIBIT ou trabalho de pesquisa voluntário nível superior/tecnólogo"
Não Especificada,UTILIZAÇÃO DE LABORATÓRIOS PRÁTICOS PARA O PROCESSO DE APRENDIZAGEM DE ESTUDANTES DO CURSO DE LICENCIATURA EM CIÊNCIAS BIOLÓGICAS DO IFNMG CAMPUS JANUÁRIA,"PIBIC, PIBIC-AF, PIBIT ou trabalho de pesquisa voluntário nível superior/tecnólogo"
Não Especificada,AVALIAÇÃO DA HIGIENIZAÇÃO DAS MÃOS PARA CONTROLE DE INFECÇÃO EM UMA UNIDADE DE SAÚDE NO MUNICÍPIO DE JANUÁRIA-MG,"PIBIC, PIBIC-AF, PIBIT ou trabalho de pesquisa voluntário nível superior/tecnólogo"
Não Especificada,UTILIZAÇÃO DE EXTRATO DE CYMBOPOGON CITRATUS COMO LARVICIDA NO CONTROLE DE AEDES AEGYPTI,"PIBIC, PIBIC-AF, PIBIT ou trabalho de pesquisa voluntário nível superior/tecnólogo"
Não Especificada,QUALIDADE DO AR AMBIENTAL EM ESTABELECIMENTOS COMERCIAIS DA CIDADE DE JANUÁRIA-MG,"PIBIC, PIBIC-AF, PIBIT ou trabalho de pesquisa voluntário nível superior/tecnólogo"
Não Especificada,CONTAMINAÇÃO DE MAÇANETAS DE PORTAS EM UMA ESCOLA PÚBLICA DO MUNICÍPIO DE JANUÁRIA-MG,"PIBIC, PIBIC-AF, PIBIT ou trabalho de pesquisa voluntário nível superior/tecnólogo"
Não Especificada,QUALIDADE DA ÁGUA ARMAZENADA EM CISTERNAS DE PLACAS DE UMA COMUNIDADE RURAL DO MUNICÍPIO DE CONÊGO MARINHO-MG,"PIBIC, PIBIC-AF, PIBIT ou trabalho de pesquisa voluntário nível superior/tecnólogo"
Não Especificada,ANÁLISE MULTIVARIADA DE COMPONENTES DE RENDIMENTO DO AMENDOIM CV. IAC OL3 SOB DIFERENTES ARRANJOS DE PLANTIO,"PIBIC, PIBIC-AF, PIBIT ou trabalho de pesquisa voluntário nível superior/tecnólogo"
Não Especificada,WEB SCRAPING E VISUALIZAÇÃO DE DADOS METEOROLÓGICOS: UMA APLICAÇÃO PRÁTICA PARA INMET E ANA,"PIBIC, PIBIC-AF, PIBIT ou trabalho de pesquisa voluntário nível superior/tecnólogo"
Não Especificada,IMPACTO DA ORIENTAÇÃO E DO SOMBREAMENTO NA PERFORMANCE DE CARPORTS SOLARES: ESTUDO DE CASO NO IFNMG – CAMPUS MONTES CLAROS,"PIBIC, PIBIC-AF, PIBIT ou trabalho de pesquisa voluntário nível superior/tecnólogo"
Não Especificada,BIOETANOL DE TERCEIRA GERAÇÃO: POTENCIAL DA MICROALGA EUGLENA GRACILIS,"PIBIC, PIBIC-AF, PIBIT ou trabalho de pesquisa voluntário nível superior/tecnólogo"
Não Especificada,AVALIAÇÃO E OTIMIZAÇÃO DOS PARÂMETROS OPERACIONAIS DA PRODUÇÃO DE BIO-HIDROGÊNIO A PARTIR DE MICROALGAS,"PIBIC, PIBIC-AF, PIBIT ou trabalho de pesquisa voluntário nível superior/tecnólogo"
Não Especificada,AUTOMAÇÃO DE AR CONDICIONADOS COM CONTROLE REMOTO INTELIGENTE E BLOQUEIO DE INTERFERÊNCIAS EXTERNAS,"PIBIC, PIBIC-AF, PIBIT ou trabalho de pesquisa voluntário nível superior/tecnólogo"
Não Especificada,EFEITO DE DOSES DE FÓSFORO E ZINCO NOS CARACTERES AGRONÔMICOS E NODULAÇÃO DE BACTÉRIAS DIAZOTRÓFICAS EM AMENDOIM IAC ST TATU.,"PIBIC, PIBIC-AF, PIBIT ou trabalho de pesquisa voluntário nível superior/tecnólogo"
Não Especificada,VALIDAÇÃO DO PROCESSO DE INFERÊNCIA BAYESIANA DO SOFTWARE KSPLIT UTILIZANDO PYTHON,"PIBIC, PIBIC-AF, PIBIT ou trabalho de pesquisa voluntário nível superior/tecnólogo"
Não Especificada,DESENVOLVIMENTO DE UM SPINNER DE BAIXO CUSTO PARA DEPOSIÇÃO DE FILMES POLIMÉRICOS,"PIBIC, PIBIC-AF, PIBIT ou trabalho de pesquisa voluntário nível superior/tecnólogo"
Não Especificada,ESTUDO RETROSPECTIVO DE CASOS DE LEPTOSPIROSE NO BRASIL E NO ESTADO DE SÃO PAULO DURANTE ANOS DE 2020 A 2024,"PIBIC, PIBIC-AF, PIBIT ou trabalho de pesquisa voluntário nível superior/tecnólogo"
Não Especificada,ANÁLISE DA CONTAMINAÇÃO MICROBIOLÓGICA EM MAÇANETAS DE PORTAS DO IFNMG CAMPUS JANUÁRIA.,"PIBIC, PIBIC-AF, PIBIT ou trabalho de pesquisa voluntário nível superior/tecnólogo"
Não Especificada,ESTUDO HISTÓRICO-CONCEITUAL E TEÓRICO-APLICADO DA QED,"PIBIC, PIBIC-AF, PIBIT ou trabalho de pesquisa voluntário nível superior/tecnólogo"
Não Especificada,AVALIAÇÃO DE PAINÉIS SOLARES COM AUXÍLIO DE CÂMERAS TERMOGRÁFICAS E INTELIGÊNCIA ARTIFICIAL,"PIBIC, PIBIC-AF, PIBIT ou trabalho de pesquisa voluntário nível superior/tecnólogo"
Não Especificada,DESENVOLVIMENTO DE UM SISTEMA MODULAR DE AQUAPONIA COM IA PARA PROMOÇÃO DA AGRICULTURA SUSTENTÁVEL,"PIBIC, PIBIC-AF, PIBIT ou trabalho de pesquisa voluntário nível superior/tecnólogo"
Não Especificada,SUBSTRATOS ORGÂNICOS ASSOCIADOS AO ÁCIDO INDOLBUTÍRICO NA PRODUÇÃO DE MUDAS POR ESTAQUIA DE PITAIA DE POLPA VERMELHA EM AMBIENTE PROTEGIDO,"PIBIC, PIBIC-AF, PIBIT ou trabalho de pesquisa voluntário nível superior/tecnólogo"
Não Especificada,"DESEMPENHO AGRONÔMICO E FITOTÉCNICO DAS CULTIVARES DE MANDIOCA BRS 417, 418, 419 E 420 NO VALE DO JEQUITINHONHA","PIBIC, PIBIC-AF, PIBIT ou trabalho de pesquisa voluntário nível superior/tecnólogo"
Não Especificada,DINÂMICA DE CARBONO ORGÂNICO EM LATOSSOLOS E CAMBISSOLOS DO BAIXO JEQUITINHONHA,"PIBIC, PIBIC-AF, PIBIT ou trabalho de pesquisa voluntário nível superior/tecnólogo"
Não Especificada,"SUSCEPTIBILIDADE DE CINCO GENÓTIPOS DE BANANA À INFESTAÇÃO POR BROCA-DO-RIZOMA NAS CONDIÇÕES DO MUNICÍPIO DE ALMENARA, MINAS GERAIS","PIBIC, PIBIC-AF, PIBIT ou trabalho de pesquisa voluntário nível superior/tecnólogo"
Não Especificada,EFICIÊNCIA DE ARMADILHAS ATRATIVAS NO MONITORAMENTO DA BROCA-DO-RIZOMA EM BANANAL,"PIBIC, PIBIC-AF, PIBIT ou trabalho de pesquisa voluntário nível superior/tecnólogo"
Não Especificada,EFEITO DE DIFERENTES COMBINAÇÕES DE SUBSTRATOS E RECIPIENTES NO DESENVOLVIMENTO DE MUDAS DE MARACUJAZEIRO AMARELO,"PIBIC, PIBIC-AF, PIBIT ou trabalho de pesquisa voluntário nível superior/tecnólogo"
Não Especificada,QUALIDADE FÍSICA DE SEMENTES SALVAS (S2) DE FEIJÕES-CAUPI CULTIVADAS NA REGIÃO DO BAIXO JEQUITINHONHA,"PIBIC, PIBIC-AF, PIBIT ou trabalho de pesquisa voluntário nível superior/tecnólogo"
Não Especificada,AVANÇOS NA PRODUÇÃO DE ETANOL DE SEGUNDA GERAÇÃO: UMA ANÁLISE DA EVOLUÇÃO TECNOLÓGICA GLOBAL E DAS INOVAÇÕES ENZIMÁTICAS (1978–2025),"PIBIC, PIBIC-AF, PIBIT ou trabalho de pesquisa voluntário nível superior/tecnólogo"
Não Especificada,RELATÓRIO EXPERIMENTAL: DETERMINAÇÃO DA ENTALPIA DE VAPORIZAÇÃO DA ÁGUA POR EQUILÍBRIO LÍQUIDO - VAPOR,"PIBIC, PIBIC-AF, PIBIT ou trabalho de pesquisa voluntário nível superior/tecnólogo"
Não Especificada,IDENTIFICAÇÃO E SEGMENTAÇÃO DE SEMENTES DE CAPIM-BUFFEL COM YOLOV11 PARA ANÁLISE DE PUREZA FÍSICA,"PIBIC, PIBIC-AF, PIBIT ou trabalho de pesquisa voluntário nível superior/tecnólogo"
Não Especificada,AVALIAÇÃO TOXICOLÓGICA E FARMACOCINÉTICA IN SILICO DO CEFTIOFUR NA SAÚDE HUMANA E AMBIENTAL,"PIBIC, PIBIC-AF, PIBIT ou trabalho de pesquisa voluntário nível superior/tecnólogo"
Não Especificada,CELULARES NA ESCOLA: RESTRIÇÃO LEGAL E USO PEDAGÓGICO SOB PERSPECTIVA DOCENTE E CONSIDERAÇÕES SOBRE A IMPLEMENTAÇÃO DA LEI Nº 15.100/2025 NA E.E. PROF. ONÉSIMO BASTOS NA CIDADE DE JANUÁRIA - MG,"PIBIC, PIBIC-AF, PIBIT ou trabalho de pesquisa voluntário nível superior/tecnólogo"
Não Especificada,AVALIAÇÃO COMPARATIVA DE AMOSTRAGEM ESTRATIFICADA PONDERADA VERSUS PROPORCIONAL EM REDUÇÃO DE DADOS DE MULTICLASSE EM AMBIENTES DE INTERNET DAS COISAS,"PIBIC, PIBIC-AF, PIBIT ou trabalho de pesquisa voluntário nível superior/tecnólogo"
Não Especificada,COMPARAÇÃO DA EFICIÊNCIA DE ADSORÇÃO DE HIDROGÊNIO EM MATERIAIS OBTIDOS DE FONTES RECICLÁVEIS E NÃO RECICLÁVEIS,"PIBIC, PIBIC-AF, PIBIT ou trabalho de pesquisa voluntário nível superior/tecnólogo"
Não Especificada,FAZENDA DE IMPRESSÃO 3D - UM NOVO MÉTODO DE MANUFATURA E INDÚSTRIA 4.0,"PIBIC, PIBIC-AF, PIBIT ou trabalho de pesquisa voluntário nível superior/tecnólogo"
Não Especificada,O AMOR AO DNHEIRO E SUA RELAÇÃO COM O NÍVEL DE SATISFAÇÃO SALARIAL DOS SERVIDORES PÚBLICOS DO IFNMG CAMPUS JANUÁRIA: UMA ANÁLISE ECONOMÉTRICA,"PIBIC, PIBIC-AF, PIBIT ou trabalho de pesquisa voluntário nível superior/tecnólogo"
Não Especificada,O USO DAS TECNOLOGIAS DIGITAIS DE INFORMAÇÃO E COMUNICAÇÃO NO CURSO DE CIÊNCIAS BIOLÓGICAS NA PÓS PANDEMIA: UM ESTUDO DE CASO,"PIBIC, PIBIC-AF, PIBIT ou trabalho de pesquisa voluntário nível superior/tecnólogo"
Não Especificada,O USO DAS TECNOLOGIAS DIGITAIS DE INFORMAÇÃO E COMUNICAÇÃO NO CURSO DE CIÊNCIAS BIOLÓGICAS NA PÓS PANDEMIA: UM ESTUDO DE CASO,"PIBIC, PIBIC-AF, PIBIT ou trabalho de pesquisa voluntário nível superior/tecnólogo"
Não Especificada,AVALIAÇÃO DAS PROPRIEDADES FÍSICO-QUÍMICAS DO MEL COMERCIALIZADO NOS MUNICÍPIOS DE ALMENARA E JEQUITINHONHA–MG,"PIBIC, PIBIC-AF, PIBIT ou trabalho de pesquisa voluntário nível superior/tecnólogo"
Não Especificada,VIABILIDADE ECONÔMICA DO APROVEITAMENTO DO SORO DE LEITE PARA PRODUÇÃO DE BEBIDA LÁCTEA: ESTUDO DE CASO EM UMA INSTITUIÇÃO DE ENSINO TÉCNICO E SUPERIOR,"PIBIC, PIBIC-AF, PIBIT ou trabalho de pesquisa voluntário nível superior/tecnólogo"
Não Especificada,AVALIAÇÃO DO TRATAMENTO BIOLÓGICO DE ESGOTO DE UM POSTO DE GASOLINA A PARTIR DO USO DA TECNOLOGIA BIOETE DE UMA EMPRESA DE SANEAMENTO,"PIBIC, PIBIC-AF, PIBIT ou trabalho de pesquisa voluntário nível superior/tecnólogo"
Não Especificada,AVALIAÇÃO TOXICOLÓGICA IN SILICO HUMANA E AMBIENTAL PARA O ANTIBIÓTICO ENROFLOXACINA,"PIBIC, PIBIC-AF, PIBIT ou trabalho de pesquisa voluntário nível superior/tecnólogo"
Não Especificada,CONDUTIVIDADE HIDRÁULICA E POROSIDADE DRENÁVEL DO SOLO DE UMA ÁREA DO CAMPUS - JANUÁRIA IFNMG .,"PIBIC, PIBIC-AF, PIBIT ou trabalho de pesquisa voluntário nível superior/tecnólogo"
Não Especificada,SUBSTITUIÇÃO PARCIAL DA AREIA POR RESÍDUO DE VIDRO RECICLADO EM ARGAMASSA CIMENTÍCIA,"PIBIC, PIBIC-AF, PIBIT ou trabalho de pesquisa voluntário nível superior/tecnólogo"
Não Especificada,CARACTERIZAÇÃO FÍSICO-HÍDRICA DOS SOLOS EM UMA BACIA HIDROGRÁFICA EXPERIMENTAL (RESULTADOS PRELIMINARES),"PIBIC, PIBIC-AF, PIBIT ou trabalho de pesquisa voluntário nível superior/tecnólogo"
Não Especificada,"""ENTRE O DIAGNÓSTICO E O CONTROLE: PANORAMA EPIDEMIOLÓGICO DA LEISHMANIOSE TEGUMENTAR AMERICANA EM TEÓFILO OTONI, MG (2020 A 2024)","PIBIC, PIBIC-AF, PIBIT ou trabalho de pesquisa voluntário nível superior/tecnólogo"
Não Especificada,PADRÕES DE OCORRÊNCIA DA FEBRE AMARELA NO BRASIL DE 2020 A 2025: ANÁLISE EPIDEMIOLÓGICA,"PIBIC, PIBIC-AF, PIBIT ou trabalho de pesquisa voluntário nível superior/tecnólogo"
Não Especificada,ANÁLISE EPIDEMIOLÓGICA DE ACIDENTES OFÍDICOS EM MINAS GERAIS: UM ESTUDO RETROSPECTIVO DE 2020 A 2024,"PIBIC, PIBIC-AF, PIBIT ou trabalho de pesquisa voluntário nível superior/tecnólogo"
Não Especificada,LEISHMANIOSE TEGUMENTAR AMERICANA EM JANUÁRIA (MG): TENDÊNCIAS E DESAFIOS ENTRE 2020 E 2024,"PIBIC, PIBIC-AF, PIBIT ou trabalho de pesquisa voluntário nível superior/tecnólogo"
Não Especificada,"ANÁLISE DA CONTAMINAÇÃO BACTERIANA DO SÊMEN, PREPÚCIO E PÊNIS DE REPRODUTORES SUÍNOS","PIBIC, PIBIC-AF, PIBIT ou trabalho de pesquisa voluntário nível superior/tecnólogo"
Não Especificada,MODELAGEM MOLECULAR E ESTUDO TOXICOLÓGICO IN SILICO HUMANO E AMBIENTAL PARA OS ANTIBIÓTICOS TRIMETOPRIMA E SULFADOXINA,"PIBIC, PIBIC-AF, PIBIT ou trabalho de pesquisa voluntário nível superior/tecnólogo"
Não Especificada,UTILIZAÇÃO DE GEOTECNOLOGIAS PARA O MAPEAMENTO DE ÁREAS SUSCETÍVEIS AOS ALAGAMENTOS E INUNDAÇÕES NO MUNICÍPIO DE PIRAPORA,"PIBIC, PIBIC-AF, PIBIT ou trabalho de pesquisa voluntário nível superior/tecnólogo"
Não Especificada,SUPLEMENTAÇÃO A PASTO NA RECRIA E SEU IMPACTO NA TERMINAÇÃO EM CONFINAMENTO,"PIBIC, PIBIC-AF, PIBIT ou trabalho de pesquisa voluntário nível superior/tecnólogo"
Não Especificada,ADUBO VERDE COMO ESTRATÉGIA PARA MELHORIA DA QUIMICA DO SOLO NAS CONDIÇÕES EDAFOCLIMATICAS DE JANUÁRIA.,"PIBIC, PIBIC-AF, PIBIT ou trabalho de pesquisa voluntário nível superior/tecnólogo"
Não Especificada,DESEMPENHO DE NOVILHOS NELORE SUBMETIDOS A DIFERENTES NÍVEIS DE SUPLEMENTAÇÃO PROTEICO-ENERGÉTICA NA FASE DE RECRIA A PASTO.,"PIBIC, PIBIC-AF, PIBIT ou trabalho de pesquisa voluntário nível superior/tecnólogo"
Não Especificada,AVALIAÇÃO FITOQUÍMICA DO EXTRATO HIDROALCOÓLICO DE STRYPHNODENDRON ADSTRINGENS,"PIBIC, PIBIC-AF, PIBIT ou trabalho de pesquisa voluntário nível superior/tecnólogo"
Não Especificada,"MULTIDISCIPLINARIDADE, FORMAÇÃO DOCENTE E ATUAÇÃO DO PROFESSOR BACHAREL NO FORTALECIMENTO DA EDUCAÇÃO PROFISSIONAL E TECNOLÓGICA: UM OLHAR A PARTIR DO IFNMG - CAMPUS JANUÁRIA","PIBIC, PIBIC-AF, PIBIT ou trabalho de pesquisa voluntário nível superior/tecnólogo"
Não Especificada,TRILHA CELULAR: A GAMIFICAÇÃO COMO FERRAMENTA NO ENSINO DA CITOLOGIA,"PIBIC, PIBIC-AF, PIBIT ou trabalho de pesquisa voluntário nível superior/tecnólogo"
Não Especificada,DIFERENTES CONCENTRAÇÕES DE BIOFILME A BASE DE QUITOSANA: INFLUÊNCIA NA PERDA DE MASSA DO UMBU,"PIBIC, PIBIC-AF, PIBIT ou trabalho de pesquisa voluntário nível superior/tecnólogo"
Não Especificada,"ALTURA DE PLANTA, TAMANHO DO CAPÍTULO E RENDIMENTO DE GRÃOS DE HÍBRIDOS DE GIRASSOL NA REGIÃO DO SEMIÁRIO MINEIRO","PIBIC, PIBIC-AF, PIBIT ou trabalho de pesquisa voluntário nível superior/tecnólogo"
Não Especificada,ESTUDO PRELIMINAR SOBRE A ATUAÇÃO DA APITOXINA EM STAPHYLOCOCCUS AUREUS DE LEITE MASTÍTICO,"PIBIC, PIBIC-AF, PIBIT ou trabalho de pesquisa voluntário nível superior/tecnólogo"
Não Especificada,A BRINCADEIRA “CABRA-CEGA” NA EDUCAÇÃO INFANTIL: UM RELATO DO PIBID,"PIBIC, PIBIC-AF, PIBIT ou trabalho de pesquisa voluntário nível superior/tecnólogo"
Não Especificada,PROPRIEDADES TERMOFÍSICAS DE FRUTAS TROPICAIS: EFEITO DA DESIDRATAÇÃO E ORIENTAÇÃO ESTRUTURAL NA CONDUTIVIDADE TÉRMICA,"PIBIC, PIBIC-AF, PIBIT ou trabalho de pesquisa voluntário nível superior/tecnólogo"
Não Especificada,"MODELAGEM DA CINÉTICA DE SECAGEM DE FRUTAS TROPICAIS (BANANA, MANGA E ABACAXI) UTILIZANDO O MODELO DE PAGE","PIBIC, PIBIC-AF, PIBIT ou trabalho de pesquisa voluntário nível superior/tecnólogo"
Não Especificada,"PERFIL QUÍMICO DE CACHAÇAS PRODUZIDAS COM LEVEDURAS SELECIONADAS: DETERMINAÇÃO DE CARBAMATO DE ETILA, COBRE, ÁLCOOL REAL E ACIDEZ VOLÁTIL","PIBIC, PIBIC-AF, PIBIT ou trabalho de pesquisa voluntário nível superior/tecnólogo"
Não Especificada,SÍNTESE DE NANOESTRUTURAS DE ÓXIDO DE TITÂNIO E ANTIMÔNIO VIA COMBUSTÃO EM SOLUÇÃO,"PIBIC, PIBIC-AF, PIBIT ou trabalho de pesquisa voluntário nível superior/tecnólogo"
Não Especificada,ESTRATÉGIAS PARA O USO DE BIBLIOTECAS VIRTUAIS NO ENSINO DE FÍSICA: POTENCIALIZANDO A PESQUISA E O APRENDIZADO ACADÊMICO,"PIBIC, PIBIC-AF, PIBIT ou trabalho de pesquisa voluntário nível superior/tecnólogo"
Não Especificada,A FERMENTAÇÃO E FUNCIONALIDADE: O PAPEL DOS MICRORGANISMOS NA PRODUÇÃO DE ALIMENTOS: PERCEPÇÃO DOS ESTUDANTES DA ESCOLA PROFESSORA ZINA,"PIBIC, PIBIC-AF, PIBIT ou trabalho de pesquisa voluntário nível superior/tecnólogo"
Não Especificada,"DESENVOLVIMENTO DO NUTRITRACK, UM SISTEMA WEB PARA MONITORAMENTO NUTRICIONAL COM CÁLCULO DE METAS CALÓRICAS DIÁRIAS PERSONALIZADAS","PIBIC, PIBIC-AF, PIBIT ou trabalho de pesquisa voluntário nível superior/tecnólogo"
Não Especificada,PLATAFORMA ROBÓTICA DE NAVEGAÇÃO AUTÔNOMA E BAIXO CUSTO PARA INICIAÇÃO CIENTÍFICA,"PIBIC, PIBIC-AF, PIBIT ou trabalho de pesquisa voluntário nível superior/tecnólogo"
Não Especificada,COMPORTAMENTO INGESTIVO DE NOVILHOS EM CONFINAMENTO SOB DIETAS COM E SEM VOLUMOSO,"PIBIC, PIBIC-AF, PIBIT ou trabalho de pesquisa voluntário nível superior/tecnólogo"
Não Especificada,A PERSPECTIVA DOCENTE ACERCA DO PAPEL DA LEITURA NA FORMAÇÃO HUMANA,"PIBIC, PIBIC-AF, PIBIT ou trabalho de pesquisa voluntário nível superior/tecnólogo"
Não Especificada,PREDIÇÃO DE GENE LÍDER NA INFECÇÃO POR INFLUENZA VÍRUS SUÍNO: ANÁLISE BIOINFORMÁTICA,"PIBIC, PIBIC-AF, PIBIT ou trabalho de pesquisa voluntário nível superior/tecnólogo"
Não Especificada,CARACTERIZAÇÃO MORFOMÉTRICA DA BACIA DO RIO PERUAÇU - MG,"PIBIC, PIBIC-AF, PIBIT ou trabalho de pesquisa voluntário nível superior/tecnólogo"
Não Especificada,"ESTIMATIVA DE VAZÃO MÍNIMA PARA O RIO PANDEIROS -MG PELO MÉTODO Q7,10, Q90 E Q95","PIBIC, PIBIC-AF, PIBIT ou trabalho de pesquisa voluntário nível superior/tecnólogo"
Não Especificada,DIVULGAÇÃO CIENTÍFICA E ENGAJAMENTO SOCIAL NA ENGENHARIA FLORESTAL POR MEIO DA EXTENSÃO UNIVERSITÁRIA,"PIBIC, PIBIC-AF, PIBIT ou trabalho de pesquisa voluntário nível superior/tecnólogo"
Não Especificada,O USO DO GEOGEBRA NO ENSINO DE TRANSFORMAÇÕES LINEARES,"PIBIC, PIBIC-AF, PIBIT ou trabalho de pesquisa voluntário nível superior/tecnólogo"
Não Especificada,ZONEAMENTO AGROCLIMÁTICO DA CULTURA DO ABACAXI PARA A REGIÃO DO MÉDIO JEQUITINHONHA,"PIBIC, PIBIC-AF, PIBIT ou trabalho de pesquisa voluntário nível superior/tecnólogo"
Não Especificada,ANÁLISE DO TRABALHO EM CICLOS TERMODINÂMICOS VIA INTEGRAL DE LINHA,"PIBIC, PIBIC-AF, PIBIT ou trabalho de pesquisa voluntário nível superior/tecnólogo"
Não Especificada,ANÁLISE COMPARATIVA DA PRODUÇÃO DE ETANOL A PARTIR DA CANA-DE-AÇÚCAR E MILHO NO BRASIL,"PIBIC, PIBIC-AF, PIBIT ou trabalho de pesquisa voluntário nível superior/tecnólogo"
Não Especificada,COMPARAÇÃO DE ABORDAGENS DETERMINÍSTICAS E META-HEURÍSTICAS NO PLANEJAMENTO FLORESTAL: ALGORITMO BRANCH AND BOUND,"PIBIC, PIBIC-AF, PIBIT ou trabalho de pesquisa voluntário nível superior/tecnólogo"
Não Especificada,APLICAÇÃO DE CÁLCULO NUMÉRICO EM ELETROMAGNETISMO: SIMULAÇÃO COMPUTACIONAL DE LINHAS DE CAMPO ELÉTRICO VIA PYTHON,"PIBIC, PIBIC-AF, PIBIT ou trabalho de pesquisa voluntário nível superior/tecnólogo"
Não Especificada,BUSCA TABU COM UMA NOVA VIZINHANÇA PARA O PROBLEMA JUST-IN-TIME JOB SHOP SCHEDULING,"PIBIC, PIBIC-AF, PIBIT ou trabalho de pesquisa voluntário nível superior/tecnólogo"
Não Especificada,PREDIÇÃO DE SAÍDA DE LEITO NA PREVISÃO DE QUEDA EM IDOSOS: UM MODELO HÍBRIDO COM ENSEMBLE LEARNING E CONJUNTOS NEBULOSOS,"PIBIC, PIBIC-AF, PIBIT ou trabalho de pesquisa voluntário nível superior/tecnólogo"
Não Especificada,ÁREAS POTENCIAIS DE RECARGA NA BACIA HIDROGRÁFICA DO RIO PARDO,"PIBIC, PIBIC-AF, PIBIT ou trabalho de pesquisa voluntário nível superior/tecnólogo"
Não Especificada,INSTRUMENTAÇÃO E MODELAGEM COMPUTACIONAL DE UMA TORRE DE RESFRIAMENTO EM CFD,"PIBIC, PIBIC-AF, PIBIT ou trabalho de pesquisa voluntário nível superior/tecnólogo"
Não Especificada,ÍNDICE DE PERIGO DE INCÊNDIO FLORESTAL: APLICAÇÃO EM UMA ÁREA EXPERIMENTAL DO IFNMG – CAMPUS SALINAS,"PIBIC, PIBIC-AF, PIBIT ou trabalho de pesquisa voluntário nível superior/tecnólogo"
Não Especificada,CARACTERIZAÇÃO BIOMÉTRICA E FISIOLÓGICA DE SEMENTES DE GENÓTIPOS DE FEIJÃO-COMUM (PHASEOLUS VULGARIS L.) CULTIVADOS NO VALE DO JEQUITINHONHA – MG,"PIBIC, PIBIC-AF, PIBIT ou trabalho de pesquisa voluntário nível superior/tecnólogo"
Não Especificada,GESTSPORT: UMA SOLUÇÃO DIGITAL PARA GESTÃO DE ATIVIDADES ESPORTIVAS MUNICIPAIS,"PIBIC, PIBIC-AF, PIBIT ou trabalho de pesquisa voluntário nível superior/tecnólogo"
Não Especificada,GESTORIZE - UMA SOLUÇÃO PARA EMPRESAS EM ALMENARA,"PIBIC, PIBIC-AF, PIBIT ou trabalho de pesquisa voluntário nível superior/tecnólogo"
Não Especificada,REDESENHANDO EXPERIÊNCIAS NO SISTEMA PHARUS: UMA ABORDAGEM DE UX/UI PARA GESTÃO DE EVENTOS ACADÊMICOS,"PIBIC, PIBIC-AF, PIBIT ou trabalho de pesquisa voluntário nível superior/tecnólogo"
Não Especificada,REESTRUTURAÇÃO DO BACKEND DO SISTEMA PHARUS: BOAS PRÁTICAS DE ENGENHARIA DE SOFTWARE APLICADAS AO CONTEXTO ACADÊMICO,"PIBIC, PIBIC-AF, PIBIT ou trabalho de pesquisa voluntário nível superior/tecnólogo"
Não Especificada,ALUMÍNIO EM FRUTOS NATIVOS DO CERRADO: UMA INVESTIGAÇÃO SOBRE ACÚMULO E CONSUMO HUMANO,"PIBIC, PIBIC-AF, PIBIT ou trabalho de pesquisa voluntário nível superior/tecnólogo"
Não Especificada,ESPECIALIZAÇÃO DA OCORRÊNCIA DE FITONEMATÓIDES EM ÁREAS SEM USO AGRÍCOLA E COM PLANTIO DE FRUTÍFERAS NO IFNMG CAMPUS JANUÁRIA,"PIBIC, PIBIC-AF, PIBIT ou trabalho de pesquisa voluntário nível superior/tecnólogo"
Não Especificada,PRODUTIVIDADE DO MILHO EM RESPOSTA A APLICAÇÃO DE NITROGÊNIO E À INOCULAÇÃO COM AZOSPIRILLUM BRASILENSE E BACILLUS SUBTILIS,"PIBIC, PIBIC-AF, PIBIT ou trabalho de pesquisa voluntário nível superior/tecnólogo"
Não Especificada,COMPARAÇÃO DE DESEMPENHO DA ESPECTROSCOPIA NAS FAIXAS VIS-NIR E MIR PARA PREDIÇÃO DE ATRIBUTOS DO SOLO EM ÁREAS NATIVAS E DE MANEJO,"PIBIC, PIBIC-AF, PIBIT ou trabalho de pesquisa voluntário nível superior/tecnólogo"
Não Especificada,EFEITO DO HIDROXIMETILFURFURAL EM BACTÉRIAS TOTAIS DE LEITE MASTÍTICO: UM ESTUDO PRELIMINAR,"PIBIC, PIBIC-AF, PIBIT ou trabalho de pesquisa voluntário nível superior/tecnólogo"
Não Especificada,SISTEMA AUTOMATIZADO PARA CARACTERIZAÇÃO ELÉTRICA DE DIODOS DE POLIANILINA UTILIZANDO PLATAFORMA ARDUÍNO,"PIBIC, PIBIC-AF, PIBIT ou trabalho de pesquisa voluntário nível superior/tecnólogo"
Não Especificada,DELIMITAÇÃO DE ZONAS DE MANEJO NA CULTURA DA BANANA USANDO ATRIBUTOS FÍSICO-QUÍMICOS E TOPOGRÁFICOS DO SOLO,"PIBIC, PIBIC-AF, PIBIT ou trabalho de pesquisa voluntário nível superior/tecnólogo"
Não Especificada,PATOGENICIDADE CRUZADA DE FUSARIUM OXYSPORUM DE GRÃO-DE-BICO COM DIFERENTES MÉTODOS DE INOCULAÇÃO E A REAÇÃO DE GENÓTIPOS DE FEIJÃO-COMUM,"PIBIC, PIBIC-AF, PIBIT ou trabalho de pesquisa voluntário nível superior/tecnólogo"
Não Especificada,"DESEMPENHO AGRONÔMICO DA CENOURA (DAUCUS CAROTA L.), EM SOLO NATURALMENTE INFESTADO POR FITONEMATOIDES.","PIBIC, PIBIC-AF, PIBIT ou trabalho de pesquisa voluntário nível superior/tecnólogo"
Não Especificada,"COMPARAÇÃO DA PRODUTIVIDADE DA CENOURA (DAUCUS CAROTA L.), E BETERRABA (BETA VULGARIS L.), EM SOLOS COM INFESTAÇÃO NATURAL DE NEMATÓIDES","PIBIC, PIBIC-AF, PIBIT ou trabalho de pesquisa voluntário nível superior/tecnólogo"
Não Especificada,RENDIMENTO DE APITOXINA PELO MÉTODO DE COLETA ELÉTRICA EM APIÁRIOS DO VALE DO JEQUITINHONHA,"PIBIC, PIBIC-AF, PIBIT ou trabalho de pesquisa voluntário nível superior/tecnólogo"
Não Especificada,FUNDAMENTOS E TENDÊNCIAS TECNOLÓGICAS PARA ANÁLISE DE SENTIMENTOS COM LLMS,"PIBIC, PIBIC-AF, PIBIT ou trabalho de pesquisa voluntário nível superior/tecnólogo"
Não Especificada,DESENVOLVIMENTO E ESTUDO DE APLICAÇÃO DE UM APLICATIVO DE COMUNICAÇÃO AUMENTATIVA E ALTERNATIVA,"PIBIC, PIBIC-AF, PIBIT ou trabalho de pesquisa voluntário nível superior/tecnólogo"
Não Especificada,USO DE MODELOS DE APRENDIZAGEM DE MÁQUINA PARA ANÁLISE E PREDIÇÃO DE VOLUME DA ÁRVORE TECTONA GRANDIS,"PIBIC, PIBIC-AF, PIBIT ou trabalho de pesquisa voluntário nível superior/tecnólogo"
Não Especificada,DIVERSIDADE DE GÊNERO E SEXUALIDADE: PERSPECTIVAS TEÓRICAS E SOCIAIS EM JOGOS DIGITAIS.,"PIBIC, PIBIC-AF, PIBIT ou trabalho de pesquisa voluntário nível superior/tecnólogo"
Não Especificada,A CRIAÇÃO DE UM JOGO DIGITAL COMO ESTRATÉGIA MOTIVACIONAL NOS CURSOS DE COMPUTAÇÃO,"PIBIC, PIBIC-AF, PIBIT ou trabalho de pesquisa voluntário nível superior/tecnólogo"
Não Especificada,A LEI DE COTAS NO IFNMG-CAMPUS JANUÁRIA: UMA REFLEXÃO NECESSÁRIA A PARTIR DOS COTISTAS,"PIBIC, PIBIC-AF, PIBIT ou trabalho de pesquisa voluntário nível superior/tecnólogo"
Não Especificada,MODELAGEM MOLECULAR E ESTUDO TOXICOLÓGICO IN SILICO AMBIENTAL E HUMANO PARA O ANTIBIÓTICO CEFOVECINA,"PIBIC, PIBIC-AF, PIBIT ou trabalho de pesquisa voluntário nível superior/tecnólogo"
Não Especificada,UTILIZAÇÃO DE MICROCONTROLADOR STM32WLE5JC COM COMUNICAÇÃO LORA PARA APLICAÇÃO EM IOT,"PIBIC, PIBIC-AF, PIBIT ou trabalho de pesquisa voluntário nível superior/tecnólogo"
Não Especificada,A EDUCAÇÃO FÍSICA NO DESENVOLVIMENTO DO PENSAMENTO GEOMÉTRICO,"PIBIC, PIBIC-AF, PIBIT ou trabalho de pesquisa voluntário nível superior/tecnólogo"
Não Especificada,CONTAÇÃO DE HISTÓRIA NO PIBID: UMA VIVÊNCIA COM A LETRA H,"PIBIC, PIBIC-AF, PIBIT ou trabalho de pesquisa voluntário nível superior/tecnólogo"
Não Especificada,PHARUS CREDENCIAMENTO – UMA APLICATIVO PARA CREDENCIAMENTO DE DE PARTICIPANTES EM EVENTOS GERENCIADOS PELO SISTEMA PHARUS,"PIBIC, PIBIC-AF, PIBIT ou trabalho de pesquisa voluntário nível superior/tecnólogo"
Não Especificada,ESTIMATIVA DE CRESCIMENTO POPULACIONAL A PARTIR DA VARIAÇÃO NO CONSUMO DE ÁGUA: IMPACTOS NO PLANEJAMENTO URBANO E SOCIOAMBIENTAL EM ARINOS-MG,"PIBIC, PIBIC-AF, PIBIT ou trabalho de pesquisa voluntário nível superior/tecnólogo"
Não Especificada,ESTIMATIVA DA EVAPOTRANSPIRAÇÃO POR MEIO DE SENSORIAMENTO REMOTO: UMA ABORDAGEM PARA O MANEJO DA ÁGUA NO NOROESTE DE MINAS GERAIS,"PIBIC, PIBIC-AF, PIBIT ou trabalho de pesquisa voluntário nível superior/tecnólogo"
Não Especificada,DITADO DIVERTIDO E A ALFABETIZAÇÃO LÚDICA: UMA EXPERIÊNCIA NO PIBID,"PIBIC, PIBIC-AF, PIBIT ou trabalho de pesquisa voluntário nível superior/tecnólogo"
Não Especificada,CRESCIMENTO E CARACTERIZAÇÃO DE CRISTAIS DA FAMÍLIA DO SAL DE TUTTON DOPADOS COM B E AG,"PIBIC, PIBIC-AF, PIBIT ou trabalho de pesquisa voluntário nível superior/tecnólogo"
Não Especificada,"A MENSTRUAÇÃO EM SUAS DIMENSÕES SOCIAL, HISTÓRICA CULTURAL E A RESSIGNIFICAÇÃO DECOLONIAL","PIBIC, PIBIC-AF, PIBIT ou trabalho de pesquisa voluntário nível superior/tecnólogo"
Não Especificada,DESENVOLVIMENTO E IMPLEMENTAÇÃO DE UM WEBSITE PARA O LABORATÓRIO DISPLAY DO IFNMG CAMPUS JANUÁRIA: UMA PLATAFORMA DE DIVULGAÇÃO CIENTÍFICA E INTERAÇÃO COM A COMUNIDADE ACADÊMICA,"PIBIC, PIBIC-AF, PIBIT ou trabalho de pesquisa voluntário nível superior/tecnólogo"
Não Especificada,EFEITO DO TEMPO DE IMERSÃO NA EFICIÊNCIA DE EXTRAÇÃO DA POLPA DE BARU (DIPTERYX ALATA VOG.),"PIBIC, PIBIC-AF, PIBIT ou trabalho de pesquisa voluntário nível superior/tecnólogo"
Não Especificada,A TUTORIA PRESENCIAL NA EDUCAÇÃO A DISTÂNCIA: UMA NARRATIVA A DUAS VOZES NA LICENCIATURA EM PEDAGOGIA DO POLO BOCAIUVA/IFNMG,"PIBIC, PIBIC-AF, PIBIT ou trabalho de pesquisa voluntário nível superior/tecnólogo"
Não Especificada,TERMOTOLERÂNCIA EM DIFERENTES VARIEDADES DE FEIJÃO CAUPI: EFEITO NA MASSA FRESCA DA PARTE AÉREA E DA RADICULA,"PIBIC, PIBIC-AF, PIBIT ou trabalho de pesquisa voluntário nível superior/tecnólogo"
Não Especificada,"ANÁLISE DE LIVROS DIDÁTICOS DE BIOLOGIA CONSIDERANDO OS ASPECTOS CTSA (CIÊNCIA, TECNOLOGIA, SOCIEDADE E AMBIENTE)","PIBIC, PIBIC-AF, PIBIT ou trabalho de pesquisa voluntário nível superior/tecnólogo"
Não Especificada,MONITORAMENTO DE PIGMENTOS FOTOSSINTÉTICOS NA CULTURA DA BANANA USANDO SENSORIAMENTO REMOTO ORBITAL,"PIBIC, PIBIC-AF, PIBIT ou trabalho de pesquisa voluntário nível superior/tecnólogo"
Não Especificada,OCORRÊNCIA E PERFIL DOS ACIDENTES OFÍDICOS E ARANEÍDICOS NO ESTADO DE MINAS GERAIS,"PIBIC, PIBIC-AF, PIBIT ou trabalho de pesquisa voluntário nível superior/tecnólogo"
Não Especificada,CARACTERIZAÇÃO E NÍVEL TECNOLÓGICO DOS APICULTORES DE JANUÁRIA – MINAS GERAIS,"PIBIC, PIBIC-AF, PIBIT ou trabalho de pesquisa voluntário nível superior/tecnólogo"
Não Especificada,JOGO “UNO DA FÍSICA” : UMA PROPOSTA PARA O APRENDIZAGEM DE DINÂMICA E LEIS DE NEWTON,"PIBIC, PIBIC-AF, PIBIT ou trabalho de pesquisa voluntário nível superior/tecnólogo"
Não Especificada,"JOGO ""UNO DA FÍSICA"": UMA PROPOSTA PARA APRENDIZAGEM DE DINÂMICA E LEIS DE NEWTON","PIBIC, PIBIC-AF, PIBIT ou trabalho de pesquisa voluntário nível superior/tecnólogo"
Não Especificada,TERMOTOLERÂNCIA EM DIFERENTES VARIEDADES DE FEIJÃO CAUPI: EFEITO NA MASSA SECA DA PARTE AÉREA E DA RADÍCULA,"PIBIC, PIBIC-AF, PIBIT ou trabalho de pesquisa voluntário nível superior/tecnólogo"
Não Especificada,AS EXPERIÊNCIAS NA PRAIA DE JANUÁRIA: AVALIAÇÃO EPERSPECTIVAS PARA O FORTALECIMENTO DO TURISMO LOCAL,"PIBIC, PIBIC-AF, PIBIT ou trabalho de pesquisa voluntário nível superior/tecnólogo"
Não Especificada,DENSIDADE DE PLANTIO NO MANEJO DO FEIJÃO MUNGO-VERDE (VIGNA RADIATA) CULTIVADO NO SEMIÁRIDO DE MINAS GERAIS,"PIBIC, PIBIC-AF, PIBIT ou trabalho de pesquisa voluntário nível superior/tecnólogo"
Não Especificada,IDENTIDADE DOCENTE EM CONSTRUÇÃO: FORMAÇÃO INICIAL E PERCURSO PROFISSIONAL DE PROFESSORES DE MATEMÁTICA EM JAPONVAR,"PIBIC, PIBIC-AF, PIBIT ou trabalho de pesquisa voluntário nível superior/tecnólogo"
Não Especificada,VARIABILIDADE ESPACIAL DE ATRIBUTOS FÍSICO-QUÍMICOS DO SOLO EM BANANAL IRRIGADO,"PIBIC, PIBIC-AF, PIBIT ou trabalho de pesquisa voluntário nível superior/tecnólogo"
Não Especificada,MELIPONICULTURA E MULHERES: FORTALECIMENTO DA CADEIA APÍCOLA DO VALE DO JEQUITINHONHA,"PIBIC, PIBIC-AF, PIBIT ou trabalho de pesquisa voluntário nível superior/tecnólogo"
Não Especificada,ANÁLISE COMPARATIVA E OPERACIONAL DO PROGRAMA DE AQUISIÇÃO DE ALIMENTOS (PAA) EM JANUÁRIA-MG,"PIBIC, PIBIC-AF, PIBIT ou trabalho de pesquisa voluntário nível superior/tecnólogo"
Não Especificada,CONCENTRAÇÃO DE LÍTIO E MONITORAMENTO DA QUALIDADE DA ÁGUA E SEDIMENTOS DO RIO PIAUÍ INFLUENCIADO POR ATIVIDADES MINERÁRIAS,"PIBIC, PIBIC-AF, PIBIT ou trabalho de pesquisa voluntário nível superior/tecnólogo"
Não Especificada,MOSCAS DAS FRUTAS E SUAS INTERAÇÕES TRITRÓFICAS NO IFNMG - CAMPUS JANUÁRIA,"PIBIC, PIBIC-AF, PIBIT ou trabalho de pesquisa voluntário nível superior/tecnólogo"
Não Especificada,ALTURA E DIÂMETRO DA HASTE PRINCIPAL DE VARIEDADES DE AMENDOIM (ARACHIS HYPOGEA L.) CULTIVADAS EM REGIME DE SEQUEIRO NO SEMIÁRIDO MINEIRO,"PIBIC, PIBIC-AF, PIBIT ou trabalho de pesquisa voluntário nível superior/tecnólogo"
Não Especificada,DESENVOLVIMENTO DE PLÂNTULAS DE ORMOSIA ARBOREA OBTIDAS EM DIFERENTES CONDIÇÕES DE TRANSPLANTE E SUBSTRATO,"PIBIC, PIBIC-AF, PIBIT ou trabalho de pesquisa voluntário nível superior/tecnólogo"
Não Especificada,CAPACIDADE DE ENRAIZAMENTO DE ESTACAS DE ESPÉCIES NATIVAS DE MATA DE GALERIA PARA USO EM OBRAS DE BIOENGENHARIA,"PIBIC, PIBIC-AF, PIBIT ou trabalho de pesquisa voluntário nível superior/tecnólogo"
Não Especificada,QUALIDADE DA ÁGUA DE DIFERENTES FONTES DE RECURSOS HÍDRICOS NA CONVIVÊNCIA COM A SECA DO SEMIÁRIDO MINEIRO,"PIBIC, PIBIC-AF, PIBIT ou trabalho de pesquisa voluntário nível superior/tecnólogo"
Não Especificada,DESENVOLVIMENTO DE FORMULAÇÕES DE MAIONESE UTILIZANDO MÉTODO ESTATÍSTICO DE MISTURA,"PIBIC, PIBIC-AF, PIBIT ou trabalho de pesquisa voluntário nível superior/tecnólogo"
Não Especificada,DESENVOLVIMENTO DE INSTRUMENTOS DE MEDIDAS PARA LABORATÓRIOS,"PIBIC, PIBIC-AF, PIBIT ou trabalho de pesquisa voluntário nível superior/tecnólogo"
Não Especificada,DETECÇÃO AUTOMATIZADA DE FAKE NEWS EM REDES SOCIAIS UTILIZANDO ALGORITMOS DE APRENDIZADO DE MÁQUINA E PROCESSAMENTO DE LINGUAGEM NATURAL.,"PIBIC, PIBIC-AF, PIBIT ou trabalho de pesquisa voluntário nível superior/tecnólogo"
Não Especificada,SÍNTESE DE ESTRUTURAS MESOPOROSAS DE VO2/PD PARA USO EM MEMBRANAS DE ELETROLISADOR DE HIDROGÊNIO VERDE,"PIBIC, PIBIC-AF, PIBIT ou trabalho de pesquisa voluntário nível superior/tecnólogo"
Não Especificada,PERFIS CULTURAIS DE ESTUDANTES COMO SUBSÍDIO À TOMADA DE DECISÃO NO ÂMBITO ESCOLAR: UMA ABORDAGEM COM CRISP-EDM,"PIBIC, PIBIC-AF, PIBIT ou trabalho de pesquisa voluntário nível superior/tecnólogo"
Não Especificada,FERRAMENTA GAMIFICADA DE GESTÃO DE LABORATÓRIOS DE PESQUISA,"PIBIC, PIBIC-AF, PIBIT ou trabalho de pesquisa voluntário nível superior/tecnólogo"
Não Especificada,ANÁLISE DE DADOS PARA PREVISÃO DE DOENÇAS CARDIOVASCULARES UTILIZANDO MACHINE LEARNING,"PIBIC, PIBIC-AF, PIBIT ou trabalho de pesquisa voluntário nível superior/tecnólogo"
Não Especificada,AVALIAÇÃO DE GRÃOS DE CULTIVARES DE FEIJÃO CAUPI PARA O NORTE DE MINAS GERAIS: SAFRA 2024,"PIBIC, PIBIC-AF, PIBIT ou trabalho de pesquisa voluntário nível superior/tecnólogo"
Não Especificada,DESENVOLVIMENTO DE JOGO DIGITAL EDUCACIONAL 3D PARA PROMOÇÃO DE ENGAJAMENTO E PREVENÇÃO DE COMPORTAMENTOS NEGATIVOS NO ENSINO FUNDAMENTAL,"PIBIC, PIBIC-AF, PIBIT ou trabalho de pesquisa voluntário nível superior/tecnólogo"
Não Especificada,PRODUTOS APÍCOLAS DO VALE DO JEQUITINHONHA COM POTENCIAL PARA INDICAÇÃO GEOGRÁFICA,"PIBIC, PIBIC-AF, PIBIT ou trabalho de pesquisa voluntário nível superior/tecnólogo"
Não Especificada,A UTILIZAÇÃO DO LIVRO DIDÁTICO POR PROFESSORES DE MATEMÁTICA NO ENSINO MÉDIO: UMA ANÁLISE NAS ESCOLAS ESTADUAIS DE JANUÁRIA (MG),"PIBIC, PIBIC-AF, PIBIT ou trabalho de pesquisa voluntário nível superior/tecnólogo"
Não Especificada,"DESENVOLVIMENTO DE CULTIVARES PARA O AGRONEGÓCIO DO FEIJÃO-CAUPI, NO SEMIÁRIDO DE MINAS GERAIS: SAFRA 2025","PIBIC, PIBIC-AF, PIBIT ou trabalho de pesquisa voluntário nível superior/tecnólogo"
Não Especificada,RELAÇÃO DO TEOR DE UMIDADE DE UM LATOSSOLO ARENOSO EM DIFERENTES CONDIÇÕES DE USO,"PIBIC, PIBIC-AF, PIBIT ou trabalho de pesquisa voluntário nível superior/tecnólogo"
Não Especificada,ANÁLISE DA COBERTURA VEGETAL DA APA DO LAGEDÃO ENTRE OS ANOS 2015 E 2025 POR MEIO DE IMAGENS NDVI,"PIBIC, PIBIC-AF, PIBIT ou trabalho de pesquisa voluntário nível superior/tecnólogo"
Não Especificada,AVALIAÇÃO DA COBERTURA VEGETAL NA APA DA SERRA DO SABONETAL ENTRE OS ANOS 2015 E 2025 POR MEIO DE IMAGENS NDVI,"PIBIC, PIBIC-AF, PIBIT ou trabalho de pesquisa voluntário nível superior/tecnólogo"
Não Especificada,CONTRIBUIÇÕES PARA A ANÁLISE DE ESTABILIDADE DE EDIFÍCIOS DE CONCRETO ARMADO E EFEITOS DE SEGUNDA ORDEM,"PIBIC, PIBIC-AF, PIBIT ou trabalho de pesquisa voluntário nível superior/tecnólogo"
Não Especificada,ECOS ANCESTRAIS: RESGATANDO AS RAÍZES E TECENDO MEMÓRIAS NO VALE DO GURUTUBA,"PIBIC, PIBIC-AF, PIBIT ou trabalho de pesquisa voluntário nível superior/tecnólogo"
Não Especificada,UTILIZAÇÃO DO FILME OPPENHEIMER COMO RECURSO DIDÁTICO EM AULAS DE FÍSICA MODERNA E CONTEMPORÂNEA,"PIBIC, PIBIC-AF, PIBIT ou trabalho de pesquisa voluntário nível superior/tecnólogo"
Não Especificada,DINHEIRO DE PLASTICO E ENDIVIDAMENTO ESTUDANTIL: ANÁLISE ESTATÍSTICA INFERENCIAL À LUZ DA ECONOMIA COMPORTAMENTAL E DA EDUCAÇÃO FINANCEIRA.,"PIBIC, PIBIC-AF, PIBIT ou trabalho de pesquisa voluntário nível superior/tecnólogo"
Não Especificada,DIÂMETRO DE HASTE PRINCIPAL DE CULTIVARES DE AMENDOIM NO SEMIÁRIDO MINEIRO,"PIBIC, PIBIC-AF, PIBIT ou trabalho de pesquisa voluntário nível superior/tecnólogo"
Não Especificada,CIANAMIDA HIDROGENADA NA BROTAÇÃO E FLORAÇÃO DA MACIEIRA ‘EVA’ NA REGIÃO SEMIÁRIDA DE MINAS GERAIS,"PIBIC, PIBIC-AF, PIBIT ou trabalho de pesquisa voluntário nível superior/tecnólogo"
Não Especificada,DINÂMICA DA COBERTURA VEGETAL NA TERRA INDÍGENA XAKRIABÁ RANCHARIA ENTRE 2015 E 2025 POR MEIO DA SUBTRAÇÃO DE IMAGENS NDVI,"PIBIC, PIBIC-AF, PIBIT ou trabalho de pesquisa voluntário nível superior/tecnólogo"
Não Especificada,CALIBRAÇÃO DE SENSOR DE UMIDADE DO SOLO COM MICROCONTROLADOR ARDUINO,"PIBIC, PIBIC-AF, PIBIT ou trabalho de pesquisa voluntário nível superior/tecnólogo"
Não Especificada,RELAÇÃO DA LEITURA DO CLOROFILÔMETRO NA FOLHA DO CAPIAÇU (PENNISETUMPURPUREUM) E O TEOR DE FÓSFORO DO SOLO,"PIBIC, PIBIC-AF, PIBIT ou trabalho de pesquisa voluntário nível superior/tecnólogo"
Não Especificada,INFLUÊNCIA DE ESPAÇAMENTO E DENSIDADE DE PLANTIO NA NODULAÇÃO EM VARIEDADES DE AMENDOIM CV. IAC OL3 CULTIVADO NO NORTE DE MINAS GERAIS,"PIBIC, PIBIC-AF, PIBIT ou trabalho de pesquisa voluntário nível superior/tecnólogo"
Não Especificada,ESPODULAB: KIT EDUCATIVO DE MINERAIS LITINÍFEROS DO VALE DO JEQUITINHONHA,"PIBIC, PIBIC-AF, PIBIT ou trabalho de pesquisa voluntário nível superior/tecnólogo"
Não Especificada,AVALIAÇÃO DA INFLUÊNCIA DO TEMPO DE PENEIRAMENTO EM AGITADOR DE BANCADA NA SEPARAÇÃO GRANULOMÉTRICA DE XISTO,"PIBIC, PIBIC-AF, PIBIT ou trabalho de pesquisa voluntário nível superior/tecnólogo"
Não Especificada,EFEITOS DA PANDEMIA DE COVID-19 NOS CRIMES SEXUAIS CONTRA CRIANÇAS E ADOLESCENTES: UMA DISCUSSÃO PRELIMINAR SOBRE O MUNICÍPIO DE JANUÁRIA-MG,"PIBIC, PIBIC-AF, PIBIT ou trabalho de pesquisa voluntário nível superior/tecnólogo"
Não Especificada,APLICAÇÃO DO CÁLCULO DE PH NA ENGENHARIA QUÍMICA,"PIBIC, PIBIC-AF, PIBIT ou trabalho de pesquisa voluntário nível superior/tecnólogo"
Não Especificada,LANCHE GO: SISTEMA DE GESTÃO DE ENTREGA DE LANCHES COM BIOMETRIA E ACESSO REMOTO NO IFNMG – CAMPUS PORTEIRINHA,"PIBIC, PIBIC-AF, PIBIT ou trabalho de pesquisa voluntário nível superior/tecnólogo"
Não Especificada,ESTUDO COMPARATIVO DAS COMUNIDADES MICROBIANAS EM SOLOS CULTIVADOS COM A CANA-DE-AÇÚCAR NO MUNICÍPIO DE JANUÁRIA- MG,"PIBIC, PIBIC-AF, PIBIT ou trabalho de pesquisa voluntário nível superior/tecnólogo"
Não Especificada,ENTRE CRISES E FINTECHS: UMA ANÁLISE DA INCLUSÃO FINANCEIRA BRASILEIRA SOB A ÓTICA DE UM INDICADOR,"PIBIC, PIBIC-AF, PIBIT ou trabalho de pesquisa voluntário nível superior/tecnólogo"
Não Especificada,ESTUDO INICIAL SOBRE O USO DO MODELO WRF-HYDRO PARA SIMULAÇÃO DE VARIÁVEIS HIDROMETEOROLÓGICAS EM UMA REGIÃO NA BACIA DO RIO SÃO FRANCISCO,"PIBIC, PIBIC-AF, PIBIT ou trabalho de pesquisa voluntário nível superior/tecnólogo"
Não Especificada,AVALIAÇÃO DE DIFERENTES MATERIAIS COMO ELETRODOS PARA A GERAÇÃO DE HIDROGÊNIO VIA ELETRÓLISE ALCALINA DA ÁGUA,"PIBIC, PIBIC-AF, PIBIT ou trabalho de pesquisa voluntário nível superior/tecnólogo"
Não Especificada,APLICAÇÃO DA METODOLOGIA QUALIDADE POR DESIGN ANALÍTICO (AQBD) NA OTIMIZAÇÃO DE MÉTODO DE ANÁLISE DO HERBICIDA FLORPIRAUXIFEN-BENZIL EM AMOSTRAS DE ARROZ USANDO CROMATOGRAFIA LÍQUIDA DE ALTA EFICIÊNCIA (HPLC-DAD),"PIBIC, PIBIC-AF, PIBIT ou trabalho de pesquisa voluntário nível superior/tecnólogo"
Não Especificada,DINÂMICA EPIDEMIOLÓGICA DA SÍFILIS ADQUIRIDA EM MINAS GERAIS ENTRE 2020 A JUNHO DE 2024,"PIBIC, PIBIC-AF, PIBIT ou trabalho de pesquisa voluntário nível superior/tecnólogo"
Não Especificada,DINÂMICA DA COBERTURA VEGETAL NA APA FERNÃO DIAS ENTRE 2015 E 2025 POR MEIO DA SUBTRAÇÃO DE IMAGENS NDVI,"PIBIC, PIBIC-AF, PIBIT ou trabalho de pesquisa voluntário nível superior/tecnólogo"
Não Especificada,DINÂMICA DA COBERTURA VEGETAL NA APA ÁGUAS VERTENTES ENTRE 2016 E 2025 POR MEIO DA SUBTRAÇÃO DE IMAGENS NDVI,"PIBIC, PIBIC-AF, PIBIT ou trabalho de pesquisa voluntário nível superior/tecnólogo"
Não Especificada,DINÂMICA DA COBERTURA VEGETAL NA APA ÁGUAS VERTENTES ENTRE 2016 E 2025 POR MEIO DA SUBTRAÇÃO DE IMAGENS NDVI,"PIBIC, PIBIC-AF, PIBIT ou trabalho de pesquisa voluntário nível superior/tecnólogo"
Não Especificada,A SAÚDE MENTAL DOS ACADÊMICOS DO CURSO DE LICENCIATURA EM CIÊNCIAS BIOLÓGICAS DO INSTITUTO FEDERAL DO NORTE DE MINAS GERAIS CAMPUS JANUÁRIA NO CONTEXTO DA PANDEMIA DA COVID-19,"PIBIC, PIBIC-AF, PIBIT ou trabalho de pesquisa voluntário nível superior/tecnólogo"
Não Especificada,PROPOSTA E VALIDAÇÃO DE UM SISTEMA DE DETECÇÃO DE INTRUSÃO LEVE E ORIENTADO À PRIVACIDADE PARA REDES IOT RESIDENCIAIS BASEADO EM APRENDIZADO PROFUNDO NO GATEWAY DE REDE,"PIBIC, PIBIC-AF, PIBIT ou trabalho de pesquisa voluntário nível superior/tecnólogo"
Não Especificada,REDESIGN DO WEBSITE DO LABORATÓRIO DISPLAY: APLICAÇÃO DE UX DESIGN PARA MELHORAR A EXPERIÊNCIA DO USUÁRIO,"PIBIC, PIBIC-AF, PIBIT ou trabalho de pesquisa voluntário nível superior/tecnólogo"
Não Especificada,ESTRATÉGIAS PARA DIVULGAÇÃO CIENTÍFICA NO NORTE DE MINAS GERAIS: ANÁLISE DE PÁGINAS DE INSTITUIÇÕES DE ENSINO E PESQUISA,"PIBIC, PIBIC-AF, PIBIT ou trabalho de pesquisa voluntário nível superior/tecnólogo"
Não Especificada,O USO DO ARDUINO COMO FERRAMENTA PARA O ENSINO DE PROGRAMAÇÃO EM ROBÓTICA,"PIBIC, PIBIC-AF, PIBIT ou trabalho de pesquisa voluntário nível superior/tecnólogo"
Não Especificada,MODELAGEM MOLECULAR E ESTUDO TOXICOLÓGICO IN SILICO AMBIENTAL E HUMANO PARA O ANTIBIÓTICO CEFALEXINA,"PIBIC, PIBIC-AF, PIBIT ou trabalho de pesquisa voluntário nível superior/tecnólogo"
Não Especificada,ATIVIDADE LARVICIDA DO EXTRADO AQUOSO DAS FOLHAS DE CHENOPODIUM AMBROSIOIDES L. SOBRE AS LARVAS DE AEDES AEGYPTI,"PIBIC, PIBIC-AF, PIBIT ou trabalho de pesquisa voluntário nível superior/tecnólogo"
Não Especificada,ESTRATÉGIAS UTILIZADAS PARA CRIAR MODELOS EM 3D COM BAIXO CUSTO,"PIBIC, PIBIC-AF, PIBIT ou trabalho de pesquisa voluntário nível superior/tecnólogo"
Não Especificada,PREDIÇÃO DO TIPO DE VÍRUS DA MALÁRIA COM ÁRVORES DE DECISÃO A PARTIR DE DADOS SOCIOECONÔMICOS DESBALANCEADOS DE UGANDA.,"PIBIC, PIBIC-AF, PIBIT ou trabalho de pesquisa voluntário nível superior/tecnólogo"
Não Especificada,UTILIZAÇÃO DA CROMATOGRAFIA CIRCULAR DE PFEIFFER COMO FERRAMENTA ALTERNATIVA SOBRE A QUALIDADE DE SOLOS,"PIBIC, PIBIC-AF, PIBIT ou trabalho de pesquisa voluntário nível superior/tecnólogo"
Não Especificada,ANÁLISE COMPARATIVA DOS ESFORÇOS DE FLEXÃO EM PLACAS DELGADAS,"PIBIC, PIBIC-AF, PIBIT ou trabalho de pesquisa voluntário nível superior/tecnólogo"
Não Especificada,ESTUDO COMPARATIVO ENTRE PENEIRAMENTO DE BANCADA E PENEIRAMENTO SUSPENSO NA EFICIÊNCIA DA CLASSIFICAÇÃO GRANULOMÉTRICA DE MINÉRIO LITINÍFERO,"PIBIC, PIBIC-AF, PIBIT ou trabalho de pesquisa voluntário nível superior/tecnólogo"
Não Especificada,ENGENHARIA DE PROMPT PARA TODOS: PROPOSTA DE UM PROJETO DE APRENDIZAGEM PARA A CRIAÇÃO DE COMANDOS EFICAZES EM INTELIGÊNCIA ARTIFICIAL,"PIBIC, PIBIC-AF, PIBIT ou trabalho de pesquisa voluntário nível superior/tecnólogo"
Não Especificada,ALTURA DE PLANTA DE AMENDOIM NO NORTE DE MINAS GERAIS,"PIBIC, PIBIC-AF, PIBIT ou trabalho de pesquisa voluntário nível superior/tecnólogo"
Não Especificada,GERMINAÇÃO DE CULTIVARES DE FEIJÃO CAUPI (VIGNA UNGUICULATA - FABACEAE) EM DIFERENTES TEMPERATURAS NO SEMIARIDO MINEIRO,"PIBIC, PIBIC-AF, PIBIT ou trabalho de pesquisa voluntário nível superior/tecnólogo"
Não Especificada,FERRAMENTAS DE APOIO ÀS ASSOCIAÇÕES DE PESCADORES,"PIBIC, PIBIC-AF, PIBIT ou trabalho de pesquisa voluntário nível superior/tecnólogo"
Não Especificada,PROPOSTA DE FERRAMENTA PARA O ENSINO / APRENDIZADO DA LÍNGUA INDÍGENA,"PIBIC, PIBIC-AF, PIBIT ou trabalho de pesquisa voluntário nível superior/tecnólogo"
Não Especificada,AVALIAÇÃO DA ACEITABILIDADE DE MODELOS DE MACHINE LEARNING INTERPRETÁVEIS POR PROFISSIONAIS DA SAÚDE EM PROCESSOS DE TOMADA DE DECISÃO CLÍNICA,"PIBIC, PIBIC-AF, PIBIT ou trabalho de pesquisa voluntário nível superior/tecnólogo"
Não Especificada,EXPERIÊNCIA DE DESENVOLVIMENTO DE MODELAGEM 3D PARA INSERÇÃO EM JOGO,"PIBIC, PIBIC-AF, PIBIT ou trabalho de pesquisa voluntário nível superior/tecnólogo"
Não Especificada,IMPLEMENTAÇÃO E ANÁLISE DA BIBLIOTECA MURPHYJS PARA ANIMAÇÕES DE ROLAGEM EM PROJETOS WEB,"PIBIC, PIBIC-AF, PIBIT ou trabalho de pesquisa voluntário nível superior/tecnólogo"
Não Especificada,ARQUITETURAS DISTRIBUÍDAS PARA A INTERNET DAS COISAS ROBÓTICAS (IORT): UMA REVISÃO SISTEMÁTICA E ANÁLISE COMPARATIVA,"PIBIC, PIBIC-AF, PIBIT ou trabalho de pesquisa voluntário nível superior/tecnólogo"
Não Especificada,EXPERIÊNCIA NO DESENVOLVIMENTO DE JOGOS COOPERATIVOS E TEMÁTICAS SOCIAIS: O PROCESSO DE DESENVOLVIMENTO DE UM JOGO 3D EDUCATIVO,"PIBIC, PIBIC-AF, PIBIT ou trabalho de pesquisa voluntário nível superior/tecnólogo"
Não Especificada,DESENVOLVIMENTO E IMPLEMENTAÇÃO DE UM WEBSITE PARA O LABORATÓRIO DISPLAY: UMA PLATAFORMA ESTRATÉGICA PARA DIVULGAÇÃO CIENTÍFICA E INTERAÇÃO ACADÊMICA,"PIBIC, PIBIC-AF, PIBIT ou trabalho de pesquisa voluntário nível superior/tecnólogo"
Não Especificada,ESTUDO SOBRE A IMPLEMENTAÇÃO DE MÓDULOS DE INTERNET DAS COISAS PARA PROVER PROJETOS DE INTERNET DAS COISAS ROBÓTICAS,"PIBIC, PIBIC-AF, PIBIT ou trabalho de pesquisa voluntário nível superior/tecnólogo"
Não Especificada,CICLO DE DESENVOLVIMENTO E FLORAÇÃO DE CULTIVARES DE FEIJÃO CAUPI CULTIVADOS NO SEMIÁRIDO DE MINAS GERAIS: SAFRA 2025,"PIBIC, PIBIC-AF, PIBIT ou trabalho de pesquisa voluntário nível superior/tecnólogo"
Não Especificada,BIBLIOTECA DE JOGOS ESPORTIVOS: O CASO DO JOGOS DE VÔLEI,"PIBIC, PIBIC-AF, PIBIT ou trabalho de pesquisa voluntário nível superior/tecnólogo"
Não Especificada,ANÁLISE EPIDEMIOLÓGICA DE ACIDENTES OFÍDICOS PELO GÊNERO LACHESIS: UM ESTUDO RETROSPECTIVO DE 2020 A 2024,"PIBIC, PIBIC-AF, PIBIT ou trabalho de pesquisa voluntário nível superior/tecnólogo"
Não Especificada,PROPOSTA E AVALIAÇÃO DE ARQUITETURA PARA INTERNET DAS COISAS ROBÓTICAS APLICADA À AUTOMAÇÃO DE PROCESSOS PRODUTIVOS COM MQTT,"PIBIC, PIBIC-AF, PIBIT ou trabalho de pesquisa voluntário nível superior/tecnólogo"
Não Especificada,SISTEMAS DE IRRIGAÇÃO AUTOMATIZADOS DE BAIXO CUSTO: UMA REVISÃO DA LITERATURA PARA O SEMIÁRIDO,"PIBIC, PIBIC-AF, PIBIT ou trabalho de pesquisa voluntário nível superior/tecnólogo"
Não Especificada,REVISÃO BIBLIOGRÁFICA SOBRE O GERENCIAMENTO DE DADOS NA INTERNET DAS COISAS ROBÓTICAS: UMA ABORDAGEM HÍBRIDA COM SQL E NOSQL,"PIBIC, PIBIC-AF, PIBIT ou trabalho de pesquisa voluntário nível superior/tecnólogo"
Não Especificada,IMPACTOS DA IMPLEMENTAÇÃO DO ENSINO DA QUÍMICA VERDE NO ENSINO MÉDIO,"PIBIC, PIBIC-AF, PIBIT ou trabalho de pesquisa voluntário nível superior/tecnólogo"
Não Especificada,TERRITÓRIO – ABRANGÊNCIA DO INSTITUTO FEDERAL DO NORTE DE MINAS - IFNMG CAMPUS ARINOS E AS COMUNIDADES QUILOMBOLAS.,Pesquisa em nível de Pós-graduação Stricto Sensu
Não Especificada,IDENTIDADE E TERRITÓRIO NA EDUCAÇÃO: UMA ABORDAGEM CONCEITUAL PARA A ANÁLISE NA EDUCAÇÃO PROFISSIONAL E TECNOLOGICA,Pesquisa em nível de Pós-graduação Stricto Sensu
Não Especificada,PROGRAMA DE GESTÃO E DESEMPENHO E A QUALIDADE DE VIDA NO TELETRABALHO: CONTRIBUIÇÕES AOS SERVIDORES TÉCNICO-ADMINISTRATIVOS EM EDUCAÇÃO DO IFNMG,Pesquisa em nível de Pós-graduação Stricto Sensu
Não Especificada,PRODUÇÃO CIENTÍFICA EM CIÊNCIAS DA SAÚDE: AVALIAÇÃO E INDICADORES DOS PESQUISADORES DO CNPQ,Pesquisa em nível de Pós-graduação Stricto Sensu
Não Especificada,COMUNICAÇÃO E ESCOLHA PROFISSIONAL: REFLEXÕES SOBRE A DIVULGAÇÃO ON-LINE DO PROCESSO SELETIVO NO IFNMG,Pesquisa em nível de Pós-graduação Stricto Sensu
Não Especificada,SAÚDE NA ESCOLA: INTERVENÇÃO EDUCATIVA SOBRE ENGASGO,Pesquisa em nível de Pós-graduação Stricto Sensu
Não Especificada,PRODUTIVIDADE DAS CULTIVARES DO GÊNERO BRACHIARIA IRRIGADOS NO PERÍODO SECO,Pesquisa em nível de Pós-graduação Stricto Sensu
Não Especificada,ASPECTOS TEÓRICO-METODOLÓGICOS DE PESQUISA NO ACERVO MUSICAL DA ARQUIDIOCESE DE DIAMANTINA/MG,Pesquisa em nível de Pós-graduação Stricto Sensu
Não Especificada,OS DESAFIOS DO PRIMEIRO SEMESTRE DO MESTRADO CONCILIANDO ESTUDOS E TRABALHO: UM RELATO DE EXPERIÊNCIA,Pesquisa em nível de Pós-graduação Stricto Sensu
Não Especificada,O IMPACTO DAS TECNOLOGIAS DIGITAIS NO ENSINO E APRENDIZADO DA MATEMÁTICA,Pesquisa em nível de Pós-graduação Stricto Sensu
Não Especificada,GUIA CONEXÃO LEGAL: CULTIVANDO UMA COMUNIDADE VIRTUAL DE PRÁTICA NO CURSO TÉCNICO EM SERVIÇOS JURÍDICOS,Pesquisa em nível de Pós-graduação Stricto Sensu
Não Especificada,O USO DO ROBLOX STUDIO PARA FORMAÇÃO DE PROFESSORES NA EDUCAÇÃO PROFISSIONAL E TECNOLÓGICA,Pesquisa em nível de Pós-graduação Stricto Sensu
Não Especificada,INTERNACIONALIZAÇÃO NO ENSINO MÉDIO INTEGRADO: O COMITÊ EM LÍNGUA INGLESA DO IFMUNDO NO IFNMG-CAMPUS PIRAPORA,Pesquisa em nível de Pós-graduação Stricto Sensu
Não Especificada,GÊNESE E PERMANÊNCIA DA REGIÃO DO VALE DO JEQUITINHONHA NO PROCESSO HISTÓRICO: O PROBLEMA DA DESIGUALDADE REGIONAL SOB PERSPECTIVA CULTURAL E ECONÔMICA.,Pesquisa em nível de Pós-graduação Stricto Sensu
Não Especificada,TRIAGEM DE ANSIEDADE EM ESTUDANTES DO ENSINO PROFISSIONAL E TECNOLÓGICO,Pesquisa em nível de Pós-graduação Stricto Sensu
Não Especificada,DESAFIOS DA ERA DIGITAL: ADICÇÃO EM SMARTPHONES E INTERNET EM PROFESSORES DO ENSINO FUNDAMENTAL I DA REDE MUNICIPAL DE BOCAIUVA - MG,Pesquisa em nível de Pós-graduação Stricto Sensu
Não Especificada,DA TEORIA À PRÁXIS: USO DE MATERIAIS ALTERNATIVOS PARA O ENSINO DE FÍSICA NA EDUCAÇÃO PROFISSIONAL E TECNOLÓGICA,Pesquisa em nível de Pós-graduação Stricto Sensu
Não Especificada,TEMA GERADOR E A ARTICULAÇÃO ENTRE TEORIA E PRÁTICA NA EDUCAÇÃO PROFISSIONAL E TECNOLÓGICA,Pesquisa em nível de Pós-graduação Stricto Sensu
Não Especificada,APRENDIZAGEM DE FUNÇÕES POLINOMIAIS DE 1º E DE 2º GRAUS COM O SOFTWARE MODELLUS 4.0: CONVERSÃO ENTRE DIFERENTES REGISTROS DE REPRESENTAÇÃO SEMIÓTICA,Pesquisa em nível de Pós-graduação Stricto Sensu
Não Especificada,INTELIGÊNCIAS MÚLTIPLAS NO PROJETO EXISTENCIAL DE EMANCIPAÇÃO DO SUJEITO NA EDUCAÇÃO PROFISSIONAL E TECNOLÓGICA,Pesquisa em nível de Pós-graduação Stricto Sensu
Não Especificada,REDAÇÃO NOTA MIL: DOCUMENTOS OFICIAIS DO ENEM E AS MÍDIAS DIGITAIS,Pesquisa em nível de Pós-graduação Stricto Sensu
Não Especificada,META-ANÁLISE QUALITATIVA ACERCA DA APLICAÇÃO DA ESTATÍSTICA EM PROGRAMAS DE PÓS-GRADUAÇÃO STRICTO SENSU DA UNIMONTES NO DECÊNIO 2010 A 2020: DA ESCOLHA DA TÉCNICA À COMPREENSÃO DOS RESULTADOS.,Pesquisa em nível de Pós-graduação Stricto Sensu
Não Especificada,DESENVOLVIMENTO DE BEBIDA LÁCTEA FORTIFICADA COM FERRO MICROENCAPSULADO PARA PREVENÇÃO DA ANEMIA,Pesquisa em nível de Pós-graduação Stricto Sensu
Não Especificada,AS REPRESENTAÇÕES DA MULHER CIBORGUE NOS MANGÁS E NAS ANIMAÇÕES: MAJOR MOTOKO E NAUSICAA,Pesquisa em nível de Pós-graduação Stricto Sensu
Não Especificada,EPT E A LEI Nº 10.639/2003: SABERES DOS POVOS DO CANDOMBLÉ DE ANGOLA PARA UMA FORMAÇÃO OMNILATERAL,Pesquisa em nível de Pós-graduação Stricto Sensu
Não Especificada,RELATOS DE MOBILIDADE INTERNACIONAL NO IFNMG: UMA DÉCADA DE VIVÊNCIAS (2013–2023),Pesquisa em nível de Pós-graduação Stricto Sensu
Não Especificada,ORÇAMENTO PARTICIPATIVO DA ESCOLA - OPE,Pesquisa em nível de Pós-graduação Lato Sensu
Não Especificada,ESTIMATIVA DA PERDA DE SOLOS NA BACIA HIDROGRÁFICA DO RIO URUCUIA,Pesquisa em nível de Pós-graduação Lato Sensu
Não Especificada,O TRABALHO COMO FUNDAMENTO DO SER HUMANO: UMA ANÁLISE DAS CONTRADIÇÕES ENTRE HUMANIZAÇÃO E DESUMANIZAÇÃO,Pesquisa em nível de Pós-graduação Lato Sensu
Não Especificada,PARTIDA ESTRELA-TRIÂNGULO COM REVERSÃO AUTOMATIZADA APLICADA A UMA ESTEIRA INDUSTRIAL EM MONTES CLAROS/MG,Resultado de projeto de ensino
Não Especificada,DETERMINAÇÃO DA ENTALPIA DE VAPORIZAÇÃO DA ÁGUA E DA PRESSÃO ATMOSFÉRICA PELA EQUAÇÃO DE CLAUSIUS-CLAPEYRON,Resultado de projeto de ensino
Não Especificada,ANÁLISE DOS PARÂMETROS FÍSICO-QUÍMICOS EM ESTAÇÕES DE TRATAMENTO DE EFLUENTES,Resultado de projeto de ensino
Não Especificada,MODELAGEM TERMODINÂMICA E SIMULAÇÃO COMPUTACIONAL DO EQUILÍBRIO LÍQUIDO‑VAPOR DE METANOL/ACETATO DE METILA,Resultado de projeto de ensino
Não Especificada,A EXTRAÇÃO DO DNA DA BANANA COMO INSTRUMENTO DIDÁTICO PARA O ENSINO DE GENÉTICA NO ENSINO MÉDIO,Resultado de projeto de ensino
Não Especificada,EMPREENDEDORISMO DIGITAL: TRANSFORMANDO NEGÓCIOS EM SISTEMAS DE INFORMAÇÃO – 2ª EDIÇÃO,Resultado de projeto de ensino
Não Especificada,ANÁLISE HIDROLÓGICA DO RIO COXÁ UTILIZANDO O SISTEMA SISCAH: CONTRIBUIÇÕES PARA A GESTÃO DOS RECURSOS HÍDRICOS NA BACIA DO SÃO FRANCISCO,Resultado de projeto de ensino
Não Especificada,"GRÊMIO ESTUDANTIL: TRAJETÓRIA, PROTAGONISMO ESTUDANTIL E PARTICIPAÇÃO DEMOCRÁTICA NO IFNMG-CAMPUS PIRAPORA",Resultado de projeto de ensino
Não Especificada,EXTRAÇÃO DO ÓLEO ESSENCIAL DA CASCA DA LARANJA (CITRUS SINENSIS),Resultado de projeto de ensino
Não Especificada,POVOS ORIGINÁRIOS DAS AMÉRICAS: FESTIVAL DA INTERCULTURALIDADE - UM RELATO DE EXPERIÊNCIA,Resultado de projeto de ensino
Não Especificada,R.A.N.I: ROBÔ DE APOIO COM NAVEGAÇÃO INTELIGENTE,Resultado de projeto de ensino
Não Especificada,JOGO DOS NÚMEROS INTEIROS: UMA ESTRATÉGIA LÚDICA NO ENSINO DE MATEMÁTICA,Resultado de projeto de ensino
Não Especificada,FUNÇÃO QUADRÁTICA: UMA ABORDAGEM COM ESTUDANTES DO 1º ANO DO ENSINO MÉDIO USANDO O GEOGEBRA,Resultado de projeto de ensino
Não Especificada,DO LABORATÓRIO À COMPETIÇÃO: ROBÓTICA COMO CAMINHO PARA A INOVAÇÃO EDUCACIONAL,Resultado de projeto de ensino
Não Especificada,REGISTROS DE REPRESENTAÇÃO SEMIÓTICA DE DUVAL NO ENSINO DOS NÚMEROS NATURAIS NO 3º ANO DO ENSINO FUNDAMENTAL,Resultado de projeto de ensino
Não Especificada,OFICINA DE SEMIÓTICA APLICADA À INTERAÇÃO HUMANO -COMPUTADOR: UMA ABORDAGEM INTERDISCIPLINAR PARA A LEITURA DE INTERFACES DIGITAIS,Resultado de projeto de ensino
Não Especificada,PROPOSTAS DE ATIVIDADES EXPERIMENTAIS DE ÓPTICA PARA ENSINO DE FÍSICA PARA DEFICIENTES VISUAIS,Resultado de projeto de ensino
Não Especificada,RESOLUÇÃO E PROPOSIÇÃO DE PROBLEMAS NA FORMAÇÃO DE PROFESSORES: UMA EXPERIÊNCIA DIDÁTICA,Resultado de projeto de ensino
Não Especificada,PROJETO PEDAGÓGICO SOBRE O REINO PLANTAE COM ESTUDANTES DO 8°ANO,Resultado de projeto de ensino
Não Especificada,O PAPEL DA BRINQUEDOTECA COMO AMBIENTE DE ESTIMULO A LINGUAGEM CRIATIVIDADE E DESENVOLVIMENTO NEUROPSICOLÓGICO INFANTIL,Resultado de projeto de ensino
Não Especificada,CARCAÇA DE NOVILHOS NELORE SUBMETIDOS A DIFERENTES ESTRATÉGIAS NUTRICIONAIS,Resultado de projeto de ensino
Não Especificada,"CERRADO, CONHECER PARA PRESERVAR, E PRESERVAR PARA SOBREVIVER",Resultado de projeto de ensino
Não Especificada,DESENVOLVIMENTO DE DASHBOARDS INTERATIVOS PARA ANÁLISE DE DADOS DE STREAMING E USINAGEM CNC,Resultado de projeto de ensino
Não Especificada,A MATEMÁTICA QUE ENCANTA: A AFETIVIDADE COMO CAMINHO PARA A APRENDIZAGEM NOS ANOS INICIAIS,Resultado de projeto de ensino
Não Especificada,UMA ABORDAGEM MATEMÁTICA: TROCADORES DE CALOR EM PROCESSOS NA INDÚSTRIA DE LATICÍNIOS,Resultado de projeto de ensino
Não Especificada,O LÚDICO COMO ESTRATÉGIA PARA O ENSINO DA MATEMÁTICA NOS ANOS INICIAIS: UM RELATO DE EXPERIÊNCIA NO PIBID.,Resultado de projeto de ensino
Não Especificada,A HORTA ESCOLAR COMO FERRAMENTA DE EDUCAÇÃO AMBIENTAL: ANÁLISE DA PARTICIPAÇÃO E PERCEPÇÃO DOS ALUNOS,Resultado de projeto de ensino
Não Especificada,SIMULAÇÃO DE PROCESSO E OTIMIZAÇÃO DE COLUNA DE DESTILAÇÃO BINÁRIA COM DSWIM: APLICAÇÕES EM SISTEMAS BENZENO-TOLUENO,Resultado de projeto de ensino
Não Especificada,GEOPROCESSAMENTO COMO FERRAMENTA DIFERENCIAL NA AVALIAÇÃO DA UNIFORMIDADE DE IRRIGAÇÃO: ESTUDO DE CASO NA OLERICULTURA DO IFNMG JANUÁRIA,Resultado de projeto de ensino
Não Especificada,OTIMIZAÇÃO ENERGÉTICA EM REDES DE AR COMPRIMIDO VIA CONTROLADOR PID,Resultado de projeto de ensino
Não Especificada,EXPERIMENTONDO A FÍSICA: O USO DE ARDUÍNO NO ENSINO DE MECÂNICA PARA O ENSINO MÉDIO,Resultado de projeto de ensino
Não Especificada,A RELAÇÃO ENTRE OPERAÇÕES DE CRÉDITO E PIB MUNICIPAL: UM ESTUDO SOBRE JANUÁRIA DE 2002 A 2024,Resultado de projeto de ensino
Não Especificada,QUITANDEIRAS DO MÉDIO JEQUITINHONHA: UMA ANÁLISE DISCURSIVA EM NARRATIVAS QUE REVELAM RESISTÊNCIA E ANCESTRALIDADE,Resultado de projeto de extensão e ou extensão tecnologica
Não Especificada,DA TECLA AO TEXTO: RELATO DE EXPERIÊNCIA DA UCE,Resultado de projeto de extensão e ou extensão tecnologica
Não Especificada,MELHOR IDADE CONECTADA: INCLUSÃO DIGITAL PARA IDOSOS,Resultado de projeto de extensão e ou extensão tecnologica
Não Especificada,APRENDIZAGEM NA ERA DIGITAL: USO DA TECNOLOGIA PARA AUXILIAR ALUNOS DO ENSINO FUNDAMENTAL,Resultado de projeto de extensão e ou extensão tecnologica
Não Especificada,AVALIAÇÃO DA QUALIDADE DA ÁGUA UTILIZADA EM ÁREAS DE CULTIVO DE HORTALIÇAS NO MUNICÍPIO DE ALMENARA-MG,Resultado de projeto de extensão e ou extensão tecnologica
Não Especificada,EXSICATAS COMO FERRAMENTA PEDAGÓGICA: AGROECOLOGIA E MELIPONICULTURA NA EFA RENASCER NO VALE DO JEQUITINHONHA,Resultado de projeto de extensão e ou extensão tecnologica
Não Especificada,IMPACTO DA ASSISTÊNCIA TÉCNICA E GESTÃO RURAL NA BOVINOCULTURA DE LEITE: ESTUDO DE CASO NO BAIXO JEQUITINHONHA,Resultado de projeto de extensão e ou extensão tecnologica
Não Especificada,PROGNÓSTICO DE FALHAS EM SISTEMAS DINÂMICOS: UMA ABORDAGEM INTEGRADA À DETECÇÃO DE ANOMALIAS,Resultado de projeto de extensão e ou extensão tecnologica
Não Especificada,TÉCNICAS DE PROPAGAÇÃO MUDAS FRUTÍFERAS: UMA EXPERIÊNCIA EXTENSIONISTA NO VALE DO JEQUITINHONHA–MG,Resultado de projeto de extensão e ou extensão tecnologica
Não Especificada,CAPACITAÇÃO PARA CANTINEIRAS QUANTO A BOAS PRÁTICAS NA PRODUÇÃO E MANIPULAÇÃO DE ALIMENTOS EM ESCOLAS PÚBLICAS DE JANAÚBA/MG,Resultado de projeto de extensão e ou extensão tecnologica
Não Especificada,PARTILHA E VIVÊNCIA COMO PRINCÍPIOS EDUCATIVOS DO ASSENTAMENTO ARUEGA. NOTAS A PARTIR DE UMA VISITA TÉCNICA DOS ESTUDANTES DOS CURSOS TÉCNICOS DO IFNMG – CAMPUS ARAÇUAÍ,Resultado de projeto de extensão e ou extensão tecnologica
Não Especificada,DESAFIOS COM PALITOS: UMA INTERVENÇÃO PARA O ENSINO DE GEOMETRIA NOS ANOS INICIAIS,Resultado de projeto de extensão e ou extensão tecnologica
Não Especificada,EXPLORANDO IGUALDADE COM O SIMULADOR PHET: UMA PROPOSTA PARA O ENSINO DE MATEMÁTICA,Resultado de projeto de extensão e ou extensão tecnologica
Não Especificada,EXPLORANDO A CIRCUNFERÊNCIA E O CÍRCULO COM ALUNOS DO PARTIU IF,Resultado de projeto de extensão e ou extensão tecnologica
Não Especificada,"LUANDA – LABORATÓRIO ACADÊMICO E TECNOLÓGICO: INTEGRAÇÃO ENTRE ENSINO, PESQUISA E EXTENSÃO POR MEIO DA INOVAÇÃO",Resultado de projeto de extensão e ou extensão tecnologica
Não Especificada,A CONSTRUÇÃO DO CONCEITO DE PROBABILIDADE A PARTIR DE UM JOGO,Resultado de projeto de extensão e ou extensão tecnologica
Não Especificada,A INFLUÊNCIA DA CULTURA LATINO-AMERICANA NO VOCABULÁRIO DOS ESTUDANTES DE ESPANHOL COMO LÍNGUA ESTRANGEIRA,Resultado de projeto de extensão e ou extensão tecnologica
Não Especificada,LEITE A2A2: CARACTERIZAÇÃO FÍSICO-QUÍMICA E MICROBIOLÓGICA DO LEITE DE ANIMAIS PRODUTORES EM SALINAS/MG,Resultado de projeto de extensão e ou extensão tecnologica
Não Especificada,APICULTURA 4.0: DETECÇÃO DE PADRÕES E ANOMALIAS EM DADOS DE MONITORAMENTO REMOTO DA TEMPERATURA INTERNA DE COLMEIAS,Resultado de projeto de extensão e ou extensão tecnologica
Não Especificada,APICULTURA 4.0 E RESILIÊNCIA CLIMÁTICA NO VALE DO JEQUITINHONHA: MONITORAMENTO TÉRMICO E MANEJO ADAPTATIVO,Resultado de projeto de extensão e ou extensão tecnologica
Não Especificada,DESAFIOS NA APRENDIZAGEM DE PENSAMENTO COMPUTACIONAL COM SCRATCH: RELATO DE EXPERIÊNCIA NO ENSINO FUNDAMENTAL,Resultado de projeto de extensão e ou extensão tecnologica
Não Especificada,"TESSITURA DE TRAMAS, PROSAS, TROCA DE EXPERIÊNCIAS NA SEGUNDA SEMANA DA AGROBIODIVERSIDADE NO IFNMG - CAMPUS ARAÇUAÍ",Inovação
Não Especificada,VIVÊNCIAS DA EDUCAÇÃO DO CAMPO NO MÉDIO VALE DO JEQUITINHONHA: A VOZ DOS PROTAGONISTAS DO PROCESSO EDUCATIVO,Inovação
Não Especificada,A SALA DE RECURSOS MULTIFUNCIONAIS COMO ESPAÇO DE ATENDIMENTO EDUCACIONAL ESPECIALIZADO E FORMAÇÃO CONTINUADA,Inovação
Não Especificada,PROPOSTA DE OTIMIZAÇÃO DO USO DE DISPOSITIVOS AUTOMATIZADOS PARA EFICIÊNCIA ENERGÉTICA NO PRÉDIO DE ENSINO II DO IFNMG CAMPUS MONTES CLAROS,Inovação
Não Especificada,MATRÍCULAS POR DISCIPLINA EM CURSOS CONCOMITANTES E SUBSEQUENTES DO IFNMG - FLEXIBILIDADE E INOVAÇÃO CURRICULAR,Inovação
Não Especificada,DESENVOLVIMENTO E OTIMIZAÇÃO DE EMULSÃO COSMÉTICA À BASE DE ÓLEO DE CALÊNDULA: UMA PROPOSTA INOVADORA PARA A INDÚSTRIA DE COSMÉTICOS,Inovação
Não Especificada,ANÁLISE E MONITORAMENTO DA DEMANDA ENERGÉTICA FRENTE À EXPANSÃO DA ELETROMOBILIDADE NO BRASIL,Inovação
Não Especificada,QUANTIFICAÇÃO DO TEOR DE HIDROXIMETILFURFURAL PELO MÉTODO ESPECTROFOTOMÉTRICO DE WHITE,Inovação
Não Especificada,"ENFRENTAMENTO AO TABAGISMO COM EDUCAÇÃO, INTERSETORIALIDADE E INOVAÇÃO NO NORTE DE MINAS GERAIS",Inovação
Não Especificada,AS DIMENSÕES DO TRABALHO NA EPT: ENTRE A ALIENAÇÃO E A EMANCIPAÇÃO,Inovação
Não Especificada,"COMO UM SITE ASSISTIVO PODE AUXILIAR NO DESENVOLVIMENTO SOCIAL, COGNITIVO E ESCOLAR DE CRIANÇAS DIAGNOSTICADAS COM TRANSTORNO DO ESPECTRO AUTISTA",Inovação
Não Especificada,ANÁLISE DO DESEMPENHO DO AERADOR HIDRÁULICO MODELO “SAMUKA” COM TUBO DE VENTURI NA OXIGENAÇÃO DE TANQUES DE PISICULTURA,Inovação
Não Especificada,CONSTRUÇÃO DO AERADOR HIDRÁULICO MODELO “SAMUKA” COM TUBO DE VENTURI PARA OXIGENAÇÃO EM TANQUES DE PISCICULTURA,Inovação
Não Especificada,DESENVOLVIMENTO DA FORMULAÇÃO DE UMA BALA DE GOMA UTILIZANDO O MÉTODO ESTATÍSTICO DE MISTURA,Inovação
Ciências Exatas e da terra,VITRINE DE PROJETOS: UMA PLATAFORMA ACADÊMICA MODULAR PARA GESTÃO E DIVULGAÇÃO DE INICIATIVAS INSTITUCIONAIS,Área Temática Específica
Ciências Exatas e da terra,ROBÓTICA E DESENVOLVIMENTO DE SOFT SKILLS EM ESTUDANTES DO ENSINO MÉDIO,Área Temática Específica
Ciências Exatas e da terra,IMPACTO DO USO DE ROBÓTICA EDUCACIONAL NO ENSINO DA FÍSICA,Área Temática Específica
Ciências Exatas e da terra,DESENVOLVIMENTO DE UM KIT ROBÓTICO PARA OFICINAS DE ROBÓTICA EDUCACIONAL NO ENSINO FUNDAMENTAL,Área Temática Específica
Ciências Exatas e da terra,DESENVOLVIMENTO DE UM JOGO DIGITAL EDUCATIVO PARA O ENSINO DE QUÍMICA: UMA ABORDAGEM INTERATIVA E GAMIFICADA PARA A APRENDIZAGEM DE CONCEITOS FUNDAMENTAIS,Área Temática Específica
Ciências Exatas e da terra,EXPERIMENTAÇÃO COMO ESTRATÉGIA PARA O ENSINO DE FÍSICA NO IFNMG CAMPUS JANAÚBA,Área Temática Específica
Ciências Exatas e da terra,CAIXA DE CORES OCULTA,Área Temática Específica
Ciências Exatas e da terra,DETERMINAÇÃO EXPERIMENTAL DA ACELERAÇÃO DE UMA CARRINHO NO PLANO INCLINADO,Área Temática Específica
Ciências Exatas e da terra,IDENTIFICAÇÃO DE PONTOS ANATÔMICOS USANDO VISÃO COMPUTACIONAL,Área Temática Específica
Ciências Exatas e da terra,"LINGUAGEM PROLOG E ENSINO DE MATEMÁTICA: INTERSEÇÕES ENTRE COMPUTAÇÃO, LÓGICA E EDUCAÇÃO",Área Temática Específica
Ciências Exatas e da terra,O CAMPO DE INDUÇÃO MAGNÉTICA COMO BENEFICIAMENTO SUSTENTÁVEL DO FEIJÃO-COMUM.,Área Temática Específica
Ciências Exatas e da terra,WEB SCRAPING E VISUALIZAÇÃO DE DADOS METEOROLÓGICOS: UMA APLICAÇÃO PRÁTICA PARA INMET E ANA,Área Temática Específica
Ciências Exatas e da terra,AUTOMAÇÃO DE AR CONDICIONADOS COM CONTROLE REMOTO INTELIGENTE E BLOQUEIO DE INTERFERÊNCIAS EXTERNAS,Área Temática Específica
Ciências Exatas e da terra,VALIDAÇÃO DO PROCESSO DE INFERÊNCIA BAYESIANA DO SOFTWARE KSPLIT UTILIZANDO PYTHON,Área Temática Específica
Ciências Exatas e da terra,DESENVOLVIMENTO DE UM SPINNER DE BAIXO CUSTO PARA DEPOSIÇÃO DE FILMES POLIMÉRICOS,Área Temática Específica
Ciências Exatas e da terra,ESTUDO HISTÓRICO-CONCEITUAL E TEÓRICO-APLICADO DA QED,Área Temática Específica
Ciências Exatas e da terra,AVALIAÇÃO DE PAINÉIS SOLARES COM AUXÍLIO DE CÂMERAS TERMOGRÁFICAS E INTELIGÊNCIA ARTIFICIAL,Área Temática Específica
Ciências Exatas e da terra,PREDISPOSIÇÃO HIERÁRQUICA PARA AS INFECÇÕES POR DENGUE: O CASO DO ESTADO DA BAHIA SOB EXAME ESTATÍSTICO,Área Temática Específica
Ciências Exatas e da terra,AVALIAÇÃO DA QUALIDADE DA ÁGUA UTILIZADA EM ÁREAS DE CULTIVO DE HORTALIÇAS NO MUNICÍPIO DE ALMENARA-MG,Área Temática Específica
Ciências Exatas e da terra,PROPOSTA DE OTIMIZAÇÃO DO USO DE DISPOSITIVOS AUTOMATIZADOS PARA EFICIÊNCIA ENERGÉTICA NO PRÉDIO DE ENSINO II DO IFNMG CAMPUS MONTES CLAROS,Área Temática Específica
Ciências Exatas e da terra,AVALIAÇÃO COMPARATIVA DE AMOSTRAGEM ESTRATIFICADA PONDERADA VERSUS PROPORCIONAL EM REDUÇÃO DE DADOS DE MULTICLASSE EM AMBIENTES DE INTERNET DAS COISAS,Área Temática Específica
Ciências Exatas e da terra,FAZENDA DE IMPRESSÃO 3D - UM NOVO MÉTODO DE MANUFATURA E INDÚSTRIA 4.0,Área Temática Específica
Ciências Exatas e da terra,UTILIZAÇÃO DE GEOTECNOLOGIAS PARA O MAPEAMENTO DE ÁREAS SUSCETÍVEIS AOS ALAGAMENTOS E INUNDAÇÕES NO MUNICÍPIO DE PIRAPORA,Área Temática Específica
Ciências Exatas e da terra,DETERMINAÇÃO DO TEOR DE CAFEÍNA EM AMOSTRAS DE CAFÉ COM DIFERENTES TIPOS DE TORRAS COMERCIALIZADAS NO MUNICÍPIO DE MONTES CLAROS – MG,Área Temática Específica
Ciências Exatas e da terra,SÍNTESE DE NANOESTRUTURAS DE ÓXIDO DE TITÂNIO E ANTIMÔNIO VIA COMBUSTÃO EM SOLUÇÃO,Área Temática Específica
Ciências Exatas e da terra,PLATAFORMA ROBÓTICA DE NAVEGAÇÃO AUTÔNOMA E BAIXO CUSTO PARA INICIAÇÃO CIENTÍFICA,Área Temática Específica
Ciências Exatas e da terra,CARACTERIZAÇÃO MORFOMÉTRICA DA BACIA DO RIO PERUAÇU - MG,Área Temática Específica
Ciências Exatas e da terra,O USO DO GEOGEBRA NO ENSINO DE TRANSFORMAÇÕES LINEARES,Área Temática Específica
Ciências Exatas e da terra,DA TEORIA À PRÁXIS: USO DE MATERIAIS ALTERNATIVOS PARA O ENSINO DE FÍSICA NA EDUCAÇÃO PROFISSIONAL E TECNOLÓGICA,Área Temática Específica
Ciências Exatas e da terra,COMPARAÇÃO DE ABORDAGENS DETERMINÍSTICAS E META-HEURÍSTICAS NO PLANEJAMENTO FLORESTAL: ALGORITMO BRANCH AND BOUND,Área Temática Específica
Ciências Exatas e da terra,BUSCA TABU COM UMA NOVA VIZINHANÇA PARA O PROBLEMA JUST-IN-TIME JOB SHOP SCHEDULING,Área Temática Específica
Ciências Exatas e da terra,DESAFIOS COM PALITOS: UMA INTERVENÇÃO PARA O ENSINO DE GEOMETRIA NOS ANOS INICIAIS,Área Temática Específica
Ciências Exatas e da terra,GESTSPORT: UMA SOLUÇÃO DIGITAL PARA GESTÃO DE ATIVIDADES ESPORTIVAS MUNICIPAIS,Área Temática Específica
Ciências Exatas e da terra,GESTORIZE - UMA SOLUÇÃO PARA EMPRESAS EM ALMENARA,Área Temática Específica
Ciências Exatas e da terra,MODELAGEM DE UX/UI PARA UM APLICATIVO DE CREDENCIAMENTO ACADÊMICO: UMA EXPERIÊNCIA CENTRADA NO USUÁRIO,Área Temática Específica
Ciências Exatas e da terra,REDESENHANDO EXPERIÊNCIAS NO SISTEMA PHARUS: UMA ABORDAGEM DE UX/UI PARA GESTÃO DE EVENTOS ACADÊMICOS,Área Temática Específica
Ciências Exatas e da terra,REESTRUTURAÇÃO DO BACKEND DO SISTEMA PHARUS: BOAS PRÁTICAS DE ENGENHARIA DE SOFTWARE APLICADAS AO CONTEXTO ACADÊMICO,Área Temática Específica
Ciências Exatas e da terra,JOGO DOS NÚMEROS INTEIROS: UMA ESTRATÉGIA LÚDICA NO ENSINO DE MATEMÁTICA,Área Temática Específica
Ciências Exatas e da terra,EXPLORANDO IGUALDADE COM O SIMULADOR PHET: UMA PROPOSTA PARA O ENSINO DE MATEMÁTICA,Área Temática Específica
Ciências Exatas e da terra,EXPLORANDO A CIRCUNFERÊNCIA E O CÍRCULO COM ALUNOS DO PARTIU IF,Área Temática Específica
Ciências Exatas e da terra,SISTEMA AUTOMATIZADO PARA CARACTERIZAÇÃO ELÉTRICA DE DIODOS DE POLIANILINA UTILIZANDO PLATAFORMA ARDUÍNO,Área Temática Específica
Ciências Exatas e da terra,SEQUÊNCIA DIDÁTICA INVESTIGATIVA SOBRE DIFERENÇA DE QUADRADOS: UM RELATO DE PRÁTICA NO ENSINO FUNDAMENTAL,Área Temática Específica
Ciências Exatas e da terra,FUNÇÃO QUADRÁTICA: UMA ABORDAGEM COM ESTUDANTES DO 1º ANO DO ENSINO MÉDIO USANDO O GEOGEBRA,Área Temática Específica
Ciências Exatas e da terra,FUNDAMENTOS E TENDÊNCIAS TECNOLÓGICAS PARA ANÁLISE DE SENTIMENTOS COM LLMS,Área Temática Específica
Ciências Exatas e da terra,DESENVOLVIMENTO E ESTUDO DE APLICAÇÃO DE UM APLICATIVO DE COMUNICAÇÃO AUMENTATIVA E ALTERNATIVA,Área Temática Específica
Ciências Exatas e da terra,USO DE MODELOS DE APRENDIZAGEM DE MÁQUINA PARA ANÁLISE E PREDIÇÃO DE VOLUME DA ÁRVORE TECTONA GRANDIS,Área Temática Específica
Ciências Exatas e da terra,DIVERSIDADE DE GÊNERO E SEXUALIDADE: PERSPECTIVAS TEÓRICAS E SOCIAIS EM JOGOS DIGITAIS.,Área Temática Específica
Ciências Exatas e da terra,A CRIAÇÃO DE UM JOGO DIGITAL COMO ESTRATÉGIA MOTIVACIONAL NOS CURSOS DE COMPUTAÇÃO,Área Temática Específica
Ciências Exatas e da terra,MODELAGEM MOLECULAR E ESTUDO TOXICOLÓGICO IN SILICO AMBIENTAL E HUMANO PARA O ANTIBIÓTICO CEFOVECINA,Área Temática Específica
Ciências Exatas e da terra,DO LABORATÓRIO À COMPETIÇÃO: ROBÓTICA COMO CAMINHO PARA A INOVAÇÃO EDUCACIONAL,Área Temática Específica
Ciências Exatas e da terra,A EDUCAÇÃO FÍSICA NO DESENVOLVIMENTO DO PENSAMENTO GEOMÉTRICO,Área Temática Específica
Ciências Exatas e da terra,APRENDIZAGEM DE FUNÇÕES POLINOMIAIS DE 1º E DE 2º GRAUS COM O SOFTWARE MODELLUS 4.0: CONVERSÃO ENTRE DIFERENTES REGISTROS DE REPRESENTAÇÃO SEMIÓTICA,Área Temática Específica
Ciências Exatas e da terra,PHARUS CREDENCIAMENTO – UMA APLICATIVO PARA CREDENCIAMENTO DE DE PARTICIPANTES EM EVENTOS GERENCIADOS PELO SISTEMA PHARUS,Área Temática Específica
Ciências Exatas e da terra,"LUANDA – LABORATÓRIO ACADÊMICO E TECNOLÓGICO: INTEGRAÇÃO ENTRE ENSINO, PESQUISA E EXTENSÃO POR MEIO DA INOVAÇÃO",Área Temática Específica
Ciências Exatas e da terra,A CONSTRUÇÃO DO CONCEITO DE PROBABILIDADE A PARTIR DE UM JOGO,Área Temática Específica
Ciências Exatas e da terra,PROPOSTAS DE ATIVIDADES EXPERIMENTAIS DE ÓPTICA PARA ENSINO DE FÍSICA PARA DEFICIENTES VISUAIS,Área Temática Específica
Ciências Exatas e da terra,CRESCIMENTO E CARACTERIZAÇÃO DE CRISTAIS DA FAMÍLIA DO SAL DE TUTTON DOPADOS COM B E AG,Área Temática Específica
Ciências Exatas e da terra,DESENVOLVIMENTO E IMPLEMENTAÇÃO DE UM WEBSITE PARA O LABORATÓRIO DISPLAY DO IFNMG CAMPUS JANUÁRIA: UMA PLATAFORMA DE DIVULGAÇÃO CIENTÍFICA E INTERAÇÃO COM A COMUNIDADE ACADÊMICA,Área Temática Específica
Ciências Exatas e da terra,META-ANÁLISE QUALITATIVA ACERCA DA APLICAÇÃO DA ESTATÍSTICA EM PROGRAMAS DE PÓS-GRADUAÇÃO STRICTO SENSU DA UNIMONTES NO DECÊNIO 2010 A 2020: DA ESCOLHA DA TÉCNICA À COMPREENSÃO DOS RESULTADOS.,Área Temática Específica
Ciências Exatas e da terra,RESOLUÇÃO E PROPOSIÇÃO DE PROBLEMAS NA FORMAÇÃO DE PROFESSORES: UMA EXPERIÊNCIA DIDÁTICA,Área Temática Específica
Ciências Exatas e da terra,JOGO “UNO DA FÍSICA” : UMA PROPOSTA PARA O APRENDIZAGEM DE DINÂMICA E LEIS DE NEWTON,Área Temática Específica
Ciências Exatas e da terra,"JOGO ""UNO DA FÍSICA"": UMA PROPOSTA PARA APRENDIZAGEM DE DINÂMICA E LEIS DE NEWTON",Área Temática Específica
Ciências Exatas e da terra,IDENTIDADE DOCENTE EM CONSTRUÇÃO: FORMAÇÃO INICIAL E PERCURSO PROFISSIONAL DE PROFESSORES DE MATEMÁTICA EM JAPONVAR,Área Temática Específica
Ciências Exatas e da terra,A MATEMÁTICA QUE ENCANTA: A AFETIVIDADE COMO CAMINHO PARA A APRENDIZAGEM NOS ANOS INICIAIS,Área Temática Específica
Ciências Exatas e da terra,DESENVOLVIMENTO DE INSTRUMENTOS DE MEDIDAS PARA LABORATÓRIOS,Área Temática Específica
Ciências Exatas e da terra,DETECÇÃO AUTOMATIZADA DE FAKE NEWS EM REDES SOCIAIS UTILIZANDO ALGORITMOS DE APRENDIZADO DE MÁQUINA E PROCESSAMENTO DE LINGUAGEM NATURAL.,Área Temática Específica
Ciências Exatas e da terra,SÍNTESE DE ESTRUTURAS MESOPOROSAS DE VO2/PD PARA USO EM MEMBRANAS DE ELETROLISADOR DE HIDROGÊNIO VERDE,Área Temática Específica
Ciências Exatas e da terra,PERFIS CULTURAIS DE ESTUDANTES COMO SUBSÍDIO À TOMADA DE DECISÃO NO ÂMBITO ESCOLAR: UMA ABORDAGEM COM CRISP-EDM,Área Temática Específica
Ciências Exatas e da terra,FERRAMENTA GAMIFICADA DE GESTÃO DE LABORATÓRIOS DE PESQUISA,Área Temática Específica
Ciências Exatas e da terra,ANÁLISE DE DADOS PARA PREVISÃO DE DOENÇAS CARDIOVASCULARES UTILIZANDO MACHINE LEARNING,Área Temática Específica
Ciências Exatas e da terra,APICULTURA 4.0: DETECÇÃO DE PADRÕES E ANOMALIAS EM DADOS DE MONITORAMENTO REMOTO DA TEMPERATURA INTERNA DE COLMEIAS,Área Temática Específica
Ciências Exatas e da terra,A UTILIZAÇÃO DO LIVRO DIDÁTICO POR PROFESSORES DE MATEMÁTICA NO ENSINO MÉDIO: UMA ANÁLISE NAS ESCOLAS ESTADUAIS DE JANUÁRIA (MG),Área Temática Específica
Ciências Exatas e da terra,ANÁLISE DA COBERTURA VEGETAL DA APA DO LAGEDÃO ENTRE OS ANOS 2015 E 2025 POR MEIO DE IMAGENS NDVI,Área Temática Específica
Ciências Exatas e da terra,AVALIAÇÃO DA COBERTURA VEGETAL NA APA DA SERRA DO SABONETAL ENTRE OS ANOS 2015 E 2025 POR MEIO DE IMAGENS NDVI,Área Temática Específica
Ciências Exatas e da terra,UTILIZAÇÃO DO FILME OPPENHEIMER COMO RECURSO DIDÁTICO EM AULAS DE FÍSICA MODERNA E CONTEMPORÂNEA,Área Temática Específica
Ciências Exatas e da terra,COMPARAÇÃO DA REPRESENTATIVIDADE DE AMOSTRAS COMPOSTAS (ALBITA E XISTO) POR QUARTEAMENTO MANUAL DE PILHAS CÔNICAS E QUARTEADOR RIFLE.,Área Temática Específica
Ciências Exatas e da terra,APLICAÇÃO DA METODOLOGIA QUALIDADE POR DESIGN ANALÍTICO (AQBD) NA OTIMIZAÇÃO DE MÉTODO DE ANÁLISE DO HERBICIDA FLORPIRAUXIFEN-BENZIL EM AMOSTRAS DE ARROZ USANDO CROMATOGRAFIA LÍQUIDA DE ALTA EFICIÊNCIA (HPLC-DAD),Área Temática Específica
Ciências Exatas e da terra,DESAFIOS NA APRENDIZAGEM DE PENSAMENTO COMPUTACIONAL COM SCRATCH: RELATO DE EXPERIÊNCIA NO ENSINO FUNDAMENTAL,Área Temática Específica
Ciências Exatas e da terra,REDESIGN DO WEBSITE DO LABORATÓRIO DISPLAY: APLICAÇÃO DE UX DESIGN PARA MELHORAR A EXPERIÊNCIA DO USUÁRIO,Área Temática Específica
Ciências Exatas e da terra,ESTRATÉGIAS PARA DIVULGAÇÃO CIENTÍFICA NO NORTE DE MINAS GERAIS: ANÁLISE DE PÁGINAS DE INSTITUIÇÕES DE ENSINO E PESQUISA,Área Temática Específica
Ciências Exatas e da terra,O USO DO ARDUINO COMO FERRAMENTA PARA O ENSINO DE PROGRAMAÇÃO EM ROBÓTICA,Área Temática Específica
Ciências Exatas e da terra,ESTRATÉGIAS UTILIZADAS PARA CRIAR MODELOS EM 3D COM BAIXO CUSTO,Área Temática Específica
Ciências Exatas e da terra,PREDIÇÃO DO TIPO DE VÍRUS DA MALÁRIA COM ÁRVORES DE DECISÃO A PARTIR DE DADOS SOCIOECONÔMICOS DESBALANCEADOS DE UGANDA.,Área Temática Específica
Ciências Exatas e da terra,ESTUDO COMPARATIVO ENTRE PENEIRAMENTO DE BANCADA E PENEIRAMENTO SUSPENSO NA EFICIÊNCIA DA CLASSIFICAÇÃO GRANULOMÉTRICA DE MINÉRIO LITINÍFERO,Área Temática Específica
Ciências Exatas e da terra,MODELAGEM MATEMÁTICA: EXPLORANDO A CONSTRUÇÃO DE UM AEROMODELO,Área Temática Específica
Ciências Exatas e da terra,FERRAMENTAS DE APOIO ÀS ASSOCIAÇÕES DE PESCADORES,Área Temática Específica
Ciências Exatas e da terra,PROPOSTA DE FERRAMENTA PARA O ENSINO / APRENDIZADO DA LÍNGUA INDÍGENA,Área Temática Específica
Ciências Exatas e da terra,AVALIAÇÃO DA ACEITABILIDADE DE MODELOS DE MACHINE LEARNING INTERPRETÁVEIS POR PROFISSIONAIS DA SAÚDE EM PROCESSOS DE TOMADA DE DECISÃO CLÍNICA,Área Temática Específica
Ciências Exatas e da terra,EXPERIÊNCIA DE DESENVOLVIMENTO DE MODELAGEM 3D PARA INSERÇÃO EM JOGO,Área Temática Específica
Ciências Exatas e da terra,IMPLEMENTAÇÃO E ANÁLISE DA BIBLIOTECA MURPHYJS PARA ANIMAÇÕES DE ROLAGEM EM PROJETOS WEB,Área Temática Específica
Ciências Exatas e da terra,ARQUITETURAS DISTRIBUÍDAS PARA A INTERNET DAS COISAS ROBÓTICAS (IORT): UMA REVISÃO SISTEMÁTICA E ANÁLISE COMPARATIVA,Área Temática Específica
Ciências Exatas e da terra,EXPERIÊNCIA NO DESENVOLVIMENTO DE JOGOS COOPERATIVOS E TEMÁTICAS SOCIAIS: O PROCESSO DE DESENVOLVIMENTO DE UM JOGO 3D EDUCATIVO,Área Temática Específica
Ciências Exatas e da terra,DESENVOLVIMENTO E IMPLEMENTAÇÃO DE UM WEBSITE PARA O LABORATÓRIO DISPLAY: UMA PLATAFORMA ESTRATÉGICA PARA DIVULGAÇÃO CIENTÍFICA E INTERAÇÃO ACADÊMICA,Área Temática Específica
Ciências Exatas e da terra,ESTUDO SOBRE A IMPLEMENTAÇÃO DE MÓDULOS DE INTERNET DAS COISAS PARA PROVER PROJETOS DE INTERNET DAS COISAS ROBÓTICAS,Área Temática Específica
Ciências Exatas e da terra,EXPERIMENTONDO A FÍSICA: O USO DE ARDUÍNO NO ENSINO DE MECÂNICA PARA O ENSINO MÉDIO,Área Temática Específica
Ciências Exatas e da terra,PROPOSTA E AVALIAÇÃO DE ARQUITETURA PARA INTERNET DAS COISAS ROBÓTICAS APLICADA À AUTOMAÇÃO DE PROCESSOS PRODUTIVOS COM MQTT,Área Temática Específica
Ciências Exatas e da terra,SISTEMAS DE IRRIGAÇÃO AUTOMATIZADOS DE BAIXO CUSTO: UMA REVISÃO DA LITERATURA PARA O SEMIÁRIDO,Área Temática Específica
Ciências Exatas e da terra,REVISÃO BIBLIOGRÁFICA SOBRE O GERENCIAMENTO DE DADOS NA INTERNET DAS COISAS ROBÓTICAS: UMA ABORDAGEM HÍBRIDA COM SQL E NOSQL,Área Temática Específica
Ciências Exatas e da terra,IMPACTOS DA IMPLEMENTAÇÃO DO ENSINO DA QUÍMICA VERDE NO ENSINO MÉDIO,Área Temática Específica
Ciências Agrárias,DESEMPENHO DE CLONES DE PALMA FORRAGEIRA NAS CONDIÇÕES EDAFOCLIMÁTICAS DE JANUÁRIA-MG,Área Temática Específica
Ciências Agrárias,EFICIÊNCIA DE MÉTODOS PRÉ-GERMINATIVOS NA REMOÇÃO DA MUCILAGEM E DO ARILO SOBRE A EMERGÊNCIA DE PLÂNTULAS DE MARACUJÁ AZEDO,Área Temática Específica
Ciências Agrárias,INVASÃO ARBÓREA NO CERRADO: APLICAÇÃO DO ÍNDICE DE ÁREA FOLIAR (LAI) COMO INDICADOR ESTRUTURAL POR SENSORIAMENTO REMOTO,Área Temática Específica
Ciências Agrárias,ANÁLISE MELISSOPALINOLÓGICA DE UM APIÁRIO NO MUNICÍPIO DE ARINOS - MG,Área Temática Específica
Ciências Agrárias,QUALIDADE MICROBIOLÓGICA DO LEITE CRU PRODUZIDO EM UM LATICÍNIO NO MUNICÍPIO DE JANUÁRIA-MG,Área Temática Específica
Ciências Agrárias,QUALIDADE MICROBIOLÓGICA DE QUEIJO MINAS FRESCAL PRODUZIDO EM UM MUNICÍPIO DA REGIÃO NORTE DO ESTADO DE MINAS GERAIS,Área Temática Específica
Ciências Agrárias,AVALIAÇÃO DO DESENVOLVIMENTO MORFOLÓGICO DO CAPIM-BUFFEL NO PERÍODO OUTONO-INVERNO,Área Temática Específica
Ciências Agrárias,AVALIAÇÃO DAS CARACTERÍSTICAS PRODUTIVAS E ESTRUTURAIS DA PALMA FORRAGEIRA CV. IPA SERTÂNIA EM DIFERENTES FORMAS DE PROPAGAÇÃO,Área Temática Específica
Ciências Agrárias,LEVANTAMENTO FITOSSOCIOLÓGICO DE PLANTAS DANINHAS EM PASTAGENS,Área Temática Específica
Ciências Agrárias,ANÁLISE MULTIVARIADA DE COMPONENTES DE RENDIMENTO DO AMENDOIM CV. IAC OL3 SOB DIFERENTES ARRANJOS DE PLANTIO,Área Temática Específica
Ciências Agrárias,PRODUTIVIDADE DAS CULTIVARES DO GÊNERO BRACHIARIA IRRIGADOS NO PERÍODO SECO,Área Temática Específica
Ciências Agrárias,EFEITO DE DOSES DE FÓSFORO E ZINCO NOS CARACTERES AGRONÔMICOS E NODULAÇÃO DE BACTÉRIAS DIAZOTRÓFICAS EM AMENDOIM IAC ST TATU.,Área Temática Específica
Ciências Agrárias,SUBSTRATOS ORGÂNICOS ASSOCIADOS AO ÁCIDO INDOLBUTÍRICO NA PRODUÇÃO DE MUDAS POR ESTAQUIA DE PITAIA DE POLPA VERMELHA EM AMBIENTE PROTEGIDO,Área Temática Específica
Ciências Agrárias,"DESEMPENHO AGRONÔMICO E FITOTÉCNICO DAS CULTIVARES DE MANDIOCA BRS 417, 418, 419 E 420 NO VALE DO JEQUITINHONHA",Área Temática Específica
Ciências Agrárias,DINÂMICA DE CARBONO ORGÂNICO EM LATOSSOLOS E CAMBISSOLOS DO BAIXO JEQUITINHONHA,Área Temática Específica
Ciências Agrárias,"SUSCEPTIBILIDADE DE CINCO GENÓTIPOS DE BANANA À INFESTAÇÃO POR BROCA-DO-RIZOMA NAS CONDIÇÕES DO MUNICÍPIO DE ALMENARA, MINAS GERAIS",Área Temática Específica
Ciências Agrárias,EXSICATAS COMO FERRAMENTA PEDAGÓGICA: AGROECOLOGIA E MELIPONICULTURA NA EFA RENASCER NO VALE DO JEQUITINHONHA,Área Temática Específica
Ciências Agrárias,EFICIÊNCIA DE ARMADILHAS ATRATIVAS NO MONITORAMENTO DA BROCA-DO-RIZOMA EM BANANAL,Área Temática Específica
Ciências Agrárias,EFEITO DE DIFERENTES COMBINAÇÕES DE SUBSTRATOS E RECIPIENTES NO DESENVOLVIMENTO DE MUDAS DE MARACUJAZEIRO AMARELO,Área Temática Específica
Ciências Agrárias,QUALIDADE FÍSICA DE SEMENTES SALVAS (S2) DE FEIJÕES-CAUPI CULTIVADAS NA REGIÃO DO BAIXO JEQUITINHONHA,Área Temática Específica
Ciências Agrárias,IMPACTO DA ASSISTÊNCIA TÉCNICA E GESTÃO RURAL NA BOVINOCULTURA DE LEITE: ESTUDO DE CASO NO BAIXO JEQUITINHONHA,Área Temática Específica
Ciências Agrárias,PRODUÇÃO DE MATÉRIA SECA NO SISTEMA DE INTEGRAÇÃO LAVOURA-PECUÁRIA COM SORGO BRS 658 E CAPIM-PAIAGUÁS,Área Temática Específica
Ciências Agrárias,INFLUÊNCIA DA INTENSIDADE LUMINOSA NO CRESCIMENTO MORFOLÓGICO DE FEIJÃO-CAUPI (VIGNA UNGUICULATA),Área Temática Específica
Ciências Agrárias,TÉCNICAS DE PROPAGAÇÃO MUDAS FRUTÍFERAS: UMA EXPERIÊNCIA EXTENSIONISTA NO VALE DO JEQUITINHONHA–MG,Área Temática Específica
Ciências Agrárias,AVALIAÇÃO DAS PROPRIEDADES FÍSICO-QUÍMICAS DO MEL COMERCIALIZADO NOS MUNICÍPIOS DE ALMENARA E JEQUITINHONHA–MG,Área Temática Específica
Ciências Agrárias,CONDUTIVIDADE HIDRÁULICA E POROSIDADE DRENÁVEL DO SOLO DE UMA ÁREA DO CAMPUS - JANUÁRIA IFNMG .,Área Temática Específica
Ciências Agrárias,"ANÁLISE DA CONTAMINAÇÃO BACTERIANA DO SÊMEN, PREPÚCIO E PÊNIS DE REPRODUTORES SUÍNOS",Área Temática Específica
Ciências Agrárias,ANÁLISE HIDROLÓGICA DO RIO COXÁ UTILIZANDO O SISTEMA SISCAH: CONTRIBUIÇÕES PARA A GESTÃO DOS RECURSOS HÍDRICOS NA BACIA DO SÃO FRANCISCO,Área Temática Específica
Ciências Agrárias,SUPLEMENTAÇÃO A PASTO NA RECRIA E SEU IMPACTO NA TERMINAÇÃO EM CONFINAMENTO,Área Temática Específica
Ciências Agrárias,ADUBO VERDE COMO ESTRATÉGIA PARA MELHORIA DA QUIMICA DO SOLO NAS CONDIÇÕES EDAFOCLIMATICAS DE JANUÁRIA.,Área Temática Específica
Ciências Agrárias,DESEMPENHO DE NOVILHOS NELORE SUBMETIDOS A DIFERENTES NÍVEIS DE SUPLEMENTAÇÃO PROTEICO-ENERGÉTICA NA FASE DE RECRIA A PASTO.,Área Temática Específica
Ciências Agrárias,DIFERENTES CONCENTRAÇÕES DE BIOFILME A BASE DE QUITOSANA: INFLUÊNCIA NA PERDA DE MASSA DO UMBU,Área Temática Específica
Ciências Agrárias,"ALTURA DE PLANTA, TAMANHO DO CAPÍTULO E RENDIMENTO DE GRÃOS DE HÍBRIDOS DE GIRASSOL NA REGIÃO DO SEMIÁRIO MINEIRO",Área Temática Específica
Ciências Agrárias,EFEITO DA ADUBAÇÃO QUÍMICA SOBRE AS CARACTERÍSTICAS ESTRUTURAIS DE CULTIVARES DE PALMA FORRAGEIRA,Área Temática Específica
Ciências Agrárias,PERFILHAMENTO DE CULTIVARES DO GÊNERO BRACHIARIA IRRIGADAS NO PERÍODO SECO,Área Temática Específica
Ciências Agrárias,ENTREVISTA E DIÁLOGO COM AGRICULTORES FAMILIARES DA CIDADE DE JOAÍMA MINAS GERAIS.,Área Temática Específica
Ciências Agrárias,ESTUDO PRELIMINAR SOBRE A ATUAÇÃO DA APITOXINA EM STAPHYLOCOCCUS AUREUS DE LEITE MASTÍTICO,Área Temática Específica
Ciências Agrárias,PÓ DE ROCHA NO DESEMPENHO PRODUTIVO DE PLANTAS FORRAGEIRAS,Área Temática Específica
Ciências Agrárias,"PERFIL QUÍMICO DE CACHAÇAS PRODUZIDAS COM LEVEDURAS SELECIONADAS: DETERMINAÇÃO DE CARBAMATO DE ETILA, COBRE, ÁLCOOL REAL E ACIDEZ VOLÁTIL",Área Temática Específica
Ciências Agrárias,DIFERENTES MÉTODOS DE CULTIVO DE IPÊ-ROSA (HANDROANTHUS HEPTAPHYLLUS) PARA ARBORIZAÇÃO E REFLORESTAMENTO,Área Temática Específica
Ciências Agrárias,INFLUÊNCIA DE DIFERENTES RECIPIENTES NA QUALIDADE DE MUDAS E NO DESENVOLVIMENTO EM CAMPO DE KHAYA SENEGALENSIS,Área Temática Específica
Ciências Agrárias,COMPORTAMENTO INGESTIVO DE NOVILHOS EM CONFINAMENTO SOB DIETAS COM E SEM VOLUMOSO,Área Temática Específica
Ciências Agrárias,PREDIÇÃO DE GENE LÍDER NA INFECÇÃO POR INFLUENZA VÍRUS SUÍNO: ANÁLISE BIOINFORMÁTICA,Área Temática Específica
Ciências Agrárias,DIVULGAÇÃO CIENTÍFICA E ENGAJAMENTO SOCIAL NA ENGENHARIA FLORESTAL POR MEIO DA EXTENSÃO UNIVERSITÁRIA,Área Temática Específica
Ciências Agrárias,ZONEAMENTO AGROCLIMÁTICO DA CULTURA DO ABACAXI PARA A REGIÃO DO MÉDIO JEQUITINHONHA,Área Temática Específica
Ciências Agrárias,EXTRAÇÃO DO ÓLEO ESSENCIAL DA CASCA DA LARANJA (CITRUS SINENSIS),Área Temática Específica
Ciências Agrárias,DISTRIBUIÇÃO ESPAÇO-TEMPORAL DE APHIS GOSSYPII E COCCINELLIDAE EM ALGODÃO NO VALE DO JEQUITINHONHA,Área Temática Específica
Ciências Agrárias,EFEITO DO FUNGO ENTOMOPATOGÊNICO BEAUVERIA BASSIANA EM PUPAS DE SPODOPTERA FRUGIPERDA,Área Temática Específica
Ciências Agrárias,ÍNDICE DE PERIGO DE INCÊNDIO FLORESTAL: APLICAÇÃO EM UMA ÁREA EXPERIMENTAL DO IFNMG – CAMPUS SALINAS,Área Temática Específica
Ciências Agrárias,CARACTERIZAÇÃO BIOMÉTRICA E FISIOLÓGICA DE SEMENTES DE GENÓTIPOS DE FEIJÃO-COMUM (PHASEOLUS VULGARIS L.) CULTIVADOS NO VALE DO JEQUITINHONHA – MG,Área Temática Específica
Ciências Agrárias,QUALIDADE FISIOLÓGICA DE SEMENTES SALVAS (S2) DE FEIJÕES CAUPI CULTIVADAS NA REGIÃO DO BAIXO JEQUITINHONHA,Área Temática Específica
Ciências Agrárias,AS CARACTERÍSTICAS DO AMBIENTE E SUA RELAÇÃO COM A OCORRÊNCIA DE FOCOS DE INCÊNCIO NO CERRADO EM MINAS GERAIS,Área Temática Específica
Ciências Agrárias,ESTIMATIVA DA PERDA DE SOLOS NA BACIA HIDROGRÁFICA DO RIO URUCUIA,Área Temática Específica
Ciências Agrárias,PRODUTIVIDADE DO MILHO EM RESPOSTA A APLICAÇÃO DE NITROGÊNIO E À INOCULAÇÃO COM AZOSPIRILLUM BRASILENSE E BACILLUS SUBTILIS,Área Temática Específica
Ciências Agrárias,QUANTIFICAÇÃO DO TEOR DE HIDROXIMETILFURFURAL PELO MÉTODO ESPECTROFOTOMÉTRICO DE WHITE,Área Temática Específica
Ciências Agrárias,COMPARAÇÃO DE DESEMPENHO DA ESPECTROSCOPIA NAS FAIXAS VIS-NIR E MIR PARA PREDIÇÃO DE ATRIBUTOS DO SOLO EM ÁREAS NATIVAS E DE MANEJO,Área Temática Específica
Ciências Agrárias,EFEITO DO HIDROXIMETILFURFURAL EM BACTÉRIAS TOTAIS DE LEITE MASTÍTICO: UM ESTUDO PRELIMINAR,Área Temática Específica
Ciências Agrárias,DELIMITAÇÃO DE ZONAS DE MANEJO NA CULTURA DA BANANA USANDO ATRIBUTOS FÍSICO-QUÍMICOS E TOPOGRÁFICOS DO SOLO,Área Temática Específica
Ciências Agrárias,PATOGENICIDADE CRUZADA DE FUSARIUM OXYSPORUM DE GRÃO-DE-BICO COM DIFERENTES MÉTODOS DE INOCULAÇÃO E A REAÇÃO DE GENÓTIPOS DE FEIJÃO-COMUM,Área Temática Específica
Ciências Agrárias,"DESEMPENHO AGRONÔMICO DA CENOURA (DAUCUS CAROTA L.), EM SOLO NATURALMENTE INFESTADO POR FITONEMATOIDES.",Área Temática Específica
Ciências Agrárias,"COMPARAÇÃO DA PRODUTIVIDADE DA CENOURA (DAUCUS CAROTA L.), E BETERRABA (BETA VULGARIS L.), EM SOLOS COM INFESTAÇÃO NATURAL DE NEMATÓIDES",Área Temática Específica
Ciências Agrárias,RENDIMENTO DE APITOXINA PELO MÉTODO DE COLETA ELÉTRICA EM APIÁRIOS DO VALE DO JEQUITINHONHA,Área Temática Específica
Ciências Agrárias,ESTIMATIVA DA EVAPOTRANSPIRAÇÃO POR MEIO DE SENSORIAMENTO REMOTO: UMA ABORDAGEM PARA O MANEJO DA ÁGUA NO NOROESTE DE MINAS GERAIS,Área Temática Específica
Ciências Agrárias,DINÂMICA DA COBERTURA VEGETAL NA APA MATA DO KRAMBECK ENTRE 2015 E 2025 POR MEIO DA SUBTRAÇÃO DE IMAGENS NDVI,Área Temática Específica
Ciências Agrárias,EFEITO DO TEMPO DE IMERSÃO NA EFICIÊNCIA DE EXTRAÇÃO DA POLPA DE BARU (DIPTERYX ALATA VOG.),Área Temática Específica
Ciências Agrárias,TERMOTOLERÂNCIA EM DIFERENTES VARIEDADES DE FEIJÃO CAUPI: EFEITO NA MASSA FRESCA DA PARTE AÉREA E DA RADICULA,Área Temática Específica
Ciências Agrárias,MONITORAMENTO DE PIGMENTOS FOTOSSINTÉTICOS NA CULTURA DA BANANA USANDO SENSORIAMENTO REMOTO ORBITAL,Área Temática Específica
Ciências Agrárias,CARACTERIZAÇÃO E NÍVEL TECNOLÓGICO DOS APICULTORES DE JANUÁRIA – MINAS GERAIS,Área Temática Específica
Ciências Agrárias,TERMOTOLERÂNCIA EM DIFERENTES VARIEDADES DE FEIJÃO CAUPI: EFEITO NA MASSA SECA DA PARTE AÉREA E DA RADÍCULA,Área Temática Específica
Ciências Agrárias,DENSIDADE DE PLANTIO NO MANEJO DO FEIJÃO MUNGO-VERDE (VIGNA RADIATA) CULTIVADO NO SEMIÁRIDO DE MINAS GERAIS,Área Temática Específica
Ciências Agrárias,VARIABILIDADE ESPACIAL DE ATRIBUTOS FÍSICO-QUÍMICOS DO SOLO EM BANANAL IRRIGADO,Área Temática Específica
Ciências Agrárias,CARCAÇA DE NOVILHOS NELORE SUBMETIDOS A DIFERENTES ESTRATÉGIAS NUTRICIONAIS,Área Temática Específica
Ciências Agrárias,MELIPONICULTURA E MULHERES: FORTALECIMENTO DA CADEIA APÍCOLA DO VALE DO JEQUITINHONHA,Área Temática Específica
Ciências Agrárias,ANÁLISE COMPARATIVA E OPERACIONAL DO PROGRAMA DE AQUISIÇÃO DE ALIMENTOS (PAA) EM JANUÁRIA-MG,Área Temática Específica
Ciências Agrárias,LEITE A2A2: CARACTERIZAÇÃO FÍSICO-QUÍMICA E MICROBIOLÓGICA DO LEITE DE ANIMAIS PRODUTORES EM SALINAS/MG,Área Temática Específica
Ciências Agrárias,MOSCAS DAS FRUTAS E SUAS INTERAÇÕES TRITRÓFICAS NO IFNMG - CAMPUS JANUÁRIA,Área Temática Específica
Ciências Agrárias,ALTURA E DIÂMETRO DA HASTE PRINCIPAL DE VARIEDADES DE AMENDOIM (ARACHIS HYPOGEA L.) CULTIVADAS EM REGIME DE SEQUEIRO NO SEMIÁRIDO MINEIRO,Área Temática Específica
Ciências Agrárias,DESENVOLVIMENTO DE PLÂNTULAS DE ORMOSIA ARBOREA OBTIDAS EM DIFERENTES CONDIÇÕES DE TRANSPLANTE E SUBSTRATO,Área Temática Específica
Ciências Agrárias,CAPACIDADE DE ENRAIZAMENTO DE ESTACAS DE ESPÉCIES NATIVAS DE MATA DE GALERIA PARA USO EM OBRAS DE BIOENGENHARIA,Área Temática Específica
Ciências Agrárias,QUALIDADE DA ÁGUA DE DIFERENTES FONTES DE RECURSOS HÍDRICOS NA CONVIVÊNCIA COM A SECA DO SEMIÁRIDO MINEIRO,Área Temática Específica
Ciências Agrárias,AVALIAÇÃO DE GRÃOS DE CULTIVARES DE FEIJÃO CAUPI PARA O NORTE DE MINAS GERAIS: SAFRA 2024,Área Temática Específica
Ciências Agrárias,PRODUTOS APÍCOLAS DO VALE DO JEQUITINHONHA COM POTENCIAL PARA INDICAÇÃO GEOGRÁFICA,Área Temática Específica
Ciências Agrárias,"DESENVOLVIMENTO DE CULTIVARES PARA O AGRONEGÓCIO DO FEIJÃO-CAUPI, NO SEMIÁRIDO DE MINAS GERAIS: SAFRA 2025",Área Temática Específica
Ciências Agrárias,RELAÇÃO DO TEOR DE UMIDADE DE UM LATOSSOLO ARENOSO EM DIFERENTES CONDIÇÕES DE USO,Área Temática Específica
Ciências Agrárias,DINÂMICA DA COBERTURA VEGETAL NA APA DO RIO PANDEIROS ENTRE 2015 E 2025 POR MEIO DA SUBTRAÇÃO DE IMAGENS NDVI,Área Temática Específica
Ciências Agrárias,DIÂMETRO DE HASTE PRINCIPAL DE CULTIVARES DE AMENDOIM NO SEMIÁRIDO MINEIRO,Área Temática Específica
Ciências Agrárias,CIANAMIDA HIDROGENADA NA BROTAÇÃO E FLORAÇÃO DA MACIEIRA ‘EVA’ NA REGIÃO SEMIÁRIDA DE MINAS GERAIS,Área Temática Específica
Ciências Agrárias,DINÂMICA DA COBERTURA VEGETAL NA TERRA INDÍGENA XAKRIABÁ RANCHARIA ENTRE 2015 E 2025 POR MEIO DA SUBTRAÇÃO DE IMAGENS NDVI,Área Temática Específica
Ciências Agrárias,CALIBRAÇÃO DE SENSOR DE UMIDADE DO SOLO COM MICROCONTROLADOR ARDUINO,Área Temática Específica
Ciências Agrárias,RELAÇÃO DA LEITURA DO CLOROFILÔMETRO NA FOLHA DO CAPIAÇU (PENNISETUMPURPUREUM) E O TEOR DE FÓSFORO DO SOLO,Área Temática Específica
Ciências Agrárias,INFLUÊNCIA DE ESPAÇAMENTO E DENSIDADE DE PLANTIO NA NODULAÇÃO EM VARIEDADES DE AMENDOIM CV. IAC OL3 CULTIVADO NO NORTE DE MINAS GERAIS,Área Temática Específica
Ciências Agrárias,DINÂMICA DA COBERTURA VEGETAL NA APA FERNÃO DIAS ENTRE 2015 E 2025 POR MEIO DA SUBTRAÇÃO DE IMAGENS NDVI,Área Temática Específica
Ciências Agrárias,DINÂMICA DA COBERTURA VEGETAL NA APA ÁGUAS VERTENTES ENTRE 2016 E 2025 POR MEIO DA SUBTRAÇÃO DE IMAGENS NDVI,Área Temática Específica
Ciências Agrárias,DINÂMICA DA COBERTURA VEGETAL NA APA ÁGUAS VERTENTES ENTRE 2016 E 2025 POR MEIO DA SUBTRAÇÃO DE IMAGENS NDVI,Área Temática Específica
Ciências Agrárias,GERMINAÇÃO DE SEMENTES DE MIMOSA TENUIFLORA SUBMETIDAS A DIFERENTES MÉTODOS DE SUPERAÇÃO DE DORMÊNCIA,Área Temática Específica
Ciências Agrárias,UTILIZAÇÃO DA CROMATOGRAFIA CIRCULAR DE PFEIFFER COMO FERRAMENTA ALTERNATIVA SOBRE A QUALIDADE DE SOLOS,Área Temática Específica
Ciências Agrárias,VIABILIDADE DA GERMINAÇÃO DE SEMENTES DE AMBURANA CEARENSIS EM DIFERENTES TEMPOS DE ARMAZENAMENTO,Área Temática Específica
Ciências Agrárias,ALTURA DE PLANTA DE AMENDOIM NO NORTE DE MINAS GERAIS,Área Temática Específica
Ciências Agrárias,GERMINAÇÃO DE CULTIVARES DE FEIJÃO CAUPI (VIGNA UNGUICULATA - FABACEAE) EM DIFERENTES TEMPERATURAS NO SEMIARIDO MINEIRO,Área Temática Específica
Ciências Agrárias,ANÁLISE DO DESEMPENHO DO AERADOR HIDRÁULICO MODELO “SAMUKA” COM TUBO DE VENTURI NA OXIGENAÇÃO DE TANQUES DE PISICULTURA,Área Temática Específica
Ciências Agrárias,GEOPROCESSAMENTO COMO FERRAMENTA DIFERENCIAL NA AVALIAÇÃO DA UNIFORMIDADE DE IRRIGAÇÃO: ESTUDO DE CASO NA OLERICULTURA DO IFNMG JANUÁRIA,Área Temática Específica
Ciências Agrárias,CONSTRUÇÃO DO AERADOR HIDRÁULICO MODELO “SAMUKA” COM TUBO DE VENTURI PARA OXIGENAÇÃO EM TANQUES DE PISCICULTURA,Área Temática Específica
Ciências Agrárias,INFLUÊNCIA DA TERMOTOLERÂNCIA NA GERMINAÇÃO DE CULTIVARES DE FEIJÃO CAUPI NO SEMIARIDO MINEIRO,Área Temática Específica
Ciências Agrárias,FITOTOXICIDADE EM PLANTAS DE AMENDOIM IAC TATU EM RESPOSTA À PRESENÇA DE SILÍCIO E ALUMÍNIO EM SOLO DE CULTIVO,Área Temática Específica
Ciências Agrárias,CICLO DE DESENVOLVIMENTO E FLORAÇÃO DE CULTIVARES DE FEIJÃO CAUPI CULTIVADOS NO SEMIÁRIDO DE MINAS GERAIS: SAFRA 2025,Área Temática Específica
Ciências Agrárias,DETERMINAÇÃO DAS CARACTERÍSTICAS FÍSICAS E MORFOMETRIA DA BACIA HIDROGRÁFICA DA BARRAGEM DA COPASA EM DIAMANTINA/MG: ANÁLISE DO USO E OCUPAÇÃO DO SOLO EM 1985 E 2023 E ELABORAÇÃO DO MAPA HIPSOMÉTRICO,Área Temática Específica
Ciências Biológicas,EXTRATO ALCOÓLICO DE PRÓPOLIS E ÓLEOS ESSENCIAIS COMO AGENTES DE BIOCONTROLE EM COMBATE AO FUNGO CANDIDA ALBICANS,Área Temática Específica
Ciências Biológicas,QUALIDADE MICROBIOLÓGICA DA ÁGUA DE POÇOS ARTESIANOS E CISTERNAS DE CAPTAÇÃO DE ÁGUA DE CHUVA DE UMA COMUNIDADE RURAL DO MUNICÍPIO DE JANUÁRIA-MG,Área Temática Específica
Ciências Biológicas,"AVALIAÇÃO DO NÍVEL DE CONHECIMENTO SOBRE ESQUISTOSSOMOSE EM UMA ESCOLA PÚBLICA DO DISTRITO DE SÃO JOAQUIM, MUNICÍPIO DE JANUÁRIA-MG",Área Temática Específica
Ciências Biológicas,UTILIZAÇÃO DE LABORATÓRIOS PRÁTICOS PARA O PROCESSO DE APRENDIZAGEM DE ESTUDANTES DO CURSO DE LICENCIATURA EM CIÊNCIAS BIOLÓGICAS DO IFNMG CAMPUS JANUÁRIA,Área Temática Específica
Ciências Biológicas,UTILIZAÇÃO DE EXTRATO DE CYMBOPOGON CITRATUS COMO LARVICIDA NO CONTROLE DE AEDES AEGYPTI,Área Temática Específica
Ciências Biológicas,QUALIDADE DO AR AMBIENTAL EM ESTABELECIMENTOS COMERCIAIS DA CIDADE DE JANUÁRIA-MG,Área Temática Específica
Ciências Biológicas,CONTAMINAÇÃO DE MAÇANETAS DE PORTAS EM UMA ESCOLA PÚBLICA DO MUNICÍPIO DE JANUÁRIA-MG,Área Temática Específica
Ciências Biológicas,QUALIDADE DA ÁGUA ARMAZENADA EM CISTERNAS DE PLACAS DE UMA COMUNIDADE RURAL DO MUNICÍPIO DE CONÊGO MARINHO-MG,Área Temática Específica
Ciências Biológicas,ANÁLISE DA CONTAMINAÇÃO MICROBIOLÓGICA EM MAÇANETAS DE PORTAS DO IFNMG CAMPUS JANUÁRIA.,Área Temática Específica
Ciências Biológicas,A EXTRAÇÃO DO DNA DA BANANA COMO INSTRUMENTO DIDÁTICO PARA O ENSINO DE GENÉTICA NO ENSINO MÉDIO,Área Temática Específica
Ciências Biológicas,AVALIAÇÃO FITOQUÍMICA DO EXTRATO HIDROALCOÓLICO DE STRYPHNODENDRON ADSTRINGENS,Área Temática Específica
Ciências Biológicas,TRILHA CELULAR: A GAMIFICAÇÃO COMO FERRAMENTA NO ENSINO DA CITOLOGIA,Área Temática Específica
Ciências Biológicas,A FERMENTAÇÃO E FUNCIONALIDADE: O PAPEL DOS MICRORGANISMOS NA PRODUÇÃO DE ALIMENTOS: PERCEPÇÃO DOS ESTUDANTES DA ESCOLA PROFESSORA ZINA,Área Temática Específica
Ciências Biológicas,ALUMÍNIO EM FRUTOS NATIVOS DO CERRADO: UMA INVESTIGAÇÃO SOBRE ACÚMULO E CONSUMO HUMANO,Área Temática Específica
Ciências Biológicas,ESPECIALIZAÇÃO DA OCORRÊNCIA DE FITONEMATÓIDES EM ÁREAS SEM USO AGRÍCOLA E COM PLANTIO DE FRUTÍFERAS NO IFNMG CAMPUS JANUÁRIA,Área Temática Específica
Ciências Biológicas,PROJETO PEDAGÓGICO SOBRE O REINO PLANTAE COM ESTUDANTES DO 8°ANO,Área Temática Específica
Ciências Biológicas,"CERRADO, CONHECER PARA PRESERVAR, E PRESERVAR PARA SOBREVIVER",Área Temática Específica
Ciências Biológicas,METODOLOGIAS ATIVAS NO ENSINO DE CIÊNCIAS: O USO DO FILME OSMOSE JONES COMO FERRAMENTA FACILITADORA DA APRENDIZAGEM.,Área Temática Específica
Ciências Biológicas,A HORTA ESCOLAR COMO FERRAMENTA DE EDUCAÇÃO AMBIENTAL: ANÁLISE DA PARTICIPAÇÃO E PERCEPÇÃO DOS ALUNOS,Área Temática Específica
Ciências Biológicas,ESTUDO COMPARATIVO DAS COMUNIDADES MICROBIANAS EM SOLOS CULTIVADOS COM A CANA-DE-AÇÚCAR NO MUNICÍPIO DE JANUÁRIA- MG,Área Temática Específica
Ciências Biológicas,A SAÚDE MENTAL DOS ACADÊMICOS DO CURSO DE LICENCIATURA EM CIÊNCIAS BIOLÓGICAS DO INSTITUTO FEDERAL DO NORTE DE MINAS GERAIS CAMPUS JANUÁRIA NO CONTEXTO DA PANDEMIA DA COVID-19,Área Temática Específica
Ciências Biológicas,ATIVIDADE LARVICIDA DO EXTRADO AQUOSO DAS FOLHAS DE CHENOPODIUM AMBROSIOIDES L. SOBRE AS LARVAS DE AEDES AEGYPTI,Área Temática Específica
Ciências Biológicas,INDICES DE INFESTAÇÃO DE MOSCAS DAS FRUTAS E SUAS INTERAÇÕES TRÓFICAS NO IFNMG - CAMPUS JANUÁRIA,Área Temática Específica
Ciências da Saúde,PRODUÇÃO CIENTÍFICA EM CIÊNCIAS DA SAÚDE: AVALIAÇÃO E INDICADORES DOS PESQUISADORES DO CNPQ,Área Temática Específica
Ciências da Saúde,AVALIAÇÃO DA HIGIENIZAÇÃO DAS MÃOS PARA CONTROLE DE INFECÇÃO EM UMA UNIDADE DE SAÚDE NO MUNICÍPIO DE JANUÁRIA-MG,Área Temática Específica
Ciências da Saúde,AVALIAÇÃO DA QUALIDADE DE VIDA DE ESTUDANTES DE GRADUAÇÃO DE UMA INSTITUIÇÃO PÚBLICA DE ENSINO SUPERIOR POR MEIO DO WHOQOL-BREF,Área Temática Específica
Ciências da Saúde,CONTRIBUIÇÕES DA ATIVIDADE FÍSICA PARA A QUALIDADE DE VIDA DE IDOSOS,Área Temática Específica
Ciências da Saúde,ESTUDO RETROSPECTIVO DE CASOS DE LEPTOSPIROSE NO BRASIL E NO ESTADO DE SÃO PAULO DURANTE ANOS DE 2020 A 2024,Área Temática Específica
Ciências da Saúde,GEOESTATÍSTICA E REGIONALIZAÇÃO DO AGRAVAMENTO DAS INFECÇÕES POR DENGUE: O ESTADO DAS MINAS POR MEIO DA TECNOLOGIA GEOGRÁFICA,Área Temática Específica
Ciências da Saúde,"""ENTRE O DIAGNÓSTICO E O CONTROLE: PANORAMA EPIDEMIOLÓGICO DA LEISHMANIOSE TEGUMENTAR AMERICANA EM TEÓFILO OTONI, MG (2020 A 2024)",Área Temática Específica
Ciências da Saúde,PADRÕES DE OCORRÊNCIA DA FEBRE AMARELA NO BRASIL DE 2020 A 2025: ANÁLISE EPIDEMIOLÓGICA,Área Temática Específica
Ciências da Saúde,ANÁLISE EPIDEMIOLÓGICA DE ACIDENTES OFÍDICOS EM MINAS GERAIS: UM ESTUDO RETROSPECTIVO DE 2020 A 2024,Área Temática Específica
Ciências da Saúde,LEISHMANIOSE TEGUMENTAR AMERICANA EM JANUÁRIA (MG): TENDÊNCIAS E DESAFIOS ENTRE 2020 E 2024,Área Temática Específica
Ciências da Saúde,"ADICÇÃO EM INTERNET, EM REDES SOCIAIS OU EM SMARTPHONE? TERCEIRO ANO DE UMA ANÁLISE PROSPECTIVA",Área Temática Específica
Ciências da Saúde,"ENFRENTAMENTO AO TABAGISMO COM EDUCAÇÃO, INTERSETORIALIDADE E INOVAÇÃO NO NORTE DE MINAS GERAIS",Área Temática Específica
Ciências da Saúde,OCORRÊNCIA E PERFIL DOS ACIDENTES OFÍDICOS E ARANEÍDICOS NO ESTADO DE MINAS GERAIS,Área Temática Específica
Ciências da Saúde,DESEMPENHO ESCOLAR DOS ESTUDANTES DO ENSINO MÉDIO: APOIO SOCIAL E FAMILIAR,Área Temática Específica
Ciências da Saúde,DINÂMICA EPIDEMIOLÓGICA DA SÍFILIS ADQUIRIDA EM MINAS GERAIS ENTRE 2020 A JUNHO DE 2024,Área Temática Específica
Ciências da Saúde,ANÁLISE EPIDEMIOLÓGICA DE ACIDENTES OFÍDICOS PELO GÊNERO LACHESIS: UM ESTUDO RETROSPECTIVO DE 2020 A 2024,Área Temática Específica
Engenharias,USO DE LIDAR ORBITAL (GEDI) NA AVALIAÇÃO DE ESTRUTURA DA VEGETAÇÃO NO CERRADO,Área Temática Específica
Engenharias,PARTIDA ESTRELA-TRIÂNGULO COM REVERSÃO AUTOMATIZADA APLICADA A UMA ESTEIRA INDUSTRIAL EM MONTES CLAROS/MG,Área Temática Específica
Engenharias,IMPACTO DA ORIENTAÇÃO E DO SOMBREAMENTO NA PERFORMANCE DE CARPORTS SOLARES: ESTUDO DE CASO NO IFNMG – CAMPUS MONTES CLAROS,Área Temática Específica
Engenharias,BIOETANOL DE TERCEIRA GERAÇÃO: POTENCIAL DA MICROALGA EUGLENA GRACILIS,Área Temática Específica
Engenharias,AVALIAÇÃO E OTIMIZAÇÃO DOS PARÂMETROS OPERACIONAIS DA PRODUÇÃO DE BIO-HIDROGÊNIO A PARTIR DE MICROALGAS,Área Temática Específica
Engenharias,DETERMINAÇÃO DA ENTALPIA DE VAPORIZAÇÃO DA ÁGUA E DA PRESSÃO ATMOSFÉRICA PELA EQUAÇÃO DE CLAUSIUS-CLAPEYRON,Área Temática Específica
Engenharias,ANÁLISE DOS PARÂMETROS FÍSICO-QUÍMICOS EM ESTAÇÕES DE TRATAMENTO DE EFLUENTES,Área Temática Específica
Engenharias,MODELAGEM TERMODINÂMICA E SIMULAÇÃO COMPUTACIONAL DO EQUILÍBRIO LÍQUIDO‑VAPOR DE METANOL/ACETATO DE METILA,Área Temática Específica
Engenharias,AVANÇOS NA PRODUÇÃO DE ETANOL DE SEGUNDA GERAÇÃO: UMA ANÁLISE DA EVOLUÇÃO TECNOLÓGICA GLOBAL E DAS INOVAÇÕES ENZIMÁTICAS (1978–2025),Área Temática Específica
Engenharias,RELATÓRIO EXPERIMENTAL: DETERMINAÇÃO DA ENTALPIA DE VAPORIZAÇÃO DA ÁGUA POR EQUILÍBRIO LÍQUIDO - VAPOR,Área Temática Específica
Engenharias,AVALIAÇÃO TOXICOLÓGICA E FARMACOCINÉTICA IN SILICO DO CEFTIOFUR NA SAÚDE HUMANA E AMBIENTAL,Área Temática Específica
Engenharias,COMPARAÇÃO DA EFICIÊNCIA DE ADSORÇÃO DE HIDROGÊNIO EM MATERIAIS OBTIDOS DE FONTES RECICLÁVEIS E NÃO RECICLÁVEIS,Área Temática Específica
Engenharias,VIABILIDADE ECONÔMICA DO APROVEITAMENTO DO SORO DE LEITE PARA PRODUÇÃO DE BEBIDA LÁCTEA: ESTUDO DE CASO EM UMA INSTITUIÇÃO DE ENSINO TÉCNICO E SUPERIOR,Área Temática Específica
Engenharias,AVALIAÇÃO DO TRATAMENTO BIOLÓGICO DE ESGOTO DE UM POSTO DE GASOLINA A PARTIR DO USO DA TECNOLOGIA BIOETE DE UMA EMPRESA DE SANEAMENTO,Área Temática Específica
Engenharias,AVALIAÇÃO TOXICOLÓGICA IN SILICO HUMANA E AMBIENTAL PARA O ANTIBIÓTICO ENROFLOXACINA,Área Temática Específica
Engenharias,SUBSTITUIÇÃO PARCIAL DA AREIA POR RESÍDUO DE VIDRO RECICLADO EM ARGAMASSA CIMENTÍCIA,Área Temática Específica
Engenharias,CARACTERIZAÇÃO FÍSICO-HÍDRICA DOS SOLOS EM UMA BACIA HIDROGRÁFICA EXPERIMENTAL (RESULTADOS PRELIMINARES),Área Temática Específica
Engenharias,MODELAGEM MOLECULAR E ESTUDO TOXICOLÓGICO IN SILICO HUMANO E AMBIENTAL PARA OS ANTIBIÓTICOS TRIMETOPRIMA E SULFADOXINA,Área Temática Específica
Engenharias,PROPRIEDADES TERMOFÍSICAS DE FRUTAS TROPICAIS: EFEITO DA DESIDRATAÇÃO E ORIENTAÇÃO ESTRUTURAL NA CONDUTIVIDADE TÉRMICA,Área Temática Específica
Engenharias,"MODELAGEM DA CINÉTICA DE SECAGEM DE FRUTAS TROPICAIS (BANANA, MANGA E ABACAXI) UTILIZANDO O MODELO DE PAGE",Área Temática Específica
Engenharias,"ESTIMATIVA DE VAZÃO MÍNIMA PARA O RIO PANDEIROS -MG PELO MÉTODO Q7,10, Q90 E Q95",Área Temática Específica
Engenharias,ANÁLISE DO TRABALHO EM CICLOS TERMODINÂMICOS VIA INTEGRAL DE LINHA,Área Temática Específica
Engenharias,ANÁLISE COMPARATIVA DA PRODUÇÃO DE ETANOL A PARTIR DA CANA-DE-AÇÚCAR E MILHO NO BRASIL,Área Temática Específica
Engenharias,APLICAÇÃO DE CÁLCULO NUMÉRICO EM ELETROMAGNETISMO: SIMULAÇÃO COMPUTACIONAL DE LINHAS DE CAMPO ELÉTRICO VIA PYTHON,Área Temática Específica
Engenharias,ÁREAS POTENCIAIS DE RECARGA NA BACIA HIDROGRÁFICA DO RIO PARDO,Área Temática Específica
Engenharias,DETERMINAÇÃO DAS ÁREAS PRIORITÁRIAS À CONSERVAÇÃO NA BACIA DO RIO MOSQUITO,Área Temática Específica
Engenharias,DESENVOLVIMENTO E OTIMIZAÇÃO DE EMULSÃO COSMÉTICA À BASE DE ÓLEO DE CALÊNDULA: UMA PROPOSTA INOVADORA PARA A INDÚSTRIA DE COSMÉTICOS,Área Temática Específica
Engenharias,INSTRUMENTAÇÃO E MODELAGEM COMPUTACIONAL DE UMA TORRE DE RESFRIAMENTO EM CFD,Área Temática Específica
Engenharias,ANÁLISE E MONITORAMENTO DA DEMANDA ENERGÉTICA FRENTE À EXPANSÃO DA ELETROMOBILIDADE NO BRASIL,Área Temática Específica
Engenharias,UTILIZAÇÃO DE MICROCONTROLADOR STM32WLE5JC COM COMUNICAÇÃO LORA PARA APLICAÇÃO EM IOT,Área Temática Específica
Engenharias,CONCENTRAÇÃO DE LÍTIO E MONITORAMENTO DA QUALIDADE DA ÁGUA E SEDIMENTOS DO RIO PIAUÍ INFLUENCIADO POR ATIVIDADES MINERÁRIAS,Área Temática Específica
Engenharias,DESENVOLVIMENTO DE FORMULAÇÕES DE MAIONESE UTILIZANDO MÉTODO ESTATÍSTICO DE MISTURA,Área Temática Específica
Engenharias,UMA ABORDAGEM MATEMÁTICA: TROCADORES DE CALOR EM PROCESSOS NA INDÚSTRIA DE LATICÍNIOS,Área Temática Específica
Engenharias,CONTRIBUIÇÕES PARA A ANÁLISE DE ESTABILIDADE DE EDIFÍCIOS DE CONCRETO ARMADO E EFEITOS DE SEGUNDA ORDEM,Área Temática Específica
Engenharias,AVALIAÇÃO DA INFLUÊNCIA DO TEMPO DE PENEIRAMENTO EM AGITADOR DE BANCADA NA SEPARAÇÃO GRANULOMÉTRICA DE XISTO,Área Temática Específica
Engenharias,APLICAÇÃO DO CÁLCULO DE PH NA ENGENHARIA QUÍMICA,Área Temática Específica
Engenharias,ROBÔ TREINADOR PARA TÊNIS DE MESA,Área Temática Específica
Engenharias,AVALIAÇÃO DE DIFERENTES MATERIAIS COMO ELETRODOS PARA A GERAÇÃO DE HIDROGÊNIO VIA ELETRÓLISE ALCALINA DA ÁGUA,Área Temática Específica
Engenharias,ANÁLISE COMPARATIVA ENTRE AS PROPRIEDADES DAS MADEIRAS DE PINUS E JATOBÁ PARA A APLICAÇÃO NA CONSTRUÇÃO,Área Temática Específica
Engenharias,PROPOSTA E VALIDAÇÃO DE UM SISTEMA DE DETECÇÃO DE INTRUSÃO LEVE E ORIENTADO À PRIVACIDADE PARA REDES IOT RESIDENCIAIS BASEADO EM APRENDIZADO PROFUNDO NO GATEWAY DE REDE,Área Temática Específica
Engenharias,MODELAGEM MOLECULAR E ESTUDO TOXICOLÓGICO IN SILICO AMBIENTAL E HUMANO PARA O ANTIBIÓTICO CEFALEXINA,Área Temática Específica
Engenharias,ANÁLISE COMPARATIVA DOS ESFORÇOS DE FLEXÃO EM PLACAS DELGADAS,Área Temática Específica
Engenharias,ENGENHARIA DE PROMPT PARA TODOS: PROPOSTA DE UM PROJETO DE APRENDIZAGEM PARA A CRIAÇÃO DE COMANDOS EFICAZES EM INTELIGÊNCIA ARTIFICIAL,Área Temática Específica
Engenharias,SIMULAÇÃO DE PROCESSO E OTIMIZAÇÃO DE COLUNA DE DESTILAÇÃO BINÁRIA COM DSWIM: APLICAÇÕES EM SISTEMAS BENZENO-TOLUENO,Área Temática Específica
Engenharias,OTIMIZAÇÃO ENERGÉTICA EM REDES DE AR COMPRIMIDO VIA CONTROLADOR PID,Área Temática Específica
Ciências Humanas,TERRITÓRIO – ABRANGÊNCIA DO INSTITUTO FEDERAL DO NORTE DE MINAS - IFNMG CAMPUS ARINOS E AS COMUNIDADES QUILOMBOLAS.,Área Temática Específica
Ciências Humanas,"TESSITURA DE TRAMAS, PROSAS, TROCA DE EXPERIÊNCIAS NA SEGUNDA SEMANA DA AGROBIODIVERSIDADE NO IFNMG - CAMPUS ARAÇUAÍ",Área Temática Específica
Ciências Humanas,VIVÊNCIAS DA EDUCAÇÃO DO CAMPO NO MÉDIO VALE DO JEQUITINHONHA: A VOZ DOS PROTAGONISTAS DO PROCESSO EDUCATIVO,Área Temática Específica
Ciências Humanas,PROGRAMA DE GESTÃO E DESEMPENHO E A QUALIDADE DE VIDA NO TELETRABALHO: CONTRIBUIÇÕES AOS SERVIDORES TÉCNICO-ADMINISTRATIVOS EM EDUCAÇÃO DO IFNMG,Área Temática Específica
Ciências Humanas,DESAFIOS DO ACESSO E DA PERMANÊNCIA NO ENSINO SUPERIOR: UMA ANÁLISE DO PERFIL ESTUDANTIL NO IFNMG – CAMPUS MONTES CLAROS,Área Temática Específica
Ciências Humanas,LABORATÓRIO DE PRÁTICAS PEDAGÓGICAS E METODOLOGIAS ATIVAS (LAPP) DO IFNMG/CAMPUS JANUÁRIA: UM PANORAMA DA UTILIZAÇÃO DESSE ESPAÇO DE ENSINO-APRENDIZAGEM,Área Temática Específica
Ciências Humanas,ORÇAMENTO PARTICIPATIVO DA ESCOLA - OPE,Área Temática Específica
Ciências Humanas,PRESENÇA E PERMANÊNCIA DE ESTUDANTES COM DEFICIÊNCIA NO ENSINO SUPERIOR: ANÁLISE NO CONTEXTO DO IFNMG-CAMPUS PIRAPORA (2016-2025),Área Temática Específica
Ciências Humanas,A SALA DE RECURSOS MULTIFUNCIONAIS COMO ESPAÇO DE ATENDIMENTO EDUCACIONAL ESPECIALIZADO E FORMAÇÃO CONTINUADA,Área Temática Específica
Ciências Humanas,A REGIÃO NORTE DE MINAS GERAIS SOB ANÁLISE SINTETIZADA: O DESENVOLVIMENTO SOCIAL DOS MUNICÍPIOS,Área Temática Específica
Ciências Humanas,O IMPACTO DAS TECNOLOGIAS DIGITAIS NO ENSINO E APRENDIZADO DA MATEMÁTICA,Área Temática Específica
Ciências Humanas,O USO DO ROBLOX STUDIO PARA FORMAÇÃO DE PROFESSORES NA EDUCAÇÃO PROFISSIONAL E TECNOLÓGICA,Área Temática Específica
Ciências Humanas,A BRINCADEIRA “CABRA-CEGA” NA EDUCAÇÃO INFANTIL: UM RELATO DO PIBID,Área Temática Específica
Ciências Humanas,GÊNESE E PERMANÊNCIA DA REGIÃO DO VALE DO JEQUITINHONHA NO PROCESSO HISTÓRICO: O PROBLEMA DA DESIGUALDADE REGIONAL SOB PERSPECTIVA CULTURAL E ECONÔMICA.,Área Temática Específica
Ciências Humanas,PARTILHA E VIVÊNCIA COMO PRINCÍPIOS EDUCATIVOS DO ASSENTAMENTO ARUEGA. NOTAS A PARTIR DE UMA VISITA TÉCNICA DOS ESTUDANTES DOS CURSOS TÉCNICOS DO IFNMG – CAMPUS ARAÇUAÍ,Área Temática Específica
Ciências Humanas,TRIAGEM DE ANSIEDADE EM ESTUDANTES DO ENSINO PROFISSIONAL E TECNOLÓGICO,Área Temática Específica
Ciências Humanas,ESTRELAS NA NOITE DO BRASIL: MÚSICA E ENSINO DE HISTÓRIA DA DITADURA MILITAR (1964-1985),Área Temática Específica
Ciências Humanas,DESAFIOS DA ERA DIGITAL: ADICÇÃO EM SMARTPHONES E INTERNET EM PROFESSORES DO ENSINO FUNDAMENTAL I DA REDE MUNICIPAL DE BOCAIUVA - MG,Área Temática Específica
Ciências Humanas,A PERSPECTIVA DOCENTE ACERCA DO PAPEL DA LEITURA NA FORMAÇÃO HUMANA,Área Temática Específica
Ciências Humanas,A LEI DE COTAS NO IFNMG-CAMPUS JANUÁRIA: UMA REFLEXÃO NECESSÁRIA A PARTIR DOS COTISTAS,Área Temática Específica
Ciências Humanas,REGISTROS DE REPRESENTAÇÃO SEMIÓTICA DE DUVAL NO ENSINO DOS NÚMEROS NATURAIS NO 3º ANO DO ENSINO FUNDAMENTAL,Área Temática Específica
Ciências Humanas,OFICINA DE SEMIÓTICA APLICADA À INTERAÇÃO HUMANO -COMPUTADOR: UMA ABORDAGEM INTERDISCIPLINAR PARA A LEITURA DE INTERFACES DIGITAIS,Área Temática Específica
Ciências Humanas,DITADO DIVERTIDO E A ALFABETIZAÇÃO LÚDICA: UMA EXPERIÊNCIA NO PIBID,Área Temática Específica
Ciências Humanas,O REMANESCENTE QUILOMBOLA MARGEM DA LINHA EM TEÓFILO OTONI-MG: PRIMEIRAS APROXIMAÇÕES DE UMA PESQUISA EM CONSTRUÇÃO,Área Temática Específica
Ciências Humanas,INTELIGÊNCIAS MÚLTIPLAS NO PROJETO EXISTENCIAL DE EMANCIPAÇÃO DO SUJEITO NA EDUCAÇÃO PROFISSIONAL E TECNOLÓGICA,Área Temática Específica
Ciências Humanas,A TUTORIA PRESENCIAL NA EDUCAÇÃO A DISTÂNCIA: UMA NARRATIVA A DUAS VOZES NA LICENCIATURA EM PEDAGOGIA DO POLO BOCAIUVA/IFNMG,Área Temática Específica
Ciências Humanas,DESENVOLVIMENTO DE JOGO DIGITAL EDUCACIONAL 3D PARA PROMOÇÃO DE ENGAJAMENTO E PREVENÇÃO DE COMPORTAMENTOS NEGATIVOS NO ENSINO FUNDAMENTAL,Área Temática Específica
Ciências Humanas,O LÚDICO COMO ESTRATÉGIA PARA O ENSINO DA MATEMÁTICA NOS ANOS INICIAIS: UM RELATO DE EXPERIÊNCIA NO PIBID.,Área Temática Específica
Ciências Humanas,EPT E A LEI Nº 10.639/2003: SABERES DOS POVOS DO CANDOMBLÉ DE ANGOLA PARA UMA FORMAÇÃO OMNILATERAL,Área Temática Específica
Ciências Humanas,VOZES DO VALE DO GURUTUBA: HISTÓRIAS E SABERES ANCESTRAIS,Área Temática Específica
Ciências Humanas,ECOS ANCESTRAIS: RESGATANDO AS RAÍZES E TECENDO MEMÓRIAS NO VALE DO GURUTUBA,Área Temática Específica
Ciências Humanas,EFEITOS DA PANDEMIA DE COVID-19 NOS CRIMES SEXUAIS CONTRA CRIANÇAS E ADOLESCENTES: UMA DISCUSSÃO PRELIMINAR SOBRE O MUNICÍPIO DE JANUÁRIA-MG,Área Temática Específica
Ciências Humanas,RELATOS DE MOBILIDADE INTERNACIONAL NO IFNMG: UMA DÉCADA DE VIVÊNCIAS (2013–2023),Área Temática Específica
Ciências Sociais Aplicadas,COMUNICAÇÃO E ESCOLHA PROFISSIONAL: REFLEXÕES SOBRE A DIVULGAÇÃO ON-LINE DO PROCESSO SELETIVO NO IFNMG,Área Temática Específica
Ciências Sociais Aplicadas,INVESTIGAÇÃO DOS MUNICÍPIOS BRASILEIROS: OS MULTIFATORES DA INFRAESTRUTURA URBANA E SEUS PADRÕES DE QUALIDADE,Área Temática Específica
Ciências Sociais Aplicadas,O AMOR AO DNHEIRO E SUA RELAÇÃO COM O NÍVEL DE SATISFAÇÃO SALARIAL DOS SERVIDORES PÚBLICOS DO IFNMG CAMPUS JANUÁRIA: UMA ANÁLISE ECONOMÉTRICA,Área Temática Específica
Ciências Sociais Aplicadas,EMPREENDEDORISMO DIGITAL: TRANSFORMANDO NEGÓCIOS EM SISTEMAS DE INFORMAÇÃO – 2ª EDIÇÃO,Área Temática Específica
Ciências Sociais Aplicadas,GUIA CONEXÃO LEGAL: CULTIVANDO UMA COMUNIDADE VIRTUAL DE PRÁTICA NO CURSO TÉCNICO EM SERVIÇOS JURÍDICOS,Área Temática Específica
Ciências Sociais Aplicadas,"MULTIDISCIPLINARIDADE, FORMAÇÃO DOCENTE E ATUAÇÃO DO PROFESSOR BACHAREL NO FORTALECIMENTO DA EDUCAÇÃO PROFISSIONAL E TECNOLÓGICA: UM OLHAR A PARTIR DO IFNMG - CAMPUS JANUÁRIA",Área Temática Específica
Ciências Sociais Aplicadas,DIGITALIZAÇÃO E DEMOCRATIZAÇÃO DO ACESSO AOS SERVIÇOS BANCÁRIOS: UM ESTUDO EM UMA INSTITUIÇÃO FEDERAL DE ENSINO,Área Temática Específica
Ciências Sociais Aplicadas,TEMA GERADOR E A ARTICULAÇÃO ENTRE TEORIA E PRÁTICA NA EDUCAÇÃO PROFISSIONAL E TECNOLÓGICA,Área Temática Específica
Ciências Sociais Aplicadas,"A MENSTRUAÇÃO EM SUAS DIMENSÕES SOCIAL, HISTÓRICA CULTURAL E A RESSIGNIFICAÇÃO DECOLONIAL",Área Temática Específica
Ciências Sociais Aplicadas,AS EXPERIÊNCIAS NA PRAIA DE JANUÁRIA: AVALIAÇÃO EPERSPECTIVAS PARA O FORTALECIMENTO DO TURISMO LOCAL,Área Temática Específica
Ciências Sociais Aplicadas,DINHEIRO DE PLASTICO E ENDIVIDAMENTO ESTUDANTIL: ANÁLISE ESTATÍSTICA INFERENCIAL À LUZ DA ECONOMIA COMPORTAMENTAL E DA EDUCAÇÃO FINANCEIRA.,Área Temática Específica
Ciências Sociais Aplicadas,ENTRE CRISES E FINTECHS: UMA ANÁLISE DA INCLUSÃO FINANCEIRA BRASILEIRA SOB A ÓTICA DE UM INDICADOR,Área Temática Específica
Ciências Sociais Aplicadas,A RELAÇÃO ENTRE OPERAÇÕES DE CRÉDITO E PIB MUNICIPAL: UM ESTUDO SOBRE JANUÁRIA DE 2002 A 2024,Área Temática Específica
"Lingüística, Letras e Artes",QUITANDEIRAS DO MÉDIO JEQUITINHONHA: UMA ANÁLISE DISCURSIVA EM NARRATIVAS QUE REVELAM RESISTÊNCIA E ANCESTRALIDADE,Área Temática Específica
"Lingüística, Letras e Artes",ASPECTOS TEÓRICO-METODOLÓGICOS DE PESQUISA NO ACERVO MUSICAL DA ARQUIDIOCESE DE DIAMANTINA/MG,Área Temática Específica
"Lingüística, Letras e Artes",INTERNACIONALIZAÇÃO NO ENSINO MÉDIO INTEGRADO: O COMITÊ EM LÍNGUA INGLESA DO IFMUNDO NO IFNMG-CAMPUS PIRAPORA,Área Temática Específica
"Lingüística, Letras e Artes",CONTAÇÃO DE HISTÓRIA NO PIBID: UMA VIVÊNCIA COM A LETRA H,Área Temática Específica
"Lingüística, Letras e Artes",REDAÇÃO NOTA MIL: DOCUMENTOS OFICIAIS DO ENEM E AS MÍDIAS DIGITAIS,Área Temática Específica
"Lingüística, Letras e Artes",A INFLUÊNCIA DA CULTURA LATINO-AMERICANA NO VOCABULÁRIO DOS ESTUDANTES DE ESPANHOL COMO LÍNGUA ESTRANGEIRA,Área Temática Específica
"Lingüística, Letras e Artes",O PAPEL DA BRINQUEDOTECA COMO AMBIENTE DE ESTIMULO A LINGUAGEM CRIATIVIDADE E DESENVOLVIMENTO NEUROPSICOLÓGICO INFANTIL,Área Temática Específica
"Lingüística, Letras e Artes",AS REPRESENTAÇÕES DA MULHER CIBORGUE NOS MANGÁS E NAS ANIMAÇÕES: MAJOR MOTOKO E NAUSICAA,Área Temática Específica
Multidisciplinar,PERFIL SOCIOECONÔMICO DE CONSUMIDORES DE FRUTAS NO MUNICÍPIO DE ALMENARA-MG,Área Temática Específica
Multidisciplinar,IDENTIDADE E TERRITÓRIO NA EDUCAÇÃO: UMA ABORDAGEM CONCEITUAL PARA A ANÁLISE NA EDUCAÇÃO PROFISSIONAL E TECNOLOGICA,Área Temática Específica
Multidisciplinar,DA TECLA AO TEXTO: RELATO DE EXPERIÊNCIA DA UCE,Área Temática Específica
Multidisciplinar,SAÚDE NA ESCOLA: INTERVENÇÃO EDUCATIVA SOBRE ENGASGO,Área Temática Específica
Multidisciplinar,"BOI DE JANEIRO: CANÇÃO, TRADIÇÃO E CULTURA POPULAR NAS ESCOLAS DE SALINAS",Área Temática Específica
Multidisciplinar,"EDUCAÇÃO E IDENTIDADE QUILOMBOLA: PRÁTICAS PEDAGÓGICAS NA ESCOLA ESTADUAL MANOEL PEDRO DA SILVA, COMUNIDADE NOVA MATRONA",Área Temática Específica
Multidisciplinar,PROTAGONISMO FEMININO NA EDUCAÇÃO INDÍGENA: A ATUAÇÃO DAS MULHERES DA COMUNIDADE CINTA VERMELHA JUNDIBÁ,Área Temática Específica
Multidisciplinar,OS DESAFIOS DO PRIMEIRO SEMESTRE DO MESTRADO CONCILIANDO ESTUDOS E TRABALHO: UM RELATO DE EXPERIÊNCIA,Área Temática Específica
Multidisciplinar,MELHOR IDADE CONECTADA: INCLUSÃO DIGITAL PARA IDOSOS,Área Temática Específica
Multidisciplinar,APRENDIZAGEM NA ERA DIGITAL: USO DA TECNOLOGIA PARA AUXILIAR ALUNOS DO ENSINO FUNDAMENTAL,Área Temática Específica
Multidisciplinar,DESENVOLVIMENTO DE UM SISTEMA MODULAR DE AQUAPONIA COM IA PARA PROMOÇÃO DA AGRICULTURA SUSTENTÁVEL,Área Temática Específica
Multidisciplinar,A CORRELAÇÃO DA CLASSIFICAÇÃO CLIMÁTICA DE KÖPPEN COM O ADOECIMENTO POR DENGUE: REGIONALIZAÇÃO DO BRASIL POR MEIO DE MÚLTIPLOS FATORES ESPACIAIS,Área Temática Específica
Multidisciplinar,PROGNÓSTICO DE FALHAS EM SISTEMAS DINÂMICOS: UMA ABORDAGEM INTEGRADA À DETECÇÃO DE ANOMALIAS,Área Temática Específica
Multidisciplinar,IDENTIFICAÇÃO E SEGMENTAÇÃO DE SEMENTES DE CAPIM-BUFFEL COM YOLOV11 PARA ANÁLISE DE PUREZA FÍSICA,Área Temática Específica
Multidisciplinar,CELULARES NA ESCOLA: RESTRIÇÃO LEGAL E USO PEDAGÓGICO SOB PERSPECTIVA DOCENTE E CONSIDERAÇÕES SOBRE A IMPLEMENTAÇÃO DA LEI Nº 15.100/2025 NA E.E. PROF. ONÉSIMO BASTOS NA CIDADE DE JANUÁRIA - MG,Área Temática Específica
Multidisciplinar,O USO DAS TECNOLOGIAS DIGITAIS DE INFORMAÇÃO E COMUNICAÇÃO NO CURSO DE CIÊNCIAS BIOLÓGICAS NA PÓS PANDEMIA: UM ESTUDO DE CASO,Área Temática Específica
Multidisciplinar,O USO DAS TECNOLOGIAS DIGITAIS DE INFORMAÇÃO E COMUNICAÇÃO NO CURSO DE CIÊNCIAS BIOLÓGICAS NA PÓS PANDEMIA: UM ESTUDO DE CASO,Área Temática Específica
Multidisciplinar,CAPACITAÇÃO PARA CANTINEIRAS QUANTO A BOAS PRÁTICAS NA PRODUÇÃO E MANIPULAÇÃO DE ALIMENTOS EM ESCOLAS PÚBLICAS DE JANAÚBA/MG,Área Temática Específica
Multidisciplinar,"SIMULAÇÃO GLOBAL NO IFNMG-CAMPUS PIRAPORA: FORMAÇÃO CIDADÃ, CRÍTICA E GLOBAL",Área Temática Específica
Multidisciplinar,"GRÊMIO ESTUDANTIL: TRAJETÓRIA, PROTAGONISMO ESTUDANTIL E PARTICIPAÇÃO DEMOCRÁTICA NO IFNMG-CAMPUS PIRAPORA",Área Temática Específica
Multidisciplinar,MATRÍCULAS POR DISCIPLINA EM CURSOS CONCOMITANTES E SUBSEQUENTES DO IFNMG - FLEXIBILIDADE E INOVAÇÃO CURRICULAR,Área Temática Específica
Multidisciplinar,ESTRATÉGIAS PARA O USO DE BIBLIOTECAS VIRTUAIS NO ENSINO DE FÍSICA: POTENCIALIZANDO A PESQUISA E O APRENDIZADO ACADÊMICO,Área Temática Específica
Multidisciplinar,"DESENVOLVIMENTO DO NUTRITRACK, UM SISTEMA WEB PARA MONITORAMENTO NUTRICIONAL COM CÁLCULO DE METAS CALÓRICAS DIÁRIAS PERSONALIZADAS",Área Temática Específica
Multidisciplinar,AVALIAÇÃO DA PERCEPÇÃO DE CONCEPÇÕES E PRÁTICAS DA COLETA SELETIVA NO MUNICÍPIO DE DIAMANTINA- MG,Área Temática Específica
Multidisciplinar,PREDIÇÃO DE SAÍDA DE LEITO NA PREVISÃO DE QUEDA EM IDOSOS: UM MODELO HÍBRIDO COM ENSEMBLE LEARNING E CONJUNTOS NEBULOSOS,Área Temática Específica
Multidisciplinar,POVOS ORIGINÁRIOS DAS AMÉRICAS: FESTIVAL DA INTERCULTURALIDADE - UM RELATO DE EXPERIÊNCIA,Área Temática Específica
Multidisciplinar,R.A.N.I: ROBÔ DE APOIO COM NAVEGAÇÃO INTELIGENTE,Área Temática Específica
Multidisciplinar,ESTIMATIVA DE CRESCIMENTO POPULACIONAL A PARTIR DA VARIAÇÃO NO CONSUMO DE ÁGUA: IMPACTOS NO PLANEJAMENTO URBANO E SOCIOAMBIENTAL EM ARINOS-MG,Área Temática Específica
Multidisciplinar,"ANÁLISE DE LIVROS DIDÁTICOS DE BIOLOGIA CONSIDERANDO OS ASPECTOS CTSA (CIÊNCIA, TECNOLOGIA, SOCIEDADE E AMBIENTE)",Área Temática Específica
Multidisciplinar,O TRABALHO COMO FUNDAMENTO DO SER HUMANO: UMA ANÁLISE DAS CONTRADIÇÕES ENTRE HUMANIZAÇÃO E DESUMANIZAÇÃO,Área Temática Específica
Multidisciplinar,AS DIMENSÕES DO TRABALHO NA EPT: ENTRE A ALIENAÇÃO E A EMANCIPAÇÃO,Área Temática Específica
Multidisciplinar,DESENVOLVIMENTO DE BEBIDA LÁCTEA FORTIFICADA COM FERRO MICROENCAPSULADO PARA PREVENÇÃO DA ANEMIA,Área Temática Específica
Multidisciplinar,DESENVOLVIMENTO DE DASHBOARDS INTERATIVOS PARA ANÁLISE DE DADOS DE STREAMING E USINAGEM CNC,Área Temática Específica
Multidisciplinar,APICULTURA 4.0 E RESILIÊNCIA CLIMÁTICA NO VALE DO JEQUITINHONHA: MONITORAMENTO TÉRMICO E MANEJO ADAPTATIVO,Área Temática Específica
Multidisciplinar,INTELIGÊNCIA ARTIFICIAL CONTRA FAKE NEWS: A LUTA PELA VERDADE E PELA SEGURANÇA NAS REDES SOCIAIS,Área Temática Específica
Multidisciplinar,DESENVOLVIMENTO E ANÁLISE DE FOGUETES DE GARRAFA PET PARA ENSINO E PESQUISA EM SUSTENTABILIDADE AMBIENTAL,Área Temática Específica
Multidisciplinar,ESPODULAB: KIT EDUCATIVO DE MINERAIS LITINÍFEROS DO VALE DO JEQUITINHONHA,Área Temática Específica
Multidisciplinar,LANCHE GO: SISTEMA DE GESTÃO DE ENTREGA DE LANCHES COM BIOMETRIA E ACESSO REMOTO NO IFNMG – CAMPUS PORTEIRINHA,Área Temática Específica
Multidisciplinar,"COMO UM SITE ASSISTIVO PODE AUXILIAR NO DESENVOLVIMENTO SOCIAL, COGNITIVO E ESCOLAR DE CRIANÇAS DIAGNOSTICADAS COM TRANSTORNO DO ESPECTRO AUTISTA",Área Temática Específica
Multidisciplinar,ESTUDO INICIAL SOBRE O USO DO MODELO WRF-HYDRO PARA SIMULAÇÃO DE VARIÁVEIS HIDROMETEOROLÓGICAS EM UMA REGIÃO NA BACIA DO RIO SÃO FRANCISCO,Área Temática Específica
Multidisciplinar,DESENVOLVIMENTO DA FORMULAÇÃO DE UMA BALA DE GOMA UTILIZANDO O MÉTODO ESTATÍSTICO DE MISTURA,Área Temática Específica
Multidisciplinar,BIBLIOTECA DE JOGOS ESPORTIVOS: O CASO DO JOGOS DE VÔLEI,Área Temática Específica
